2025-06-21 04:49:26,146 [INFO] Initialized SGTaintRunner (v1.1.0)
2025-06-21 04:49:26,146 [INFO] Cleared: /home/SGTaint/output/log
2025-06-21 04:49:26,146 [INFO] Cleared: /home/SGTaint/output/vulnerable
2025-06-21 04:49:26,146 [INFO] Cleared: /home/SGTaint/tmp/BinaryConfig
2025-06-21 04:49:26,146 [INFO] Cleared: /home/SGTaint/tmp/BinaryInfo
2025-06-21 04:49:26,147 [DEBUG] Removed file/symlink: /home/SGTaint/tmp/BinaryKeyword/_home_firmware_Current_dataset_D-Link_DIR-878_cpio-root_bin_dnsmasq_keyword_function.json
2025-06-21 04:49:26,147 [DEBUG] Removed file/symlink: /home/SGTaint/tmp/BinaryKeyword/_home_firmware_Current_dataset_D-Link_DIR-878_cpio-root_bin_tc_keyword_function.json
2025-06-21 04:49:26,147 [DEBUG] Removed file/symlink: /home/SGTaint/tmp/BinaryKeyword/_home_firmware_Current_dataset_D-Link_DIR-878_cpio-root_usr_lib_pppd_2.4.5_pptp.so_keyword_function.json
2025-06-21 04:49:26,147 [DEBUG] Removed file/symlink: /home/SGTaint/tmp/BinaryKeyword/_home_firmware_Current_dataset_D-Link_DIR-878_cpio-root_bin_iptables_keyword_function.json
2025-06-21 04:49:26,147 [DEBUG] Removed file/symlink: /home/SGTaint/tmp/BinaryKeyword/_home_firmware_Current_dataset_D-Link_DIR-878_cpio-root_usr_sbin_radvd_keyword_function.json
2025-06-21 04:49:26,147 [DEBUG] Removed file/symlink: /home/SGTaint/tmp/BinaryKeyword/_home_firmware_Current_dataset_D-Link_DIR-878_cpio-root_usr_bin_pppdo_keyword_function.json
2025-06-21 04:49:26,147 [DEBUG] Removed file/symlink: /home/SGTaint/tmp/BinaryKeyword/_home_firmware_Current_dataset_D-Link_DIR-878_cpio-root_lib_liblua.so.5.1.5_keyword_function.json
2025-06-21 04:49:26,147 [DEBUG] Removed file/symlink: /home/SGTaint/tmp/BinaryKeyword/_home_firmware_Current_dataset_D-Link_DIR-878_cpio-root_bin_ralink_init_keyword_function.json
2025-06-21 04:49:26,147 [DEBUG] Removed file/symlink: /home/SGTaint/tmp/BinaryKeyword/_home_firmware_Current_dataset_D-Link_DIR-878_cpio-root_sbin_udhcpd_keyword_function.json
2025-06-21 04:49:26,148 [DEBUG] Removed file/symlink: /home/SGTaint/tmp/BinaryKeyword/_home_firmware_Current_dataset_D-Link_DIR-878_cpio-root_bin_ip_keyword_function.json
2025-06-21 04:49:26,148 [DEBUG] Removed file/symlink: /home/SGTaint/tmp/BinaryKeyword/_home_firmware_Current_dataset_D-Link_DIR-878_cpio-root_bin_miniupnpd_keyword_function.json
2025-06-21 04:49:26,148 [DEBUG] Removed file/symlink: /home/SGTaint/tmp/BinaryKeyword/_home_firmware_Current_dataset_D-Link_DIR-878_cpio-root_bin_ip6tables_keyword_function.json
2025-06-21 04:49:26,148 [DEBUG] Removed file/symlink: /home/SGTaint/tmp/BinaryKeyword/_home_firmware_Current_dataset_D-Link_DIR-878_cpio-root_lib_ipsec_addconn_keyword_function.json
2025-06-21 04:49:26,148 [DEBUG] Removed file/symlink: /home/SGTaint/tmp/BinaryKeyword/_home_firmware_Current_dataset_D-Link_DIR-878_cpio-root_bin_lighttpd_keyword_function.json
2025-06-21 04:49:26,148 [DEBUG] Removed file/symlink: /home/SGTaint/tmp/BinaryKeyword/_home_firmware_Current_dataset_D-Link_DIR-878_cpio-root_lib_libfl-0.9.28.so_keyword_function.json
2025-06-21 04:49:26,148 [DEBUG] Removed file/symlink: /home/SGTaint/tmp/BinaryKeyword/_home_firmware_Current_dataset_D-Link_DIR-878_cpio-root_bin_busybox_keyword_function.json
2025-06-21 04:49:26,148 [DEBUG] Removed file/symlink: /home/SGTaint/tmp/BinaryKeyword/_home_firmware_Current_dataset_D-Link_DIR-878_cpio-root_usr_sbin_omcproxy_keyword_function.json
2025-06-21 04:49:26,148 [DEBUG] Removed file/symlink: /home/SGTaint/tmp/BinaryKeyword/_home_firmware_Current_dataset_D-Link_DIR-878_cpio-root_usr_sbin_dhcp6-multi_keyword_function.json
2025-06-21 04:49:26,149 [DEBUG] Removed file/symlink: /home/SGTaint/tmp/BinaryKeyword/_home_firmware_Current_dataset_D-Link_DIR-878_cpio-root_bin_prog.cgi_keyword_function.json
2025-06-21 04:49:26,149 [DEBUG] Removed file/symlink: /home/SGTaint/tmp/BinaryKeyword/_home_firmware_Current_dataset_D-Link_DIR-878_cpio-root_lib_librcm.so_keyword_function.json
2025-06-21 04:49:26,149 [DEBUG] Removed file/symlink: /home/SGTaint/tmp/BinaryKeyword/_home_firmware_Current_dataset_D-Link_DIR-878_cpio-root_usr_sbin_pppd_keyword_function.json
2025-06-21 04:49:26,149 [DEBUG] Removed file/symlink: /home/SGTaint/tmp/BinaryKeyword/_home_firmware_Current_dataset_D-Link_DIR-878_cpio-root_usr_sbin_odhcp6c_keyword_function.json
2025-06-21 04:49:26,149 [DEBUG] Removed file/symlink: /home/SGTaint/tmp/BinaryKeyword/_home_firmware_Current_dataset_D-Link_DIR-878_cpio-root_bin_rc_keyword_function.json
2025-06-21 04:49:26,149 [DEBUG] Removed file/symlink: /home/SGTaint/tmp/BinaryKeyword/_home_firmware_Current_dataset_D-Link_DIR-878_cpio-root_bin_openssl_keyword_function.json
2025-06-21 04:49:26,149 [DEBUG] Removed file/symlink: /home/SGTaint/tmp/BinaryKeyword/_home_firmware_Current_dataset_D-Link_DIR-878_cpio-root_lib_libuClibc-0.9.33.2.so_keyword_function.json
2025-06-21 04:49:26,149 [DEBUG] Removed file/symlink: /home/SGTaint/tmp/BinaryKeyword/_home_firmware_Current_dataset_D-Link_DIR-878_cpio-root_lib_ipsec_pluto_keyword_function.json
2025-06-21 04:49:26,149 [DEBUG] Removed file/symlink: /home/SGTaint/tmp/BinaryKeyword/_home_firmware_Current_dataset_D-Link_DIR-878_cpio-root_lib_libcrypto.so.1.0.0_keyword_function.json
2025-06-21 04:49:26,149 [INFO] Cleared: /home/SGTaint/tmp/BinaryKeyword
2025-06-21 04:49:26,150 [INFO] Cleared: /home/SGTaint/tmp/BinaryTmp
2025-06-21 04:49:26,152 [DEBUG] Removed directory: /home/SGTaint/tmp/ghidra/prog.cgi.rep
2025-06-21 04:49:26,152 [DEBUG] Removed file/symlink: /home/SGTaint/tmp/ghidra/prog.cgi.gpr
2025-06-21 04:49:26,153 [DEBUG] Removed directory: /home/SGTaint/tmp/ghidra/nvram_daemon.rep
2025-06-21 04:49:26,153 [DEBUG] Removed file/symlink: /home/SGTaint/tmp/ghidra/nvram_daemon.gpr
2025-06-21 04:49:26,154 [DEBUG] Removed directory: /home/SGTaint/tmp/ghidra/protest.rep
2025-06-21 04:49:26,154 [DEBUG] Removed file/symlink: /home/SGTaint/tmp/ghidra/protest.gpr
2025-06-21 04:49:26,154 [INFO] Cleared: /home/SGTaint/tmp/ghidra
2025-06-21 04:49:26,154 [INFO] [STEP 1] Initializing AnalysisBinaryDict and SetGetGraph ...
2025-06-21 04:49:26,155 [INFO] [STEP 1] finished in 0.00 seconds

2025-06-21 04:49:26,155 [INFO] [STEP 2] Building SGGraph and collecting binaries to analyze ...
2025-06-21 04:49:28,733 [INFO] Starting npm service in /home/SGTaint/tool/Keyword/JS_Parse
2025-06-21 04:49:28,741 [DEBUG] Waiting 3s for npm service startup
2025-06-21 04:49:31,745 [INFO] npm service should be up now
2025-06-21 04:49:31,748 [INFO] HtmlParser initialized: 57 HTML files to process
2025-06-21 04:49:31,749 [INFO] Starting parallel parsing: 57 files
2025-06-21 04:49:33,339 [DEBUG] [1/57] Parsed successfully: /home/firmware/Current_dataset/D-Link/DIR-878/cpio-root/etc_ro/lighttpd/www/web/FirmwareUpdate_Valid.html
2025-06-21 04:49:33,365 [DEBUG] [2/57] Parsed successfully: /home/firmware/Current_dataset/D-Link/DIR-878/cpio-root/etc_ro/lighttpd/www/web/Index.html
2025-06-21 04:49:33,483 [DEBUG] [3/57] Parsed successfully: /home/firmware/Current_dataset/D-Link/DIR-878/cpio-root/etc_ro/lighttpd/www/web/IndexHome.html
2025-06-21 04:49:33,616 [DEBUG] [4/57] Parsed successfully: /home/firmware/Current_dataset/D-Link/DIR-878/cpio-root/etc_ro/lighttpd/www/web/FirmwareUpdate_Fail.html
2025-06-21 04:49:34,287 [DEBUG] [5/57] Parsed successfully: /home/firmware/Current_dataset/D-Link/DIR-878/cpio-root/etc_ro/lighttpd/www/web/MobileInternet.html
2025-06-21 04:49:34,515 [DEBUG] [6/57] Parsed successfully: /home/firmware/Current_dataset/D-Link/DIR-878/cpio-root/etc_ro/lighttpd/www/web/MobileWiFi.html
2025-06-21 04:49:34,573 [DEBUG] [7/57] Parsed successfully: /home/firmware/Current_dataset/D-Link/DIR-878/cpio-root/etc_ro/lighttpd/www/web/MobileHome.html
2025-06-21 04:49:34,650 [DEBUG] [8/57] Parsed successfully: /home/firmware/Current_dataset/D-Link/DIR-878/cpio-root/etc_ro/lighttpd/www/web/MobileUpdateFirmware.html
2025-06-21 04:49:35,057 [DEBUG] [9/57] Parsed successfully: /home/firmware/Current_dataset/D-Link/DIR-878/cpio-root/etc_ro/lighttpd/www/web/MobileStatus.html
2025-06-21 04:49:35,145 [DEBUG] [10/57] Parsed successfully: /home/firmware/Current_dataset/D-Link/DIR-878/cpio-root/etc_ro/lighttpd/www/web/MobileGuestZone.html
2025-06-21 04:49:35,382 [DEBUG] [11/57] Parsed successfully: /home/firmware/Current_dataset/D-Link/DIR-878/cpio-root/etc_ro/lighttpd/www/web/UpdateFirmware_Valid.html
2025-06-21 04:49:35,493 [DEBUG] [12/57] Parsed successfully: /home/firmware/Current_dataset/D-Link/DIR-878/cpio-root/etc_ro/lighttpd/www/web/Device.html
2025-06-21 04:49:35,545 [DEBUG] [13/57] Parsed successfully: /home/firmware/Current_dataset/D-Link/DIR-878/cpio-root/etc_ro/lighttpd/www/web/Schedule.html
2025-06-21 04:49:35,657 [DEBUG] [14/57] Parsed successfully: /home/firmware/Current_dataset/D-Link/DIR-878/cpio-root/etc_ro/lighttpd/www/web/Upload_Fail.html
2025-06-21 04:49:35,762 [DEBUG] [15/57] Parsed successfully: /home/firmware/Current_dataset/D-Link/DIR-878/cpio-root/etc_ro/lighttpd/www/web/Admin.html
2025-06-21 04:49:36,019 [DEBUG] [16/57] Parsed successfully: /home/firmware/Current_dataset/D-Link/DIR-878/cpio-root/etc_ro/lighttpd/www/web/MobileMydlink.html
2025-06-21 04:49:36,181 [DEBUG] [17/57] Parsed successfully: /home/firmware/Current_dataset/D-Link/DIR-878/cpio-root/etc_ro/lighttpd/www/web/Firewall_IPv6.html
2025-06-21 04:49:36,320 [DEBUG] [18/57] Parsed successfully: /home/firmware/Current_dataset/D-Link/DIR-878/cpio-root/etc_ro/lighttpd/www/web/Internet_Pro.html
2025-06-21 04:49:36,382 [DEBUG] [19/57] Parsed successfully: /home/firmware/Current_dataset/D-Link/DIR-878/cpio-root/etc_ro/lighttpd/www/web/Firewall_IPv4.html
2025-06-21 04:49:36,519 [DEBUG] [20/57] Parsed successfully: /home/firmware/Current_dataset/D-Link/DIR-878/cpio-root/etc_ro/lighttpd/www/web/Upload_Valid.html
2025-06-21 04:49:36,542 [DEBUG] [21/57] Parsed successfully: /home/firmware/Current_dataset/D-Link/DIR-878/cpio-root/etc_ro/lighttpd/www/web/PortForwarding.html
2025-06-21 04:49:36,595 [DEBUG] [22/57] Parsed successfully: /home/firmware/Current_dataset/D-Link/DIR-878/cpio-root/etc_ro/lighttpd/www/web/header.html
2025-06-21 04:49:36,766 [DEBUG] [23/57] Parsed successfully: /home/firmware/Current_dataset/D-Link/DIR-878/cpio-root/etc_ro/lighttpd/www/web/Firewall.html
2025-06-21 04:49:36,804 [DEBUG] [24/57] Parsed successfully: /home/firmware/Current_dataset/D-Link/DIR-878/cpio-root/etc_ro/lighttpd/www/web/Statistics.html
2025-06-21 04:49:36,962 [DEBUG] [25/57] Parsed successfully: /home/firmware/Current_dataset/D-Link/DIR-878/cpio-root/etc_ro/lighttpd/www/web/GuestZone.html
2025-06-21 04:49:37,185 [DEBUG] [26/57] Parsed successfully: /home/firmware/Current_dataset/D-Link/DIR-878/cpio-root/etc_ro/lighttpd/www/web/StaticRoute.html
2025-06-21 04:49:37,274 [DEBUG] [27/57] Parsed successfully: /home/firmware/Current_dataset/D-Link/DIR-878/cpio-root/etc_ro/lighttpd/www/web/DynamicDNS.html
2025-06-21 04:49:37,300 [DEBUG] [28/57] Parsed successfully: /home/firmware/Current_dataset/D-Link/DIR-878/cpio-root/etc_ro/lighttpd/www/web/Mydlink.html
2025-06-21 04:49:37,421 [DEBUG] [29/57] Parsed successfully: /home/firmware/Current_dataset/D-Link/DIR-878/cpio-root/etc_ro/lighttpd/www/web/StaticRouteIPv6.html
2025-06-21 04:49:37,461 [DEBUG] [30/57] Parsed successfully: /home/firmware/Current_dataset/D-Link/DIR-878/cpio-root/etc_ro/lighttpd/www/web/info/EULA.html
2025-06-21 04:49:37,530 [DEBUG] [31/57] Parsed successfully: /home/firmware/Current_dataset/D-Link/DIR-878/cpio-root/etc_ro/lighttpd/www/web/info/blockedPage.html
2025-06-21 04:49:37,561 [DEBUG] [32/57] Parsed successfully: /home/firmware/Current_dataset/D-Link/DIR-878/cpio-root/etc_ro/lighttpd/www/web/info/MobileLogin.html
2025-06-21 04:49:37,576 [DEBUG] [33/57] Parsed successfully: /home/firmware/Current_dataset/D-Link/DIR-878/cpio-root/etc_ro/lighttpd/www/web/QoS.html
2025-06-21 04:49:37,608 [DEBUG] [34/57] Parsed successfully: /home/firmware/Current_dataset/D-Link/DIR-878/cpio-root/etc_ro/lighttpd/www/web/WebsiteFilter.html
2025-06-21 04:49:37,647 [DEBUG] [35/57] Parsed successfully: /home/firmware/Current_dataset/D-Link/DIR-878/cpio-root/etc_ro/lighttpd/www/web/Internet_VLAN.html
2025-06-21 04:49:37,696 [DEBUG] [36/57] Parsed successfully: /home/firmware/Current_dataset/D-Link/DIR-878/cpio-root/etc_ro/lighttpd/www/web/QuickVPN.html
2025-06-21 04:49:37,816 [DEBUG] [37/57] Parsed successfully: /home/firmware/Current_dataset/D-Link/DIR-878/cpio-root/etc_ro/lighttpd/www/web/SharePort.html
2025-06-21 04:49:37,986 [DEBUG] [38/57] Parsed successfully: /home/firmware/Current_dataset/D-Link/DIR-878/cpio-root/etc_ro/lighttpd/www/web/Network.html
2025-06-21 04:49:38,314 [DEBUG] [39/57] Parsed successfully: /home/firmware/Current_dataset/D-Link/DIR-878/cpio-root/etc_ro/lighttpd/www/web/info/Login.html
2025-06-21 04:49:38,356 [DEBUG] [40/57] Parsed successfully: /home/firmware/Current_dataset/D-Link/DIR-878/cpio-root/etc_ro/lighttpd/www/web/SharePort_CreateUser.html
2025-06-21 04:49:38,392 [DEBUG] [41/57] Parsed successfully: /home/firmware/Current_dataset/D-Link/DIR-878/cpio-root/etc_ro/lighttpd/www/web/UpdateFirmware_Fail.html
2025-06-21 04:49:38,399 [DEBUG] [42/57] Parsed successfully: /home/firmware/Current_dataset/D-Link/DIR-878/cpio-root/etc_ro/lighttpd/www/web/Time.html
2025-06-21 04:49:38,467 [DEBUG] [43/57] Parsed successfully: /home/firmware/Current_dataset/D-Link/DIR-878/cpio-root/etc_ro/lighttpd/www/web/Internet_ProAdd.html
2025-06-21 04:49:38,476 [DEBUG] [44/57] Parsed successfully: /home/firmware/Current_dataset/D-Link/DIR-878/cpio-root/etc_ro/lighttpd/www/web/VirtualServer.html
2025-06-21 04:49:38,628 [DEBUG] [45/57] Parsed successfully: /home/firmware/Current_dataset/D-Link/DIR-878/cpio-root/etc_ro/lighttpd/www/web/SystemLog.html
2025-06-21 04:49:38,676 [DEBUG] [46/57] Parsed successfully: /home/firmware/Current_dataset/D-Link/DIR-878/cpio-root/etc_ro/lighttpd/www/web/System.html
2025-06-21 04:49:38,695 [DEBUG] [47/57] Parsed successfully: /home/firmware/Current_dataset/D-Link/DIR-878/cpio-root/etc_ro/lighttpd/www/web/UpdateFirmware.html
2025-06-21 04:49:38,718 [DEBUG] [48/57] Parsed successfully: /home/firmware/Current_dataset/D-Link/DIR-878/cpio-root/etc_ro/lighttpd/www/web/UsbSharing.html
2025-06-21 04:49:39,018 [DEBUG] [49/57] Parsed successfully: /home/firmware/Current_dataset/D-Link/DIR-878/cpio-root/etc_ro/lighttpd/www/web/Internet.html
2025-06-21 04:49:39,126 [DEBUG] [50/57] Parsed successfully: /home/firmware/Current_dataset/D-Link/DIR-878/cpio-root/etc_ro/lighttpd/www/web/UserAndDevice.html
2025-06-21 04:49:39,478 [DEBUG] [51/57] Parsed successfully: /home/firmware/Current_dataset/D-Link/DIR-878/cpio-root/etc_ro/lighttpd/www/web/WiFi.html
2025-06-21 04:49:39,583 [DEBUG] [52/57] Parsed successfully: /home/firmware/Current_dataset/D-Link/DIR-878/cpio-root/etc_ro/lighttpd/www/web/WiFi_org.html
2025-06-21 04:49:39,758 [DEBUG] [53/57] Parsed successfully: /home/firmware/Current_dataset/D-Link/DIR-878/cpio-root/etc_ro/lighttpd/www/web/Internet_IPv6.html
2025-06-21 04:49:39,761 [DEBUG] [54/57] Parsed successfully: /home/firmware/Current_dataset/D-Link/DIR-878/cpio-root/etc_ro/lighttpd/www/web/Home_iqos.html
2025-06-21 04:49:40,195 [DEBUG] [55/57] Parsed successfully: /home/firmware/Current_dataset/D-Link/DIR-878/cpio-root/etc_ro/lighttpd/www/web/Home.html
2025-06-21 04:49:40,309 [DEBUG] [56/57] Parsed successfully: /home/firmware/Current_dataset/D-Link/DIR-878/cpio-root/etc_ro/lighttpd/www/web/Wizard.html
2025-06-21 04:49:40,344 [DEBUG] [57/57] Parsed successfully: /home/firmware/Current_dataset/D-Link/DIR-878/cpio-root/etc_ro/lighttpd/www/web/Wizard_Manual.html
2025-06-21 04:49:41,582 [INFO] Merged 57 keyword sets and 57 function sets in 1.24s
2025-06-21 04:49:41,582 [INFO] Completed parallel parsing of 57 files in 9.83s
2025-06-21 04:49:42,663 [INFO] HTML parsing completed: 2731 keywords, 65 functions
2025-06-21 04:49:42,666 [INFO] Starting parallel parsing of 117 JavaScript files.
2025-06-21 04:49:43,983 [DEBUG] [1/117] Parsed: /home/firmware/Current_dataset/D-Link/DIR-878/cpio-root/etc_ro/lighttpd/www/web/config/deviceinfo/DIR859L.js
2025-06-21 04:49:44,129 [DEBUG] [2/117] Parsed: /home/firmware/Current_dataset/D-Link/DIR-878/cpio-root/etc_ro/lighttpd/www/web/config/deviceinfo/DIR878.js
2025-06-21 04:49:44,205 [DEBUG] [3/117] Parsed: /home/firmware/Current_dataset/D-Link/DIR-878/cpio-root/etc_ro/lighttpd/www/web/js/PortForwarding.js
2025-06-21 04:49:44,424 [DEBUG] [4/117] Parsed: /home/firmware/Current_dataset/D-Link/DIR-878/cpio-root/etc_ro/lighttpd/www/web/js/StaticRouteIPv6.js
2025-06-21 04:49:44,614 [DEBUG] [5/117] Parsed: /home/firmware/Current_dataset/D-Link/DIR-878/cpio-root/etc_ro/lighttpd/www/web/config/deviceinfo/DIR505.js
2025-06-21 04:49:44,850 [DEBUG] [6/117] Parsed: /home/firmware/Current_dataset/D-Link/DIR-878/cpio-root/etc_ro/lighttpd/www/web/js/includeLang.js
2025-06-21 04:49:44,911 [DEBUG] [7/117] Parsed: /home/firmware/Current_dataset/D-Link/DIR-878/cpio-root/etc_ro/lighttpd/www/web/js/Login.js
2025-06-21 04:49:45,098 [DEBUG] [8/117] Parsed: /home/firmware/Current_dataset/D-Link/DIR-878/cpio-root/etc_ro/lighttpd/www/web/config/deviceinfo/DIR510L.js
2025-06-21 04:49:45,198 [DEBUG] [9/117] Parsed: /home/firmware/Current_dataset/D-Link/DIR-878/cpio-root/etc_ro/lighttpd/www/web/config/deviceinfo/DIR850L.js
2025-06-21 04:49:45,730 [DEBUG] [10/117] Parsed: /home/firmware/Current_dataset/D-Link/DIR-878/cpio-root/etc_ro/lighttpd/www/web/js/jquery.client.js
2025-06-21 04:49:45,745 [DEBUG] [11/117] Parsed: /home/firmware/Current_dataset/D-Link/DIR-878/cpio-root/etc_ro/lighttpd/www/web/js/Firewall.js
2025-06-21 04:49:45,745 [DEBUG] [12/117] Parsed: /home/firmware/Current_dataset/D-Link/DIR-878/cpio-root/etc_ro/lighttpd/www/web/js/UserDevice_CreateUser.js
2025-06-21 04:49:46,068 [DEBUG] [13/117] Parsed: /home/firmware/Current_dataset/D-Link/DIR-878/cpio-root/etc_ro/lighttpd/www/web/config/deviceinfo.js
2025-06-21 04:49:46,110 [DEBUG] [14/117] Parsed: /home/firmware/Current_dataset/D-Link/DIR-878/cpio-root/etc_ro/lighttpd/www/web/js/hmac_md5.js
2025-06-21 04:49:46,404 [DEBUG] [15/117] Parsed: /home/firmware/Current_dataset/D-Link/DIR-878/cpio-root/etc_ro/lighttpd/www/web/js/initialJQ.js
2025-06-21 04:49:46,410 [DEBUG] [16/117] Parsed: /home/firmware/Current_dataset/D-Link/DIR-878/cpio-root/etc_ro/lighttpd/www/web/js/initialCSS.js
2025-06-21 04:49:46,607 [DEBUG] [17/117] Parsed: /home/firmware/Current_dataset/D-Link/DIR-878/cpio-root/etc_ro/lighttpd/www/web/js/hnap.js
2025-06-21 04:49:46,648 [DEBUG] [18/117] Parsed: /home/firmware/Current_dataset/D-Link/DIR-878/cpio-root/etc_ro/lighttpd/www/web/config/deviceinfo/DIR518L.js
2025-06-21 04:49:46,699 [DEBUG] [19/117] Parsed: /home/firmware/Current_dataset/D-Link/DIR-878/cpio-root/etc_ro/lighttpd/www/web/js/commIPv6.js
2025-06-21 04:49:46,715 [DEBUG] [20/117] Parsed: /home/firmware/Current_dataset/D-Link/DIR-878/cpio-root/etc_ro/lighttpd/www/web/js/WebsiteFilter.js
2025-06-21 04:49:46,766 [DEBUG] [21/117] Parsed: /home/firmware/Current_dataset/D-Link/DIR-878/cpio-root/etc_ro/lighttpd/www/web/js/jquery.stringify.js
2025-06-21 04:49:46,885 [DEBUG] [22/117] Parsed: /home/firmware/Current_dataset/D-Link/DIR-878/cpio-root/etc_ro/lighttpd/www/web/js/comm.js
2025-06-21 04:49:46,943 [DEBUG] [23/117] Parsed: /home/firmware/Current_dataset/D-Link/DIR-878/cpio-root/etc_ro/lighttpd/www/web/js/SharePort_CreateUser.js
2025-06-21 04:49:46,989 [DEBUG] [24/117] Parsed: /home/firmware/Current_dataset/D-Link/DIR-878/cpio-root/etc_ro/lighttpd/www/web/js/DynamicDNS.js
2025-06-21 04:49:47,037 [DEBUG] [25/117] Parsed: /home/firmware/Current_dataset/D-Link/DIR-878/cpio-root/etc_ro/lighttpd/www/web/config/deviceinfo/DIR508L.js
2025-06-21 04:49:47,095 [DEBUG] [26/117] Parsed: /home/firmware/Current_dataset/D-Link/DIR-878/cpio-root/etc_ro/lighttpd/www/web/config/features.js
2025-06-21 04:49:47,115 [DEBUG] [27/117] Parsed: /home/firmware/Current_dataset/D-Link/DIR-878/cpio-root/etc_ro/lighttpd/www/web/config/deviceinfo/DIR855L.js
2025-06-21 04:49:47,131 [DEBUG] [28/117] Parsed: /home/firmware/Current_dataset/D-Link/DIR-878/cpio-root/etc_ro/lighttpd/www/web/js/initialJSDefault.js
2025-06-21 04:49:47,187 [DEBUG] [29/117] Parsed: /home/firmware/Current_dataset/D-Link/DIR-878/cpio-root/etc_ro/lighttpd/www/web/js/initialValidate.js
2025-06-21 04:49:47,239 [DEBUG] [30/117] Parsed: /home/firmware/Current_dataset/D-Link/DIR-878/cpio-root/etc_ro/lighttpd/www/web/config/deviceinfo/DIR882.js
2025-06-21 04:49:47,274 [DEBUG] [31/117] Parsed: /home/firmware/Current_dataset/D-Link/DIR-878/cpio-root/etc_ro/lighttpd/www/web/js/i18n.js
2025-06-21 04:49:47,290 [DEBUG] [32/117] Parsed: /home/firmware/Current_dataset/D-Link/DIR-878/cpio-root/etc_ro/lighttpd/www/web/js/GridPanel.js
2025-06-21 04:49:47,305 [DEBUG] [33/117] Parsed: /home/firmware/Current_dataset/D-Link/DIR-878/cpio-root/etc_ro/lighttpd/www/web/js/checkTimeout.js
2025-06-21 04:49:47,326 [DEBUG] [34/117] Parsed: /home/firmware/Current_dataset/D-Link/DIR-878/cpio-root/etc_ro/lighttpd/www/web/config/deviceinfo/DIR860L.js
2025-06-21 04:49:47,352 [DEBUG] [35/117] Parsed: /home/firmware/Current_dataset/D-Link/DIR-878/cpio-root/etc_ro/lighttpd/www/web/config/deviceinfo/DIR890L.js
2025-06-21 04:49:47,377 [DEBUG] [36/117] Parsed: /home/firmware/Current_dataset/D-Link/DIR-878/cpio-root/etc_ro/lighttpd/www/web/js/StaticRoute.js
2025-06-21 04:49:47,393 [DEBUG] [37/117] Parsed: /home/firmware/Current_dataset/D-Link/DIR-878/cpio-root/etc_ro/lighttpd/www/web/config/deviceinfo/DIR883.js
2025-06-21 04:49:47,403 [DEBUG] [38/117] Parsed: /home/firmware/Current_dataset/D-Link/DIR-878/cpio-root/etc_ro/lighttpd/www/web/config/deviceinfo/DIR868L.js
2025-06-21 04:49:47,424 [DEBUG] [39/117] Parsed: /home/firmware/Current_dataset/D-Link/DIR-878/cpio-root/etc_ro/lighttpd/www/web/js/AES.js
2025-06-21 04:49:47,445 [DEBUG] [40/117] Parsed: /home/firmware/Current_dataset/D-Link/DIR-878/cpio-root/etc_ro/lighttpd/www/web/config/deviceinfo/DIR810L.js
2025-06-21 04:49:47,658 [DEBUG] [41/117] Parsed: /home/firmware/Current_dataset/D-Link/DIR-878/cpio-root/etc_ro/lighttpd/www/web/js/VLAN.js
2025-06-21 04:49:47,674 [DEBUG] [42/117] Parsed: /home/firmware/Current_dataset/D-Link/DIR-878/cpio-root/etc_ro/lighttpd/www/web/js/homeUSB.js
2025-06-21 04:49:47,735 [DEBUG] [43/117] Parsed: /home/firmware/Current_dataset/D-Link/DIR-878/cpio-root/etc_ro/lighttpd/www/web/config/deviceinfo/DIR820L.js
2025-06-21 04:49:47,781 [DEBUG] [44/117] Parsed: /home/firmware/Current_dataset/D-Link/DIR-878/cpio-root/etc_ro/lighttpd/www/web/js/jquery.cookie.js
2025-06-21 04:49:47,796 [DEBUG] [45/117] Parsed: /home/firmware/Current_dataset/D-Link/DIR-878/cpio-root/etc_ro/lighttpd/www/web/config/deviceinfo/DIR862L.js
2025-06-21 04:49:47,872 [DEBUG] [46/117] Parsed: /home/firmware/Current_dataset/D-Link/DIR-878/cpio-root/etc_ro/lighttpd/www/web/js/firmware.js
2025-06-21 04:49:47,911 [DEBUG] [47/117] Parsed: /home/firmware/Current_dataset/D-Link/DIR-878/cpio-root/etc_ro/lighttpd/www/web/js/initialValidate1.js
2025-06-21 04:49:48,080 [DEBUG] [48/117] Parsed: /home/firmware/Current_dataset/D-Link/DIR-878/cpio-root/etc_ro/lighttpd/www/web/js/Schedule.js
2025-06-21 04:49:48,118 [DEBUG] [49/117] Parsed: /home/firmware/Current_dataset/D-Link/DIR-878/cpio-root/etc_ro/lighttpd/www/web/config/deviceinfo/DIR880L.js
2025-06-21 04:49:48,140 [DEBUG] [50/117] Parsed: /home/firmware/Current_dataset/D-Link/DIR-878/cpio-root/etc_ro/lighttpd/www/web/js/VirtualServer.js
2025-06-21 04:49:48,162 [DEBUG] [51/117] Parsed: /home/firmware/Current_dataset/D-Link/DIR-878/cpio-root/etc_ro/lighttpd/www/web/js/jquery.ui.selectable.js
2025-06-21 04:49:48,238 [DEBUG] [52/117] Parsed: /home/firmware/Current_dataset/D-Link/DIR-878/cpio-root/etc_ro/lighttpd/www/web/js/menu.js
2025-06-21 04:49:48,254 [DEBUG] [53/117] Parsed: /home/firmware/Current_dataset/D-Link/DIR-878/cpio-root/etc_ro/lighttpd/www/web/js/initialJS.js
2025-06-21 04:49:48,300 [DEBUG] [54/117] Parsed: /home/firmware/Current_dataset/D-Link/DIR-878/cpio-root/etc_ro/lighttpd/www/web/js/timeZone.js
2025-06-21 04:49:48,351 [DEBUG] [55/117] Parsed: /home/firmware/Current_dataset/D-Link/DIR-878/cpio-root/etc_ro/lighttpd/www/web/js/UserDevice_CreateRule.js
2025-06-21 04:49:48,401 [DEBUG] [56/117] Parsed: /home/firmware/Current_dataset/D-Link/DIR-878/cpio-root/etc_ro/lighttpd/www/web/js/jquery.ui.touch-punch.min.js
2025-06-21 04:49:48,407 [DEBUG] [57/117] Parsed: /home/firmware/Current_dataset/D-Link/DIR-878/cpio-root/etc_ro/lighttpd/www/web/js/initEnv.js
2025-06-21 04:49:48,447 [DEBUG] [58/117] Parsed: /home/firmware/Current_dataset/D-Link/DIR-878/cpio-root/etc_ro/lighttpd/www/web/js/ClientList/Data.js
2025-06-21 04:49:48,471 [DEBUG] [59/117] Parsed: /home/firmware/Current_dataset/D-Link/DIR-878/cpio-root/etc_ro/lighttpd/www/web/js/upload.js
2025-06-21 04:49:48,482 [DEBUG] [60/117] Parsed: /home/firmware/Current_dataset/D-Link/DIR-878/cpio-root/etc_ro/lighttpd/www/web/js/ClientList/getterSetter.js
2025-06-21 04:49:48,492 [DEBUG] [61/117] Parsed: /home/firmware/Current_dataset/D-Link/DIR-878/cpio-root/etc_ro/lighttpd/www/web/js/ClientList/QoSView.js
2025-06-21 04:49:48,502 [DEBUG] [62/117] Parsed: /home/firmware/Current_dataset/D-Link/DIR-878/cpio-root/etc_ro/lighttpd/www/web/js/pagetool.js
2025-06-21 04:49:48,513 [DEBUG] [63/117] Parsed: /home/firmware/Current_dataset/D-Link/DIR-878/cpio-root/etc_ro/lighttpd/www/web/js/jquery.stylish-select.js
2025-06-21 04:49:48,523 [DEBUG] [64/117] Parsed: /home/firmware/Current_dataset/D-Link/DIR-878/cpio-root/etc_ro/lighttpd/www/web/js/libajax.js
2025-06-21 04:49:48,533 [DEBUG] [65/117] Parsed: /home/firmware/Current_dataset/D-Link/DIR-878/cpio-root/etc_ro/lighttpd/www/web/js/ClientList/ClientListView.js
2025-06-21 04:49:48,543 [DEBUG] [66/117] Parsed: /home/firmware/Current_dataset/D-Link/DIR-878/cpio-root/etc_ro/lighttpd/www/web/js/ClientList/Datalist.js
2025-06-21 04:49:48,554 [DEBUG] [67/117] Parsed: /home/firmware/Current_dataset/D-Link/DIR-878/cpio-root/etc_ro/lighttpd/www/web/js/jquery.selectbox-0.2_new.js
2025-06-21 04:49:48,564 [DEBUG] [68/117] Parsed: /home/firmware/Current_dataset/D-Link/DIR-878/cpio-root/etc_ro/lighttpd/www/web/js/ClientList/QoSViewController.js
2025-06-21 04:49:48,575 [DEBUG] [69/117] Parsed: /home/firmware/Current_dataset/D-Link/DIR-878/cpio-root/etc_ro/lighttpd/www/web/js/SOAP/SOAPCovr.js
2025-06-21 04:49:48,585 [DEBUG] [70/117] Parsed: /home/firmware/Current_dataset/D-Link/DIR-878/cpio-root/etc_ro/lighttpd/www/web/js/ConnectedClients.js
2025-06-21 04:49:48,595 [DEBUG] [71/117] Parsed: /home/firmware/Current_dataset/D-Link/DIR-878/cpio-root/etc_ro/lighttpd/www/web/js/SOAP/SOAPLogin.js
2025-06-21 04:49:48,606 [DEBUG] [72/117] Parsed: /home/firmware/Current_dataset/D-Link/DIR-878/cpio-root/etc_ro/lighttpd/www/web/js/position.js
2025-06-21 04:49:48,611 [DEBUG] [73/117] Parsed: /home/firmware/Current_dataset/D-Link/DIR-878/cpio-root/etc_ro/lighttpd/www/web/js/SOAP/SOAPTimeMachine.js
2025-06-21 04:49:48,616 [DEBUG] [74/117] Parsed: /home/firmware/Current_dataset/D-Link/DIR-878/cpio-root/etc_ro/lighttpd/www/web/js/SOAP/SOAPDeviceSettings.js
2025-06-21 04:49:48,627 [DEBUG] [75/117] Parsed: /home/firmware/Current_dataset/D-Link/DIR-878/cpio-root/etc_ro/lighttpd/www/web/js/SOAP/SOAPQoS.js
2025-06-21 04:49:48,642 [DEBUG] [76/117] Parsed: /home/firmware/Current_dataset/D-Link/DIR-878/cpio-root/etc_ro/lighttpd/www/web/js/SOAP/SOAPAdministrationSettings.js
2025-06-21 04:49:48,652 [DEBUG] [77/117] Parsed: /home/firmware/Current_dataset/D-Link/DIR-878/cpio-root/etc_ro/lighttpd/www/web/js/SOAP/SOAPNetworkSettings.js
2025-06-21 04:49:48,658 [DEBUG] [78/117] Parsed: /home/firmware/Current_dataset/D-Link/DIR-878/cpio-root/etc_ro/lighttpd/www/web/js/SOAP/SOAPFirmware.js
2025-06-21 04:49:48,668 [DEBUG] [79/117] Parsed: /home/firmware/Current_dataset/D-Link/DIR-878/cpio-root/etc_ro/lighttpd/www/web/js/SOAP/SOAPStatistic.js
2025-06-21 04:49:48,679 [DEBUG] [80/117] Parsed: /home/firmware/Current_dataset/D-Link/DIR-878/cpio-root/etc_ro/lighttpd/www/web/js/SOAP/SOAPWLanRadio.js
2025-06-21 04:49:48,694 [DEBUG] [81/117] Parsed: /home/firmware/Current_dataset/D-Link/DIR-878/cpio-root/etc_ro/lighttpd/www/web/js/SOAP/SOAPQuickVPN.js
2025-06-21 04:49:48,716 [DEBUG] [82/117] Parsed: /home/firmware/Current_dataset/D-Link/DIR-878/cpio-root/etc_ro/lighttpd/www/web/js/ClientList/ClientListViewController.js
2025-06-21 04:49:48,727 [DEBUG] [83/117] Parsed: /home/firmware/Current_dataset/D-Link/DIR-878/cpio-root/etc_ro/lighttpd/www/web/js/SOAP/SOAPMyDLink.js
2025-06-21 04:49:48,733 [DEBUG] [84/117] Parsed: /home/firmware/Current_dataset/D-Link/DIR-878/cpio-root/etc_ro/lighttpd/www/web/js/SOAP/SOAPVLAN.js
2025-06-21 04:49:48,738 [DEBUG] [85/117] Parsed: /home/firmware/Current_dataset/D-Link/DIR-878/cpio-root/etc_ro/lighttpd/www/web/js/SOAP/SOAPClientInfo.js
2025-06-21 04:49:48,887 [DEBUG] [86/117] Parsed: /home/firmware/Current_dataset/D-Link/DIR-878/cpio-root/etc_ro/lighttpd/www/web/js/excanvas.js
2025-06-21 04:49:48,913 [DEBUG] [87/117] Parsed: /home/firmware/Current_dataset/D-Link/DIR-878/cpio-root/etc_ro/lighttpd/www/web/js/SOAP/Websocket.js
2025-06-21 04:49:48,944 [DEBUG] [88/117] Parsed: /home/firmware/Current_dataset/D-Link/DIR-878/cpio-root/etc_ro/lighttpd/www/web/js/SOAP/SOAPWanSettings.js
2025-06-21 04:49:48,964 [DEBUG] [89/117] Parsed: /home/firmware/Current_dataset/D-Link/DIR-878/cpio-root/etc_ro/lighttpd/www/web/js/SOAP/SOAPUser.js
2025-06-21 04:49:48,974 [DEBUG] [90/117] Parsed: /home/firmware/Current_dataset/D-Link/DIR-878/cpio-root/etc_ro/lighttpd/www/web/js/SOAP/SOAPUSB.js
2025-06-21 04:49:48,995 [DEBUG] [91/117] Parsed: /home/firmware/Current_dataset/D-Link/DIR-878/cpio-root/etc_ro/lighttpd/www/web/js/ipv6/ipv6_profile.js
2025-06-21 04:49:49,015 [DEBUG] [92/117] Parsed: /home/firmware/Current_dataset/D-Link/DIR-878/cpio-root/etc_ro/lighttpd/www/web/js/configuration/DeviceConfig.js
2025-06-21 04:49:49,036 [DEBUG] [93/117] Parsed: /home/firmware/Current_dataset/D-Link/DIR-878/cpio-root/etc_ro/lighttpd/www/web/js/SOAP/SOAPAction.js
2025-06-21 04:49:49,051 [DEBUG] [94/117] Parsed: /home/firmware/Current_dataset/D-Link/DIR-878/cpio-root/etc_ro/lighttpd/www/web/js/RGraph.common.core.js
2025-06-21 04:49:49,092 [DEBUG] [95/117] Parsed: /home/firmware/Current_dataset/D-Link/DIR-878/cpio-root/etc_ro/lighttpd/www/web/js/SOAP/SOAPIPv6.js
2025-06-21 04:49:49,133 [DEBUG] [96/117] Parsed: /home/firmware/Current_dataset/D-Link/DIR-878/cpio-root/etc_ro/lighttpd/www/web/js/SOAP/SOAPSchedule.js
2025-06-21 04:49:49,163 [DEBUG] [97/117] Parsed: /home/firmware/Current_dataset/D-Link/DIR-878/cpio-root/etc_ro/lighttpd/www/web/js/localization/de-de.js
2025-06-21 04:49:49,184 [DEBUG] [98/117] Parsed: /home/firmware/Current_dataset/D-Link/DIR-878/cpio-root/etc_ro/lighttpd/www/web/js/localization/ko-kr.js
2025-06-21 04:49:49,204 [DEBUG] [99/117] Parsed: /home/firmware/Current_dataset/D-Link/DIR-878/cpio-root/etc_ro/lighttpd/www/web/js/localization/zh-tw.js
2025-06-21 04:49:49,233 [DEBUG] [100/117] Parsed: /home/firmware/Current_dataset/D-Link/DIR-878/cpio-root/etc_ro/lighttpd/www/web/js/localization/es-es.js
2025-06-21 04:49:49,258 [DEBUG] [101/117] Parsed: /home/firmware/Current_dataset/D-Link/DIR-878/cpio-root/etc_ro/lighttpd/www/web/js/bootstrap/js/bootstrap.min.js
2025-06-21 04:49:49,278 [DEBUG] [102/117] Parsed: /home/firmware/Current_dataset/D-Link/DIR-878/cpio-root/etc_ro/lighttpd/www/web/js/wizard/wizard_data.js
2025-06-21 04:49:49,294 [DEBUG] [103/117] Parsed: /home/firmware/Current_dataset/D-Link/DIR-878/cpio-root/etc_ro/lighttpd/www/web/js/localization/en-us.js
2025-06-21 04:49:49,304 [DEBUG] [104/117] Parsed: /home/firmware/Current_dataset/D-Link/DIR-878/cpio-root/etc_ro/lighttpd/www/web/js/ipv6/Internet_IPv6_trigger.js
2025-06-21 04:49:49,314 [DEBUG] [105/117] Parsed: /home/firmware/Current_dataset/D-Link/DIR-878/cpio-root/etc_ro/lighttpd/www/web/js/jquery-ui.custom.min.js
2025-06-21 04:49:49,324 [DEBUG] [106/117] Parsed: /home/firmware/Current_dataset/D-Link/DIR-878/cpio-root/etc_ro/lighttpd/www/web/js/require-2.1.17.min.js
2025-06-21 04:49:49,335 [DEBUG] [107/117] Parsed: /home/firmware/Current_dataset/D-Link/DIR-878/cpio-root/etc_ro/lighttpd/www/web/js/localization/fr-fr.js
2025-06-21 04:49:49,345 [DEBUG] [108/117] Parsed: /home/firmware/Current_dataset/D-Link/DIR-878/cpio-root/etc_ro/lighttpd/www/web/js/localization/pt-br.js
2025-06-21 04:49:49,360 [DEBUG] [109/117] Parsed: /home/firmware/Current_dataset/D-Link/DIR-878/cpio-root/etc_ro/lighttpd/www/web/js/Slideshow.js
2025-06-21 04:49:49,371 [DEBUG] [110/117] Parsed: /home/firmware/Current_dataset/D-Link/DIR-878/cpio-root/etc_ro/lighttpd/www/web/js/localization/ru-ru.js
2025-06-21 04:49:49,381 [DEBUG] [111/117] Parsed: /home/firmware/Current_dataset/D-Link/DIR-878/cpio-root/etc_ro/lighttpd/www/web/js/RGraph.line.js
2025-06-21 04:49:49,391 [DEBUG] [112/117] Parsed: /home/firmware/Current_dataset/D-Link/DIR-878/cpio-root/etc_ro/lighttpd/www/web/js/localization/it-it.js
2025-06-21 04:49:49,406 [DEBUG] [113/117] Parsed: /home/firmware/Current_dataset/D-Link/DIR-878/cpio-root/etc_ro/lighttpd/www/web/js/localization/zh-cn.js
2025-06-21 04:49:49,422 [DEBUG] [114/117] Parsed: /home/firmware/Current_dataset/D-Link/DIR-878/cpio-root/etc_ro/lighttpd/www/web/js/jquery.validate1.js
2025-06-21 04:49:49,432 [DEBUG] [115/117] Parsed: /home/firmware/Current_dataset/D-Link/DIR-878/cpio-root/etc_ro/lighttpd/www/web/js/jquery.validate.js
2025-06-21 04:49:49,442 [DEBUG] [116/117] Parsed: /home/firmware/Current_dataset/D-Link/DIR-878/cpio-root/etc_ro/lighttpd/www/web/js/jquery-1.11.1.min.js
2025-06-21 04:49:49,769 [DEBUG] [117/117] Parsed: /home/firmware/Current_dataset/D-Link/DIR-878/cpio-root/etc_ro/lighttpd/www/web/js/jquery-1.8.2.min.js
2025-06-21 04:49:49,932 [INFO] Merged 117 keyword sets and 117 function sets in 0.16s
2025-06-21 04:49:49,932 [INFO] Completed parallel parsing of 117 JavaScript files in 7.27s
2025-06-21 04:49:50,795 [INFO] JS parsing completed: 1068 keywords, 14 functions
2025-06-21 04:49:50,798 [INFO] Starting serial parsing of 181 XML files in /home/firmware/Current_dataset/D-Link/DIR-878/cpio-root
2025-06-21 04:49:50,798 [DEBUG] [1/181] Parsed successfully: /home/firmware/Current_dataset/D-Link/DIR-878/cpio-root/etc_ro/lighttpd/www/web/hnap/AddPortMapping.xml
2025-06-21 04:49:50,800 [DEBUG] [2/181] Parsed successfully: /home/firmware/Current_dataset/D-Link/DIR-878/cpio-root/etc_ro/lighttpd/www/web/hnap/DeletePortMapping.xml
2025-06-21 04:49:50,800 [DEBUG] [3/181] Parsed successfully: /home/firmware/Current_dataset/D-Link/DIR-878/cpio-root/etc_ro/lighttpd/www/web/hnap/DoFirmwareUpgrade.xml
2025-06-21 04:49:50,801 [DEBUG] [4/181] Parsed successfully: /home/firmware/Current_dataset/D-Link/DIR-878/cpio-root/etc_ro/lighttpd/www/web/hnap/GetAPClientSettings.xml
2025-06-21 04:49:50,801 [DEBUG] [5/181] Parsed successfully: /home/firmware/Current_dataset/D-Link/DIR-878/cpio-root/etc_ro/lighttpd/www/web/hnap/GetAdministrationSettings.xml
2025-06-21 04:49:50,801 [DEBUG] [6/181] Parsed successfully: /home/firmware/Current_dataset/D-Link/DIR-878/cpio-root/etc_ro/lighttpd/www/web/hnap/GetAdvNetworkSettings.xml
2025-06-21 04:49:50,802 [DEBUG] [7/181] Parsed successfully: /home/firmware/Current_dataset/D-Link/DIR-878/cpio-root/etc_ro/lighttpd/www/web/hnap/GetAudioRenderSettings.xml
2025-06-21 04:49:50,802 [DEBUG] [8/181] Parsed successfully: /home/firmware/Current_dataset/D-Link/DIR-878/cpio-root/etc_ro/lighttpd/www/web/hnap/GetCAPTCHAsetting.xml
2025-06-21 04:49:50,802 [DEBUG] [9/181] Parsed successfully: /home/firmware/Current_dataset/D-Link/DIR-878/cpio-root/etc_ro/lighttpd/www/web/hnap/GetClientInfo.xml
2025-06-21 04:49:50,803 [DEBUG] [10/181] Parsed successfully: /home/firmware/Current_dataset/D-Link/DIR-878/cpio-root/etc_ro/lighttpd/www/web/hnap/GetClientStats.xml
2025-06-21 04:49:50,803 [DEBUG] [11/181] Parsed successfully: /home/firmware/Current_dataset/D-Link/DIR-878/cpio-root/etc_ro/lighttpd/www/web/hnap/GetConnectedDevices.xml
2025-06-21 04:49:50,803 [DEBUG] [12/181] Parsed successfully: /home/firmware/Current_dataset/D-Link/DIR-878/cpio-root/etc_ro/lighttpd/www/web/hnap/GetCurrentInternetStatus.xml
2025-06-21 04:49:50,804 [DEBUG] [13/181] Parsed successfully: /home/firmware/Current_dataset/D-Link/DIR-878/cpio-root/etc_ro/lighttpd/www/web/hnap/GetDLNA.xml
2025-06-21 04:49:50,804 [DEBUG] [14/181] Parsed successfully: /home/firmware/Current_dataset/D-Link/DIR-878/cpio-root/etc_ro/lighttpd/www/web/hnap/GetDMZSettings.xml
2025-06-21 04:49:50,804 [DEBUG] [15/181] Parsed successfully: /home/firmware/Current_dataset/D-Link/DIR-878/cpio-root/etc_ro/lighttpd/www/web/hnap/GetDeviceFeatureAlpha.xml
2025-06-21 04:49:50,804 [DEBUG] [16/181] Parsed successfully: /home/firmware/Current_dataset/D-Link/DIR-878/cpio-root/etc_ro/lighttpd/www/web/hnap/GetDeviceSettings.xml
2025-06-21 04:49:50,805 [DEBUG] [17/181] Parsed successfully: /home/firmware/Current_dataset/D-Link/DIR-878/cpio-root/etc_ro/lighttpd/www/web/hnap/GetDeviceSettings2.xml
2025-06-21 04:49:50,805 [DEBUG] [18/181] Parsed successfully: /home/firmware/Current_dataset/D-Link/DIR-878/cpio-root/etc_ro/lighttpd/www/web/hnap/GetDynamicDNSIPv6Settings.xml
2025-06-21 04:49:50,805 [DEBUG] [19/181] Parsed successfully: /home/firmware/Current_dataset/D-Link/DIR-878/cpio-root/etc_ro/lighttpd/www/web/hnap/GetDynamicDNSSettings.xml
2025-06-21 04:49:50,805 [DEBUG] [20/181] Parsed successfully: /home/firmware/Current_dataset/D-Link/DIR-878/cpio-root/etc_ro/lighttpd/www/web/hnap/GetFirewallSettings.xml
2025-06-21 04:49:50,806 [DEBUG] [21/181] Parsed successfully: /home/firmware/Current_dataset/D-Link/DIR-878/cpio-root/etc_ro/lighttpd/www/web/hnap/GetFirmwareSettings.xml
2025-06-21 04:49:50,806 [DEBUG] [22/181] Parsed successfully: /home/firmware/Current_dataset/D-Link/DIR-878/cpio-root/etc_ro/lighttpd/www/web/hnap/GetFirmwareState.xml
2025-06-21 04:49:50,806 [DEBUG] [23/181] Parsed successfully: /home/firmware/Current_dataset/D-Link/DIR-878/cpio-root/etc_ro/lighttpd/www/web/hnap/GetFirmwareStatus.xml
2025-06-21 04:49:50,807 [DEBUG] [24/181] Parsed successfully: /home/firmware/Current_dataset/D-Link/DIR-878/cpio-root/etc_ro/lighttpd/www/web/hnap/GetFirmwareValidation.xml
2025-06-21 04:49:50,807 [DEBUG] [25/181] Parsed successfully: /home/firmware/Current_dataset/D-Link/DIR-878/cpio-root/etc_ro/lighttpd/www/web/hnap/GetForwardedPorts.xml
2025-06-21 04:49:50,807 [DEBUG] [26/181] Parsed successfully: /home/firmware/Current_dataset/D-Link/DIR-878/cpio-root/etc_ro/lighttpd/www/web/hnap/GetGuestZoneRouterSettings.xml
2025-06-21 04:49:50,807 [DEBUG] [27/181] Parsed successfully: /home/firmware/Current_dataset/D-Link/DIR-878/cpio-root/etc_ro/lighttpd/www/web/hnap/GetIPv4FirewallSettings.xml
2025-06-21 04:49:50,808 [DEBUG] [28/181] Parsed successfully: /home/firmware/Current_dataset/D-Link/DIR-878/cpio-root/etc_ro/lighttpd/www/web/hnap/GetIPv66in4TunnelSettings.xml
2025-06-21 04:49:50,808 [DEBUG] [29/181] Parsed successfully: /home/firmware/Current_dataset/D-Link/DIR-878/cpio-root/etc_ro/lighttpd/www/web/hnap/GetIPv66rdTunnelSettings.xml
2025-06-21 04:49:50,808 [DEBUG] [30/181] Parsed successfully: /home/firmware/Current_dataset/D-Link/DIR-878/cpio-root/etc_ro/lighttpd/www/web/hnap/GetIPv66to4TunnelSettings.xml
2025-06-21 04:49:50,809 [DEBUG] [31/181] Parsed successfully: /home/firmware/Current_dataset/D-Link/DIR-878/cpio-root/etc_ro/lighttpd/www/web/hnap/GetIPv6AutoConfigurationSettings.xml
2025-06-21 04:49:50,809 [DEBUG] [32/181] Parsed successfully: /home/firmware/Current_dataset/D-Link/DIR-878/cpio-root/etc_ro/lighttpd/www/web/hnap/GetIPv6AutoDetectionSettings.xml
2025-06-21 04:49:50,809 [DEBUG] [33/181] Parsed successfully: /home/firmware/Current_dataset/D-Link/DIR-878/cpio-root/etc_ro/lighttpd/www/web/hnap/GetIPv6FirewallSettings.xml
2025-06-21 04:49:50,810 [DEBUG] [34/181] Parsed successfully: /home/firmware/Current_dataset/D-Link/DIR-878/cpio-root/etc_ro/lighttpd/www/web/hnap/GetIPv6IngressFiltering.xml
2025-06-21 04:49:50,810 [DEBUG] [35/181] Parsed successfully: /home/firmware/Current_dataset/D-Link/DIR-878/cpio-root/etc_ro/lighttpd/www/web/hnap/GetIPv6LinkLocalOnlySettings.xml
2025-06-21 04:49:50,810 [DEBUG] [36/181] Parsed successfully: /home/firmware/Current_dataset/D-Link/DIR-878/cpio-root/etc_ro/lighttpd/www/web/hnap/GetIPv6PppoeSettings.xml
2025-06-21 04:49:50,811 [DEBUG] [37/181] Parsed successfully: /home/firmware/Current_dataset/D-Link/DIR-878/cpio-root/etc_ro/lighttpd/www/web/hnap/GetIPv6Settings.xml
2025-06-21 04:49:50,812 [ERROR] [38/181] Failed to parse /home/firmware/Current_dataset/D-Link/DIR-878/cpio-root/etc_ro/lighttpd/www/web/hnap/GetIPv6Settings_orig.xml: parse /home/firmware/Current_dataset/D-Link/DIR-878/cpio-root/etc_ro/lighttpd/www/web/hnap/GetIPv6Settings_orig.xml fail!
2025-06-21 04:49:50,812 [DEBUG] [39/181] Parsed successfully: /home/firmware/Current_dataset/D-Link/DIR-878/cpio-root/etc_ro/lighttpd/www/web/hnap/GetIPv6SimpleSecurity.xml
2025-06-21 04:49:50,812 [DEBUG] [40/181] Parsed successfully: /home/firmware/Current_dataset/D-Link/DIR-878/cpio-root/etc_ro/lighttpd/www/web/hnap/GetIPv6StaticSettings.xml
2025-06-21 04:49:50,813 [DEBUG] [41/181] Parsed successfully: /home/firmware/Current_dataset/D-Link/DIR-878/cpio-root/etc_ro/lighttpd/www/web/hnap/GetIPv6Status.xml
2025-06-21 04:49:50,813 [DEBUG] [42/181] Parsed successfully: /home/firmware/Current_dataset/D-Link/DIR-878/cpio-root/etc_ro/lighttpd/www/web/hnap/GetIPv6WanType.xml
2025-06-21 04:49:50,813 [DEBUG] [43/181] Parsed successfully: /home/firmware/Current_dataset/D-Link/DIR-878/cpio-root/etc_ro/lighttpd/www/web/hnap/GetISPListAlpha.xml
2025-06-21 04:49:50,814 [DEBUG] [44/181] Parsed successfully: /home/firmware/Current_dataset/D-Link/DIR-878/cpio-root/etc_ro/lighttpd/www/web/hnap/GetInterfaceStatistics.xml
2025-06-21 04:49:50,814 [DEBUG] [45/181] Parsed successfully: /home/firmware/Current_dataset/D-Link/DIR-878/cpio-root/etc_ro/lighttpd/www/web/hnap/GetInternetConnUpTime.xml
2025-06-21 04:49:50,814 [DEBUG] [46/181] Parsed successfully: /home/firmware/Current_dataset/D-Link/DIR-878/cpio-root/etc_ro/lighttpd/www/web/hnap/GetInternetProfileAlpha.xml
2025-06-21 04:49:50,815 [DEBUG] [47/181] Parsed successfully: /home/firmware/Current_dataset/D-Link/DIR-878/cpio-root/etc_ro/lighttpd/www/web/hnap/GetLanguageDefaultSetting.xml
2025-06-21 04:49:50,815 [DEBUG] [48/181] Parsed successfully: /home/firmware/Current_dataset/D-Link/DIR-878/cpio-root/etc_ro/lighttpd/www/web/hnap/GetListDirectory.xml
2025-06-21 04:49:50,815 [DEBUG] [49/181] Parsed successfully: /home/firmware/Current_dataset/D-Link/DIR-878/cpio-root/etc_ro/lighttpd/www/web/hnap/GetLocalHostInfo.xml
2025-06-21 04:49:50,816 [ERROR] [50/181] Failed to parse /home/firmware/Current_dataset/D-Link/DIR-878/cpio-root/etc_ro/lighttpd/www/web/hnap/GetMACFilters.xml: parse /home/firmware/Current_dataset/D-Link/DIR-878/cpio-root/etc_ro/lighttpd/www/web/hnap/GetMACFilters.xml fail!
2025-06-21 04:49:50,816 [DEBUG] [51/181] Parsed successfully: /home/firmware/Current_dataset/D-Link/DIR-878/cpio-root/etc_ro/lighttpd/www/web/hnap/GetMACFilters2.xml
2025-06-21 04:49:50,817 [DEBUG] [52/181] Parsed successfully: /home/firmware/Current_dataset/D-Link/DIR-878/cpio-root/etc_ro/lighttpd/www/web/hnap/GetMulticastSnooping.xml
2025-06-21 04:49:50,817 [DEBUG] [53/181] Parsed successfully: /home/firmware/Current_dataset/D-Link/DIR-878/cpio-root/etc_ro/lighttpd/www/web/hnap/GetMultipleHNAPs.xml
2025-06-21 04:49:50,817 [DEBUG] [54/181] Parsed successfully: /home/firmware/Current_dataset/D-Link/DIR-878/cpio-root/etc_ro/lighttpd/www/web/hnap/GetMultipleSSID.xml
2025-06-21 04:49:50,820 [ERROR] [55/181] Failed to parse /home/firmware/Current_dataset/D-Link/DIR-878/cpio-root/etc_ro/lighttpd/www/web/hnap/GetMultipleSSID_GetWLanRadioSecurity.xml: parse /home/firmware/Current_dataset/D-Link/DIR-878/cpio-root/etc_ro/lighttpd/www/web/hnap/GetMultipleSSID_GetWLanRadioSecurity.xml fail!
2025-06-21 04:49:50,823 [ERROR] [56/181] Failed to parse /home/firmware/Current_dataset/D-Link/DIR-878/cpio-root/etc_ro/lighttpd/www/web/hnap/GetMultipleSSID_GetWLanRadioSettings.xml: parse /home/firmware/Current_dataset/D-Link/DIR-878/cpio-root/etc_ro/lighttpd/www/web/hnap/GetMultipleSSID_GetWLanRadioSettings.xml fail!
2025-06-21 04:49:50,823 [DEBUG] [57/181] Parsed successfully: /home/firmware/Current_dataset/D-Link/DIR-878/cpio-root/etc_ro/lighttpd/www/web/hnap/GetMyDLinkSettings.xml
2025-06-21 04:49:50,824 [DEBUG] [58/181] Parsed successfully: /home/firmware/Current_dataset/D-Link/DIR-878/cpio-root/etc_ro/lighttpd/www/web/hnap/GetMyDLinkSupportStatus.xml
2025-06-21 04:49:50,824 [DEBUG] [59/181] Parsed successfully: /home/firmware/Current_dataset/D-Link/DIR-878/cpio-root/etc_ro/lighttpd/www/web/hnap/GetNetworkSettings.xml
2025-06-21 04:49:50,824 [DEBUG] [60/181] Parsed successfully: /home/firmware/Current_dataset/D-Link/DIR-878/cpio-root/etc_ro/lighttpd/www/web/hnap/GetNetworkStats.xml
2025-06-21 04:49:50,825 [DEBUG] [61/181] Parsed successfully: /home/firmware/Current_dataset/D-Link/DIR-878/cpio-root/etc_ro/lighttpd/www/web/hnap/GetOpenDNS.xml
2025-06-21 04:49:50,825 [DEBUG] [62/181] Parsed successfully: /home/firmware/Current_dataset/D-Link/DIR-878/cpio-root/etc_ro/lighttpd/www/web/hnap/GetOperationMode.xml
2025-06-21 04:49:50,825 [DEBUG] [63/181] Parsed successfully: /home/firmware/Current_dataset/D-Link/DIR-878/cpio-root/etc_ro/lighttpd/www/web/hnap/GetPortForwardingSettings.xml
2025-06-21 04:49:50,826 [DEBUG] [64/181] Parsed successfully: /home/firmware/Current_dataset/D-Link/DIR-878/cpio-root/etc_ro/lighttpd/www/web/hnap/GetPortMappings.xml
2025-06-21 04:49:50,826 [DEBUG] [65/181] Parsed successfully: /home/firmware/Current_dataset/D-Link/DIR-878/cpio-root/etc_ro/lighttpd/www/web/hnap/GetQoSSettings.xml
2025-06-21 04:49:50,826 [DEBUG] [66/181] Parsed successfully: /home/firmware/Current_dataset/D-Link/DIR-878/cpio-root/etc_ro/lighttpd/www/web/hnap/GetRouterLanSettings.xml
2025-06-21 04:49:50,827 [DEBUG] [67/181] Parsed successfully: /home/firmware/Current_dataset/D-Link/DIR-878/cpio-root/etc_ro/lighttpd/www/web/hnap/GetRouterSettings.xml
2025-06-21 04:49:50,827 [DEBUG] [68/181] Parsed successfully: /home/firmware/Current_dataset/D-Link/DIR-878/cpio-root/etc_ro/lighttpd/www/web/hnap/GetRoutingTableIPv4.xml
2025-06-21 04:49:50,827 [DEBUG] [69/181] Parsed successfully: /home/firmware/Current_dataset/D-Link/DIR-878/cpio-root/etc_ro/lighttpd/www/web/hnap/GetRoutingTableIPv6.xml
2025-06-21 04:49:50,828 [DEBUG] [70/181] Parsed successfully: /home/firmware/Current_dataset/D-Link/DIR-878/cpio-root/etc_ro/lighttpd/www/web/hnap/GetSIMCardInfoAlpha.xml
2025-06-21 04:49:50,828 [DEBUG] [71/181] Parsed successfully: /home/firmware/Current_dataset/D-Link/DIR-878/cpio-root/etc_ro/lighttpd/www/web/hnap/GetSMBSettings.xml
2025-06-21 04:49:50,828 [DEBUG] [72/181] Parsed successfully: /home/firmware/Current_dataset/D-Link/DIR-878/cpio-root/etc_ro/lighttpd/www/web/hnap/GetSMBStatus.xml
2025-06-21 04:49:50,829 [DEBUG] [73/181] Parsed successfully: /home/firmware/Current_dataset/D-Link/DIR-878/cpio-root/etc_ro/lighttpd/www/web/hnap/GetScheduleSettings.xml
2025-06-21 04:49:50,829 [DEBUG] [74/181] Parsed successfully: /home/firmware/Current_dataset/D-Link/DIR-878/cpio-root/etc_ro/lighttpd/www/web/hnap/GetSiteSurvey.xml
2025-06-21 04:49:50,830 [DEBUG] [75/181] Parsed successfully: /home/firmware/Current_dataset/D-Link/DIR-878/cpio-root/etc_ro/lighttpd/www/web/hnap/GetStaticRouteIPv4Settings.xml
2025-06-21 04:49:50,830 [DEBUG] [76/181] Parsed successfully: /home/firmware/Current_dataset/D-Link/DIR-878/cpio-root/etc_ro/lighttpd/www/web/hnap/GetStaticRouteIPv6Settings.xml
2025-06-21 04:49:50,830 [DEBUG] [77/181] Parsed successfully: /home/firmware/Current_dataset/D-Link/DIR-878/cpio-root/etc_ro/lighttpd/www/web/hnap/GetSysEmailSettings.xml
2025-06-21 04:49:50,831 [DEBUG] [78/181] Parsed successfully: /home/firmware/Current_dataset/D-Link/DIR-878/cpio-root/etc_ro/lighttpd/www/web/hnap/GetSysLogSettings.xml
2025-06-21 04:49:50,831 [DEBUG] [79/181] Parsed successfully: /home/firmware/Current_dataset/D-Link/DIR-878/cpio-root/etc_ro/lighttpd/www/web/hnap/GetTimeSettings.xml
2025-06-21 04:49:50,832 [DEBUG] [80/181] Parsed successfully: /home/firmware/Current_dataset/D-Link/DIR-878/cpio-root/etc_ro/lighttpd/www/web/hnap/GetUSBDevice.xml
2025-06-21 04:49:50,832 [DEBUG] [81/181] Parsed successfully: /home/firmware/Current_dataset/D-Link/DIR-878/cpio-root/etc_ro/lighttpd/www/web/hnap/GetUSBStorageDevice.xml
2025-06-21 04:49:50,832 [DEBUG] [82/181] Parsed successfully: /home/firmware/Current_dataset/D-Link/DIR-878/cpio-root/etc_ro/lighttpd/www/web/hnap/GetUSBStorageSettings.xml
2025-06-21 04:49:50,833 [DEBUG] [83/181] Parsed successfully: /home/firmware/Current_dataset/D-Link/DIR-878/cpio-root/etc_ro/lighttpd/www/web/hnap/GetVersionInfo.xml
2025-06-21 04:49:50,833 [DEBUG] [84/181] Parsed successfully: /home/firmware/Current_dataset/D-Link/DIR-878/cpio-root/etc_ro/lighttpd/www/web/hnap/GetVirtualServerSettings.xml
2025-06-21 04:49:50,833 [DEBUG] [85/181] Parsed successfully: /home/firmware/Current_dataset/D-Link/DIR-878/cpio-root/etc_ro/lighttpd/www/web/hnap/GetWANDHCPSettings.xml
2025-06-21 04:49:50,834 [DEBUG] [86/181] Parsed successfully: /home/firmware/Current_dataset/D-Link/DIR-878/cpio-root/etc_ro/lighttpd/www/web/hnap/GetWLanRadioSecurity.xml
2025-06-21 04:49:50,834 [DEBUG] [87/181] Parsed successfully: /home/firmware/Current_dataset/D-Link/DIR-878/cpio-root/etc_ro/lighttpd/www/web/hnap/GetWLanRadioSettings.xml
2025-06-21 04:49:50,835 [DEBUG] [88/181] Parsed successfully: /home/firmware/Current_dataset/D-Link/DIR-878/cpio-root/etc_ro/lighttpd/www/web/hnap/GetWLanRadios.xml
2025-06-21 04:49:50,835 [DEBUG] [89/181] Parsed successfully: /home/firmware/Current_dataset/D-Link/DIR-878/cpio-root/etc_ro/lighttpd/www/web/hnap/GetWLanSecurity.xml
2025-06-21 04:49:50,835 [DEBUG] [90/181] Parsed successfully: /home/firmware/Current_dataset/D-Link/DIR-878/cpio-root/etc_ro/lighttpd/www/web/hnap/GetWLanSettings24.xml
2025-06-21 04:49:50,836 [DEBUG] [91/181] Parsed successfully: /home/firmware/Current_dataset/D-Link/DIR-878/cpio-root/etc_ro/lighttpd/www/web/hnap/GetWLanSettings54.xml
2025-06-21 04:49:50,836 [DEBUG] [92/181] Parsed successfully: /home/firmware/Current_dataset/D-Link/DIR-878/cpio-root/etc_ro/lighttpd/www/web/hnap/GetWPSStatus.xml
2025-06-21 04:49:50,836 [DEBUG] [93/181] Parsed successfully: /home/firmware/Current_dataset/D-Link/DIR-878/cpio-root/etc_ro/lighttpd/www/web/hnap/GetWanSettings.xml
2025-06-21 04:49:50,836 [DEBUG] [94/181] Parsed successfully: /home/firmware/Current_dataset/D-Link/DIR-878/cpio-root/etc_ro/lighttpd/www/web/hnap/GetWanStatus.xml
2025-06-21 04:49:50,837 [DEBUG] [95/181] Parsed successfully: /home/firmware/Current_dataset/D-Link/DIR-878/cpio-root/etc_ro/lighttpd/www/web/hnap/GetWebFilterSettings.xml
2025-06-21 04:49:50,837 [DEBUG] [96/181] Parsed successfully: /home/firmware/Current_dataset/D-Link/DIR-878/cpio-root/etc_ro/lighttpd/www/web/hnap/GetWiFiOpMode.xml
2025-06-21 04:49:50,837 [DEBUG] [97/181] Parsed successfully: /home/firmware/Current_dataset/D-Link/DIR-878/cpio-root/etc_ro/lighttpd/www/web/hnap/GetWiFiVerifyAlpha.xml
2025-06-21 04:49:50,838 [DEBUG] [98/181] Parsed successfully: /home/firmware/Current_dataset/D-Link/DIR-878/cpio-root/etc_ro/lighttpd/www/web/hnap/GetWirelessMode.xml
2025-06-21 04:49:50,838 [ERROR] [99/181] Failed to parse /home/firmware/Current_dataset/D-Link/DIR-878/cpio-root/etc_ro/lighttpd/www/web/hnap/GetWirelessSiteSurvey.xml: parse /home/firmware/Current_dataset/D-Link/DIR-878/cpio-root/etc_ro/lighttpd/www/web/hnap/GetWirelessSiteSurvey.xml fail!
2025-06-21 04:49:50,838 [DEBUG] [100/181] Parsed successfully: /home/firmware/Current_dataset/D-Link/DIR-878/cpio-root/etc_ro/lighttpd/www/web/hnap/IsDeviceReady.xml
2025-06-21 04:49:50,839 [DEBUG] [101/181] Parsed successfully: /home/firmware/Current_dataset/D-Link/DIR-878/cpio-root/etc_ro/lighttpd/www/web/hnap/Login.xml
2025-06-21 04:49:50,839 [DEBUG] [102/181] Parsed successfully: /home/firmware/Current_dataset/D-Link/DIR-878/cpio-root/etc_ro/lighttpd/www/web/hnap/Logout.xml
2025-06-21 04:49:50,839 [DEBUG] [103/181] Parsed successfully: /home/firmware/Current_dataset/D-Link/DIR-878/cpio-root/etc_ro/lighttpd/www/web/hnap/PollingFirmwareDownload.xml
2025-06-21 04:49:50,839 [DEBUG] [104/181] Parsed successfully: /home/firmware/Current_dataset/D-Link/DIR-878/cpio-root/etc_ro/lighttpd/www/web/hnap/Reboot.xml
2025-06-21 04:49:50,840 [DEBUG] [105/181] Parsed successfully: /home/firmware/Current_dataset/D-Link/DIR-878/cpio-root/etc_ro/lighttpd/www/web/hnap/RenewIPv6WanConnection.xml
2025-06-21 04:49:50,840 [DEBUG] [106/181] Parsed successfully: /home/firmware/Current_dataset/D-Link/DIR-878/cpio-root/etc_ro/lighttpd/www/web/hnap/RenewWanConnection.xml
2025-06-21 04:49:50,841 [DEBUG] [107/181] Parsed successfully: /home/firmware/Current_dataset/D-Link/DIR-878/cpio-root/etc_ro/lighttpd/www/web/hnap/RestoreFactoryDefaults.xml
2025-06-21 04:49:50,842 [DEBUG] [108/181] Parsed successfully: /home/firmware/Current_dataset/D-Link/DIR-878/cpio-root/etc_ro/lighttpd/www/web/hnap/SetAPClientSettings.xml
2025-06-21 04:49:50,842 [DEBUG] [109/181] Parsed successfully: /home/firmware/Current_dataset/D-Link/DIR-878/cpio-root/etc_ro/lighttpd/www/web/hnap/SetAccessPointMode.xml
2025-06-21 04:49:50,842 [DEBUG] [110/181] Parsed successfully: /home/firmware/Current_dataset/D-Link/DIR-878/cpio-root/etc_ro/lighttpd/www/web/hnap/SetAddStorageUser.xml
2025-06-21 04:49:50,843 [DEBUG] [111/181] Parsed successfully: /home/firmware/Current_dataset/D-Link/DIR-878/cpio-root/etc_ro/lighttpd/www/web/hnap/SetAdministrationSettings.xml
2025-06-21 04:49:50,843 [DEBUG] [112/181] Parsed successfully: /home/firmware/Current_dataset/D-Link/DIR-878/cpio-root/etc_ro/lighttpd/www/web/hnap/SetAdvNetworkSettings.xml
2025-06-21 04:49:50,843 [DEBUG] [113/181] Parsed successfully: /home/firmware/Current_dataset/D-Link/DIR-878/cpio-root/etc_ro/lighttpd/www/web/hnap/SetAudioRenderSettings.xml
2025-06-21 04:49:50,844 [DEBUG] [114/181] Parsed successfully: /home/firmware/Current_dataset/D-Link/DIR-878/cpio-root/etc_ro/lighttpd/www/web/hnap/SetCAPTCHAsetting.xml
2025-06-21 04:49:50,844 [DEBUG] [115/181] Parsed successfully: /home/firmware/Current_dataset/D-Link/DIR-878/cpio-root/etc_ro/lighttpd/www/web/hnap/SetClientInfo.xml
2025-06-21 04:49:50,844 [DEBUG] [116/181] Parsed successfully: /home/firmware/Current_dataset/D-Link/DIR-878/cpio-root/etc_ro/lighttpd/www/web/hnap/SetDLNA.xml
2025-06-21 04:49:50,845 [DEBUG] [117/181] Parsed successfully: /home/firmware/Current_dataset/D-Link/DIR-878/cpio-root/etc_ro/lighttpd/www/web/hnap/SetDMZSettings.xml
2025-06-21 04:49:50,845 [DEBUG] [118/181] Parsed successfully: /home/firmware/Current_dataset/D-Link/DIR-878/cpio-root/etc_ro/lighttpd/www/web/hnap/SetDelStorageUser.xml
2025-06-21 04:49:50,846 [DEBUG] [119/181] Parsed successfully: /home/firmware/Current_dataset/D-Link/DIR-878/cpio-root/etc_ro/lighttpd/www/web/hnap/SetDeviceSettings.xml
2025-06-21 04:49:50,847 [DEBUG] [120/181] Parsed successfully: /home/firmware/Current_dataset/D-Link/DIR-878/cpio-root/etc_ro/lighttpd/www/web/hnap/SetDeviceSettings2.xml
2025-06-21 04:49:50,849 [DEBUG] [121/181] Parsed successfully: /home/firmware/Current_dataset/D-Link/DIR-878/cpio-root/etc_ro/lighttpd/www/web/hnap/SetDynamicDNSIPv6Settings.xml
2025-06-21 04:49:50,849 [DEBUG] [122/181] Parsed successfully: /home/firmware/Current_dataset/D-Link/DIR-878/cpio-root/etc_ro/lighttpd/www/web/hnap/SetDynamicDNSSettings.xml
2025-06-21 04:49:50,849 [DEBUG] [123/181] Parsed successfully: /home/firmware/Current_dataset/D-Link/DIR-878/cpio-root/etc_ro/lighttpd/www/web/hnap/SetFactoryDefault.xml
2025-06-21 04:49:50,850 [DEBUG] [124/181] Parsed successfully: /home/firmware/Current_dataset/D-Link/DIR-878/cpio-root/etc_ro/lighttpd/www/web/hnap/SetFirewallSettings.xml
2025-06-21 04:49:50,851 [DEBUG] [125/181] Parsed successfully: /home/firmware/Current_dataset/D-Link/DIR-878/cpio-root/etc_ro/lighttpd/www/web/hnap/SetForwardedPorts.xml
2025-06-21 04:49:50,852 [DEBUG] [126/181] Parsed successfully: /home/firmware/Current_dataset/D-Link/DIR-878/cpio-root/etc_ro/lighttpd/www/web/hnap/SetGuestZoneRouterSettings.xml
2025-06-21 04:49:50,853 [DEBUG] [127/181] Parsed successfully: /home/firmware/Current_dataset/D-Link/DIR-878/cpio-root/etc_ro/lighttpd/www/web/hnap/SetIPv4FirewallSettings.xml
2025-06-21 04:49:50,855 [DEBUG] [128/181] Parsed successfully: /home/firmware/Current_dataset/D-Link/DIR-878/cpio-root/etc_ro/lighttpd/www/web/hnap/SetIPv66in4TunnelSettings.xml
2025-06-21 04:49:50,857 [DEBUG] [129/181] Parsed successfully: /home/firmware/Current_dataset/D-Link/DIR-878/cpio-root/etc_ro/lighttpd/www/web/hnap/SetIPv66rdTunnelSettings.xml
2025-06-21 04:49:50,858 [DEBUG] [130/181] Parsed successfully: /home/firmware/Current_dataset/D-Link/DIR-878/cpio-root/etc_ro/lighttpd/www/web/hnap/SetIPv66to4TunnelSettings.xml
2025-06-21 04:49:50,860 [DEBUG] [131/181] Parsed successfully: /home/firmware/Current_dataset/D-Link/DIR-878/cpio-root/etc_ro/lighttpd/www/web/hnap/SetIPv6AutoConfigurationSettings.xml
2025-06-21 04:49:50,862 [DEBUG] [132/181] Parsed successfully: /home/firmware/Current_dataset/D-Link/DIR-878/cpio-root/etc_ro/lighttpd/www/web/hnap/SetIPv6AutoDetectionSettings.xml
2025-06-21 04:49:50,864 [DEBUG] [133/181] Parsed successfully: /home/firmware/Current_dataset/D-Link/DIR-878/cpio-root/etc_ro/lighttpd/www/web/hnap/SetIPv6FirewallSettings.xml
2025-06-21 04:49:50,864 [DEBUG] [134/181] Parsed successfully: /home/firmware/Current_dataset/D-Link/DIR-878/cpio-root/etc_ro/lighttpd/www/web/hnap/SetIPv6IngressFiltering.xml
2025-06-21 04:49:50,865 [DEBUG] [135/181] Parsed successfully: /home/firmware/Current_dataset/D-Link/DIR-878/cpio-root/etc_ro/lighttpd/www/web/hnap/SetIPv6LinkLocalOnlySettings.xml
2025-06-21 04:49:50,869 [DEBUG] [136/181] Parsed successfully: /home/firmware/Current_dataset/D-Link/DIR-878/cpio-root/etc_ro/lighttpd/www/web/hnap/SetIPv6PppoeSettings.xml
2025-06-21 04:49:50,874 [DEBUG] [137/181] Parsed successfully: /home/firmware/Current_dataset/D-Link/DIR-878/cpio-root/etc_ro/lighttpd/www/web/hnap/SetIPv6Settings.xml
2025-06-21 04:49:50,875 [DEBUG] [138/181] Parsed successfully: /home/firmware/Current_dataset/D-Link/DIR-878/cpio-root/etc_ro/lighttpd/www/web/hnap/SetIPv6SimpleSecurity.xml
2025-06-21 04:49:50,878 [DEBUG] [139/181] Parsed successfully: /home/firmware/Current_dataset/D-Link/DIR-878/cpio-root/etc_ro/lighttpd/www/web/hnap/SetIPv6StaticSettings.xml
2025-06-21 04:49:50,882 [DEBUG] [140/181] Parsed successfully: /home/firmware/Current_dataset/D-Link/DIR-878/cpio-root/etc_ro/lighttpd/www/web/hnap/SetInternetProfileAlpha.xml
2025-06-21 04:49:50,882 [DEBUG] [141/181] Parsed successfully: /home/firmware/Current_dataset/D-Link/DIR-878/cpio-root/etc_ro/lighttpd/www/web/hnap/SetLanguageDefaultSetting.xml
2025-06-21 04:49:50,884 [DEBUG] [142/181] Parsed successfully: /home/firmware/Current_dataset/D-Link/DIR-878/cpio-root/etc_ro/lighttpd/www/web/hnap/SetMACFilters2.xml
2025-06-21 04:49:50,885 [DEBUG] [143/181] Parsed successfully: /home/firmware/Current_dataset/D-Link/DIR-878/cpio-root/etc_ro/lighttpd/www/web/hnap/SetMulticastSnooping.xml
2025-06-21 04:49:50,893 [DEBUG] [144/181] Parsed successfully: /home/firmware/Current_dataset/D-Link/DIR-878/cpio-root/etc_ro/lighttpd/www/web/hnap/SetMultipleActions.xml
2025-06-21 04:49:50,894 [ERROR] [145/181] Failed to parse /home/firmware/Current_dataset/D-Link/DIR-878/cpio-root/etc_ro/lighttpd/www/web/hnap/SetMultipleActions_DeviceSettings.xml: parse /home/firmware/Current_dataset/D-Link/DIR-878/cpio-root/etc_ro/lighttpd/www/web/hnap/SetMultipleActions_DeviceSettings.xml fail!
2025-06-21 04:49:51,003 [ERROR] [146/181] Failed to parse /home/firmware/Current_dataset/D-Link/DIR-878/cpio-root/etc_ro/lighttpd/www/web/hnap/SetMultipleActions_SetWanSettings.xml: parse /home/firmware/Current_dataset/D-Link/DIR-878/cpio-root/etc_ro/lighttpd/www/web/hnap/SetMultipleActions_SetWanSettings.xml fail!
2025-06-21 04:49:51,007 [ERROR] [147/181] Failed to parse /home/firmware/Current_dataset/D-Link/DIR-878/cpio-root/etc_ro/lighttpd/www/web/hnap/SetMultipleActions_WLanRadioSecurity.xml: parse /home/firmware/Current_dataset/D-Link/DIR-878/cpio-root/etc_ro/lighttpd/www/web/hnap/SetMultipleActions_WLanRadioSecurity.xml fail!
2025-06-21 04:49:51,009 [ERROR] [148/181] Failed to parse /home/firmware/Current_dataset/D-Link/DIR-878/cpio-root/etc_ro/lighttpd/www/web/hnap/SetMultipleActions_WLanRadioSettings.xml: parse /home/firmware/Current_dataset/D-Link/DIR-878/cpio-root/etc_ro/lighttpd/www/web/hnap/SetMultipleActions_WLanRadioSettings.xml fail!
2025-06-21 04:49:51,014 [DEBUG] [149/181] Parsed successfully: /home/firmware/Current_dataset/D-Link/DIR-878/cpio-root/etc_ro/lighttpd/www/web/hnap/SetMultipleSSID.xml
2025-06-21 04:49:51,018 [ERROR] [150/181] Failed to parse /home/firmware/Current_dataset/D-Link/DIR-878/cpio-root/etc_ro/lighttpd/www/web/hnap/SetMultipleSSID_SetWLanRadioSecurity.xml: parse /home/firmware/Current_dataset/D-Link/DIR-878/cpio-root/etc_ro/lighttpd/www/web/hnap/SetMultipleSSID_SetWLanRadioSecurity.xml fail!
2025-06-21 04:49:51,020 [ERROR] [151/181] Failed to parse /home/firmware/Current_dataset/D-Link/DIR-878/cpio-root/etc_ro/lighttpd/www/web/hnap/SetMultipleSSID_SetWLanRadioSettings.xml: parse /home/firmware/Current_dataset/D-Link/DIR-878/cpio-root/etc_ro/lighttpd/www/web/hnap/SetMultipleSSID_SetWLanRadioSettings.xml fail!
2025-06-21 04:49:51,022 [DEBUG] [152/181] Parsed successfully: /home/firmware/Current_dataset/D-Link/DIR-878/cpio-root/etc_ro/lighttpd/www/web/hnap/SetMyDLinkSettings.xml
2025-06-21 04:49:51,022 [DEBUG] [153/181] Parsed successfully: /home/firmware/Current_dataset/D-Link/DIR-878/cpio-root/etc_ro/lighttpd/www/web/hnap/SetMyDLinkUnregistration.xml
2025-06-21 04:49:51,024 [DEBUG] [154/181] Parsed successfully: /home/firmware/Current_dataset/D-Link/DIR-878/cpio-root/etc_ro/lighttpd/www/web/hnap/SetNetworkSettings.xml
2025-06-21 04:49:51,025 [DEBUG] [155/181] Parsed successfully: /home/firmware/Current_dataset/D-Link/DIR-878/cpio-root/etc_ro/lighttpd/www/web/hnap/SetOperationMode.xml
2025-06-21 04:49:51,027 [DEBUG] [156/181] Parsed successfully: /home/firmware/Current_dataset/D-Link/DIR-878/cpio-root/etc_ro/lighttpd/www/web/hnap/SetPortForwardingSettings.xml
2025-06-21 04:49:51,028 [DEBUG] [157/181] Parsed successfully: /home/firmware/Current_dataset/D-Link/DIR-878/cpio-root/etc_ro/lighttpd/www/web/hnap/SetQoSSettings.xml
2025-06-21 04:49:51,029 [DEBUG] [158/181] Parsed successfully: /home/firmware/Current_dataset/D-Link/DIR-878/cpio-root/etc_ro/lighttpd/www/web/hnap/SetRouterLanSettings.xml
2025-06-21 04:49:51,031 [DEBUG] [159/181] Parsed successfully: /home/firmware/Current_dataset/D-Link/DIR-878/cpio-root/etc_ro/lighttpd/www/web/hnap/SetRouterSettings.xml
2025-06-21 04:49:51,031 [DEBUG] [160/181] Parsed successfully: /home/firmware/Current_dataset/D-Link/DIR-878/cpio-root/etc_ro/lighttpd/www/web/hnap/SetSMBSettings.xml
2025-06-21 04:49:51,032 [DEBUG] [161/181] Parsed successfully: /home/firmware/Current_dataset/D-Link/DIR-878/cpio-root/etc_ro/lighttpd/www/web/hnap/SetSMBStatus.xml
2025-06-21 04:49:51,034 [DEBUG] [162/181] Parsed successfully: /home/firmware/Current_dataset/D-Link/DIR-878/cpio-root/etc_ro/lighttpd/www/web/hnap/SetScheduleSettings.xml
2025-06-21 04:49:51,036 [DEBUG] [163/181] Parsed successfully: /home/firmware/Current_dataset/D-Link/DIR-878/cpio-root/etc_ro/lighttpd/www/web/hnap/SetStaticRouteIPv4Settings.xml
2025-06-21 04:49:51,039 [DEBUG] [164/181] Parsed successfully: /home/firmware/Current_dataset/D-Link/DIR-878/cpio-root/etc_ro/lighttpd/www/web/hnap/SetStaticRouteIPv6Settings.xml
2025-06-21 04:49:51,040 [DEBUG] [165/181] Parsed successfully: /home/firmware/Current_dataset/D-Link/DIR-878/cpio-root/etc_ro/lighttpd/www/web/hnap/SetStorageUsers.xml
2025-06-21 04:49:51,043 [DEBUG] [166/181] Parsed successfully: /home/firmware/Current_dataset/D-Link/DIR-878/cpio-root/etc_ro/lighttpd/www/web/hnap/SetSysEmailSettings.xml
2025-06-21 04:49:51,044 [DEBUG] [167/181] Parsed successfully: /home/firmware/Current_dataset/D-Link/DIR-878/cpio-root/etc_ro/lighttpd/www/web/hnap/SetSysLogSettings.xml
2025-06-21 04:49:51,047 [DEBUG] [168/181] Parsed successfully: /home/firmware/Current_dataset/D-Link/DIR-878/cpio-root/etc_ro/lighttpd/www/web/hnap/SetTimeSettings.xml
2025-06-21 04:49:51,047 [DEBUG] [169/181] Parsed successfully: /home/firmware/Current_dataset/D-Link/DIR-878/cpio-root/etc_ro/lighttpd/www/web/hnap/SetTriggerADIC.xml
2025-06-21 04:49:51,048 [DEBUG] [170/181] Parsed successfully: /home/firmware/Current_dataset/D-Link/DIR-878/cpio-root/etc_ro/lighttpd/www/web/hnap/SetTriggerWPS.xml
2025-06-21 04:49:51,049 [DEBUG] [171/181] Parsed successfully: /home/firmware/Current_dataset/D-Link/DIR-878/cpio-root/etc_ro/lighttpd/www/web/hnap/SetTriggerWirelessSiteSurvey.xml
2025-06-21 04:49:51,050 [DEBUG] [172/181] Parsed successfully: /home/firmware/Current_dataset/D-Link/DIR-878/cpio-root/etc_ro/lighttpd/www/web/hnap/SetUSBStorageSettings.xml
2025-06-21 04:49:51,053 [DEBUG] [173/181] Parsed successfully: /home/firmware/Current_dataset/D-Link/DIR-878/cpio-root/etc_ro/lighttpd/www/web/hnap/SetVirtualServerSettings.xml
2025-06-21 04:49:51,056 [DEBUG] [174/181] Parsed successfully: /home/firmware/Current_dataset/D-Link/DIR-878/cpio-root/etc_ro/lighttpd/www/web/hnap/SetWLanRadioSecurity.xml
2025-06-21 04:49:51,060 [DEBUG] [175/181] Parsed successfully: /home/firmware/Current_dataset/D-Link/DIR-878/cpio-root/etc_ro/lighttpd/www/web/hnap/SetWLanRadioSettings.xml
2025-06-21 04:49:51,065 [DEBUG] [176/181] Parsed successfully: /home/firmware/Current_dataset/D-Link/DIR-878/cpio-root/etc_ro/lighttpd/www/web/hnap/SetWanSettings.xml
2025-06-21 04:49:51,066 [DEBUG] [177/181] Parsed successfully: /home/firmware/Current_dataset/D-Link/DIR-878/cpio-root/etc_ro/lighttpd/www/web/hnap/SetWebFilterSettings.xml
2025-06-21 04:49:51,067 [DEBUG] [178/181] Parsed successfully: /home/firmware/Current_dataset/D-Link/DIR-878/cpio-root/etc_ro/lighttpd/www/web/hnap/SetWiFiOpMode.xml
2025-06-21 04:49:51,068 [DEBUG] [179/181] Parsed successfully: /home/firmware/Current_dataset/D-Link/DIR-878/cpio-root/etc_ro/lighttpd/www/web/hnap/SetWirelessMode.xml
2025-06-21 04:49:51,068 [DEBUG] [180/181] Parsed successfully: /home/firmware/Current_dataset/D-Link/DIR-878/cpio-root/etc_ro/lighttpd/www/web/hnap/StartFirmwareDownload.xml
2025-06-21 04:49:51,069 [DEBUG] [181/181] Parsed successfully: /home/firmware/Current_dataset/D-Link/DIR-878/cpio-root/etc_ro/lighttpd/www/web/hnap/getwan.xml
2025-06-21 04:49:51,069 [INFO] Completed parsing 181 XML files in 0.27s; extracted 866 keywords and 167 functions
2025-06-21 04:49:51,714 [INFO] XML parsing completed: 866 keywords, 167 functions
2025-06-21 04:49:51,714 [INFO] npm service terminated
2025-06-21 04:49:51,716 [WARNING] [1/225] Skipping non-file path: .
2025-06-21 04:49:51,719 [INFO] Starting parallel binary analysis: 224 files
2025-06-21 04:49:52,010 [INFO] Extracted 543 strings from /home/firmware/Current_dataset/D-Link/DIR-878/cpio-root/bin/miniupnpd
2025-06-21 04:49:52,012 [INFO] Extracted 42 strings from /home/firmware/Current_dataset/D-Link/DIR-878/cpio-root/bin/flash
2025-06-21 04:49:52,012 [INFO] Extracted 190 strings from /home/firmware/Current_dataset/D-Link/DIR-878/cpio-root/etc_ro/lighttpd/lib/mod_scgi.so
2025-06-21 04:49:52,019 [INFO] Extracted 68 strings from /home/firmware/Current_dataset/D-Link/DIR-878/cpio-root/bin/i2scmd
2025-06-21 04:49:52,021 [WARNING] Unknown endianness for /home/firmware/Current_dataset/D-Link/DIR-878/cpio-root/sbin/config-pppoe.sh: /home/firmware/Current_dataset/D-Link/DIR-878/cpio-root/sbin/config-pppoe.sh: POSIX shell script, ASCII text executable
2025-06-21 04:49:52,025 [INFO] Extracted 106 strings from /home/firmware/Current_dataset/D-Link/DIR-878/cpio-root/lib/modules/3.10.14+/kernel/net/netfilter/nf_conntrack_sip.ko
2025-06-21 04:49:52,034 [INFO] Extracted 1 strings from /home/firmware/Current_dataset/D-Link/DIR-878/cpio-root/sbin/config-pppoe.sh
2025-06-21 04:49:52,036 [INFO] Extracted 128 strings from /home/firmware/Current_dataset/D-Link/DIR-878/cpio-root/bin/nvram_daemon
2025-06-21 04:49:52,037 [WARNING] Unknown endianness for /home/firmware/Current_dataset/D-Link/DIR-878/cpio-root/sbin/snmp.sh: /home/firmware/Current_dataset/D-Link/DIR-878/cpio-root/sbin/snmp.sh: POSIX shell script, ASCII text executable
2025-06-21 04:49:52,039 [INFO] Extracted 47 strings from /home/firmware/Current_dataset/D-Link/DIR-878/cpio-root/etc_ro/lighttpd/lib/mod_extforward.so
2025-06-21 04:49:52,041 [DEBUG] [1/224] Analyze Finished! /home/firmware/Current_dataset/D-Link/DIR-878/cpio-root/sbin/config-pppoe.sh
2025-06-21 04:49:52,043 [INFO] Extracted 37 strings from /home/firmware/Current_dataset/D-Link/DIR-878/cpio-root/bin/ac
2025-06-21 04:49:52,045 [WARNING] Unknown endianness for /home/firmware/Current_dataset/D-Link/DIR-878/cpio-root/sbin/automount_boot.sh: /home/firmware/Current_dataset/D-Link/DIR-878/cpio-root/sbin/automount_boot.sh: POSIX shell script, ASCII text executable
2025-06-21 04:49:52,051 [INFO] Extracted 1 strings from /home/firmware/Current_dataset/D-Link/DIR-878/cpio-root/sbin/snmp.sh
2025-06-21 04:49:52,055 [INFO] Extracted 26 strings from /home/firmware/Current_dataset/D-Link/DIR-878/cpio-root/bin/mii_mgr_cl45
2025-06-21 04:49:52,056 [INFO] Extracted 4 strings from /home/firmware/Current_dataset/D-Link/DIR-878/cpio-root/sbin/automount_boot.sh
2025-06-21 04:49:52,056 [WARNING] Unknown endianness for /home/firmware/Current_dataset/D-Link/DIR-878/cpio-root/sbin/if_down_up_test.sh: /home/firmware/Current_dataset/D-Link/DIR-878/cpio-root/sbin/if_down_up_test.sh: POSIX shell script, ASCII text executable
2025-06-21 04:49:52,059 [DEBUG] [2/224] Analyze Finished! /home/firmware/Current_dataset/D-Link/DIR-878/cpio-root/sbin/snmp.sh
2025-06-21 04:49:52,059 [DEBUG] [3/224] Analyze Finished! /home/firmware/Current_dataset/D-Link/DIR-878/cpio-root/bin/flash
2025-06-21 04:49:52,065 [DEBUG] [4/224] Analyze Finished! /home/firmware/Current_dataset/D-Link/DIR-878/cpio-root/sbin/automount_boot.sh
2025-06-21 04:49:52,067 [INFO] Extracted 619 strings from /home/firmware/Current_dataset/D-Link/DIR-878/cpio-root/usr/lib/pppd/2.4.5/pptp.so
2025-06-21 04:49:52,067 [INFO] Extracted 10 strings from /home/firmware/Current_dataset/D-Link/DIR-878/cpio-root/sbin/if_down_up_test.sh
2025-06-21 04:49:52,072 [WARNING] Unknown endianness for /home/firmware/Current_dataset/D-Link/DIR-878/cpio-root/sbin/makedevlinks.sh: /home/firmware/Current_dataset/D-Link/DIR-878/cpio-root/sbin/makedevlinks.sh: POSIX shell script, ASCII text executable
2025-06-21 04:49:52,079 [INFO] Extracted 54 strings from /home/firmware/Current_dataset/D-Link/DIR-878/cpio-root/lib/libdl-0.9.33.2.so
2025-06-21 04:49:52,082 [DEBUG] [5/224] Analyze Finished! /home/firmware/Current_dataset/D-Link/DIR-878/cpio-root/bin/ac
2025-06-21 04:49:52,083 [WARNING] Unknown endianness for /home/firmware/Current_dataset/D-Link/DIR-878/cpio-root/lib/ipsec/_plutorun: /home/firmware/Current_dataset/D-Link/DIR-878/cpio-root/lib/ipsec/_plutorun: POSIX shell script, ASCII text executable
2025-06-21 04:49:52,086 [INFO] Extracted 1 strings from /home/firmware/Current_dataset/D-Link/DIR-878/cpio-root/sbin/makedevlinks.sh
2025-06-21 04:49:52,088 [DEBUG] [6/224] Analyze Finished! /home/firmware/Current_dataset/D-Link/DIR-878/cpio-root/sbin/if_down_up_test.sh
2025-06-21 04:49:52,088 [DEBUG] [7/224] Analyze Finished! /home/firmware/Current_dataset/D-Link/DIR-878/cpio-root/bin/mii_mgr_cl45
2025-06-21 04:49:52,088 [DEBUG] [8/224] Analyze Finished! /home/firmware/Current_dataset/D-Link/DIR-878/cpio-root/bin/i2scmd
2025-06-21 04:49:52,088 [WARNING] Unknown endianness for /home/firmware/Current_dataset/D-Link/DIR-878/cpio-root/share/udhcpc/default.bound: /home/firmware/Current_dataset/D-Link/DIR-878/cpio-root/share/udhcpc/default.bound: POSIX shell script, ASCII text executable
2025-06-21 04:49:52,094 [DEBUG] [9/224] Analyze Finished! /home/firmware/Current_dataset/D-Link/DIR-878/cpio-root/etc_ro/lighttpd/lib/mod_extforward.so
2025-06-21 04:49:52,094 [DEBUG] [10/224] Analyze Finished! /home/firmware/Current_dataset/D-Link/DIR-878/cpio-root/sbin/makedevlinks.sh
2025-06-21 04:49:52,094 [INFO] Extracted 862 strings from /home/firmware/Current_dataset/D-Link/DIR-878/cpio-root/lib/ipsec/klipsdebug
2025-06-21 04:49:52,095 [INFO] Extracted 20 strings from /home/firmware/Current_dataset/D-Link/DIR-878/cpio-root/lib/ipsec/_plutorun
2025-06-21 04:49:52,099 [INFO] Extracted 4 strings from /home/firmware/Current_dataset/D-Link/DIR-878/cpio-root/share/udhcpc/default.bound
2025-06-21 04:49:52,104 [WARNING] Unknown endianness for /home/firmware/Current_dataset/D-Link/DIR-878/cpio-root/sbin/config-udhcpd.sh: /home/firmware/Current_dataset/D-Link/DIR-878/cpio-root/sbin/config-udhcpd.sh: POSIX shell script, ASCII text executable
2025-06-21 04:49:52,107 [INFO] Extracted 61 strings from /home/firmware/Current_dataset/D-Link/DIR-878/cpio-root/usr/sbin/pppoe-discovery
2025-06-21 04:49:52,105 [DEBUG] [11/224] Analyze Finished! /home/firmware/Current_dataset/D-Link/DIR-878/cpio-root/share/udhcpc/default.bound
2025-06-21 04:49:52,115 [WARNING] Unknown endianness for /home/firmware/Current_dataset/D-Link/DIR-878/cpio-root/sbin/firewall.sh: /home/firmware/Current_dataset/D-Link/DIR-878/cpio-root/sbin/firewall.sh: POSIX shell script, ASCII text executable
2025-06-21 04:49:52,118 [INFO] Extracted 8 strings from /home/firmware/Current_dataset/D-Link/DIR-878/cpio-root/sbin/config-udhcpd.sh
2025-06-21 04:49:52,118 [INFO] Extracted 91 strings from /home/firmware/Current_dataset/D-Link/DIR-878/cpio-root/lib/libthreadutil.so.1.3.1
2025-06-21 04:49:52,120 [DEBUG] [12/224] Analyze Finished! /home/firmware/Current_dataset/D-Link/DIR-878/cpio-root/lib/ipsec/_plutorun
2025-06-21 04:49:52,121 [WARNING] Unknown endianness for /home/firmware/Current_dataset/D-Link/DIR-878/cpio-root/sbin/vpn-passthru.sh: /home/firmware/Current_dataset/D-Link/DIR-878/cpio-root/sbin/vpn-passthru.sh: POSIX shell script, ASCII text executable
2025-06-21 04:49:52,125 [INFO] Extracted 5 strings from /home/firmware/Current_dataset/D-Link/DIR-878/cpio-root/sbin/firewall.sh
2025-06-21 04:49:52,129 [INFO] Extracted 60 strings from /home/firmware/Current_dataset/D-Link/DIR-878/cpio-root/etc_ro/lighttpd/lib/mod_accesslog.so
2025-06-21 04:49:52,131 [DEBUG] [13/224] Analyze Finished! /home/firmware/Current_dataset/D-Link/DIR-878/cpio-root/sbin/config-udhcpd.sh
2025-06-21 04:49:52,132 [INFO] Extracted 2 strings from /home/firmware/Current_dataset/D-Link/DIR-878/cpio-root/sbin/vpn-passthru.sh
2025-06-21 04:49:52,136 [DEBUG] [14/224] Analyze Finished! /home/firmware/Current_dataset/D-Link/DIR-878/cpio-root/sbin/firewall.sh
2025-06-21 04:49:52,137 [INFO] Extracted 83 strings from /home/firmware/Current_dataset/D-Link/DIR-878/cpio-root/lib/libip6tc.so.0
2025-06-21 04:49:52,142 [DEBUG] [15/224] Analyze Finished! /home/firmware/Current_dataset/D-Link/DIR-878/cpio-root/lib/libdl-0.9.33.2.so
2025-06-21 04:49:52,143 [INFO] Extracted 139 strings from /home/firmware/Current_dataset/D-Link/DIR-878/cpio-root/sbin/udhcpc-discovery
2025-06-21 04:49:52,147 [DEBUG] [16/224] Analyze Finished! /home/firmware/Current_dataset/D-Link/DIR-878/cpio-root/lib/modules/3.10.14+/kernel/net/netfilter/nf_conntrack_sip.ko
2025-06-21 04:49:52,147 [DEBUG] [17/224] Analyze Finished! /home/firmware/Current_dataset/D-Link/DIR-878/cpio-root/sbin/vpn-passthru.sh
2025-06-21 04:49:52,149 [INFO] Extracted 39 strings from /home/firmware/Current_dataset/D-Link/DIR-878/cpio-root/etc_ro/lighttpd/lib/mod_evhost.so
2025-06-21 04:49:52,162 [INFO] Extracted 1003 strings from /home/firmware/Current_dataset/D-Link/DIR-878/cpio-root/lib/ipsec/spi
2025-06-21 04:49:52,163 [DEBUG] [18/224] Analyze Finished! /home/firmware/Current_dataset/D-Link/DIR-878/cpio-root/bin/nvram_daemon
2025-06-21 04:49:52,165 [INFO] Extracted 884 strings from /home/firmware/Current_dataset/D-Link/DIR-878/cpio-root/lib/ipsec/ikeping
2025-06-21 04:49:52,168 [INFO] Extracted 367 strings from /home/firmware/Current_dataset/D-Link/DIR-878/cpio-root/usr/sbin/radvd
2025-06-21 04:49:52,171 [WARNING] Unknown endianness for /home/firmware/Current_dataset/D-Link/DIR-878/cpio-root/sbin/config-pptp.sh: /home/firmware/Current_dataset/D-Link/DIR-878/cpio-root/sbin/config-pptp.sh: POSIX shell script, ASCII text executable
2025-06-21 04:49:52,174 [DEBUG] [19/224] Analyze Finished! /home/firmware/Current_dataset/D-Link/DIR-878/cpio-root/usr/sbin/pppoe-discovery
2025-06-21 04:49:52,176 [WARNING] Unknown endianness for /home/firmware/Current_dataset/D-Link/DIR-878/cpio-root/sbin/openl2tp.sh: /home/firmware/Current_dataset/D-Link/DIR-878/cpio-root/sbin/openl2tp.sh: POSIX shell script, ASCII text executable
2025-06-21 04:49:52,178 [INFO] Extracted 47 strings from /home/firmware/Current_dataset/D-Link/DIR-878/cpio-root/etc_ro/lighttpd/lib/mod_expire.so
2025-06-21 04:49:52,179 [INFO] Extracted 976 strings from /home/firmware/Current_dataset/D-Link/DIR-878/cpio-root/usr/sbin/omcproxy
2025-06-21 04:49:52,181 [INFO] Extracted 11 strings from /home/firmware/Current_dataset/D-Link/DIR-878/cpio-root/sbin/config-pptp.sh
2025-06-21 04:49:52,186 [INFO] Extracted 1 strings from /home/firmware/Current_dataset/D-Link/DIR-878/cpio-root/sbin/openl2tp.sh
2025-06-21 04:49:52,189 [INFO] Extracted 55 strings from /home/firmware/Current_dataset/D-Link/DIR-878/cpio-root/bin/hw_nat
2025-06-21 04:49:52,191 [DEBUG] [20/224] Analyze Finished! /home/firmware/Current_dataset/D-Link/DIR-878/cpio-root/sbin/openl2tp.sh
2025-06-21 04:49:52,193 [INFO] Extracted 39 strings from /home/firmware/Current_dataset/D-Link/DIR-878/cpio-root/lib/modules/3.10.14+/kernel/net/netfilter/nf_conntrack_pptp.ko
2025-06-21 04:49:52,198 [WARNING] Unknown endianness for /home/firmware/Current_dataset/D-Link/DIR-878/cpio-root/sbin/stupid-ftpd-common.sh: /home/firmware/Current_dataset/D-Link/DIR-878/cpio-root/sbin/stupid-ftpd-common.sh: POSIX shell script, ASCII text executable
2025-06-21 04:49:52,198 [DEBUG] [21/224] Analyze Finished! /home/firmware/Current_dataset/D-Link/DIR-878/cpio-root/etc_ro/lighttpd/lib/mod_accesslog.so
2025-06-21 04:49:52,200 [INFO] Extracted 41 strings from /home/firmware/Current_dataset/D-Link/DIR-878/cpio-root/bin/spdifcmd
2025-06-21 04:49:52,205 [DEBUG] [22/224] Analyze Finished! /home/firmware/Current_dataset/D-Link/DIR-878/cpio-root/etc_ro/lighttpd/lib/mod_evhost.so
2025-06-21 04:49:52,205 [DEBUG] [23/224] Analyze Finished! /home/firmware/Current_dataset/D-Link/DIR-878/cpio-root/sbin/config-pptp.sh
2025-06-21 04:49:52,205 [DEBUG] [24/224] Analyze Finished! /home/firmware/Current_dataset/D-Link/DIR-878/cpio-root/etc_ro/lighttpd/lib/mod_scgi.so
2025-06-21 04:49:52,210 [INFO] Extracted 1 strings from /home/firmware/Current_dataset/D-Link/DIR-878/cpio-root/sbin/stupid-ftpd-common.sh
2025-06-21 04:49:52,216 [DEBUG] [25/224] Analyze Finished! /home/firmware/Current_dataset/D-Link/DIR-878/cpio-root/sbin/stupid-ftpd-common.sh
2025-06-21 04:49:52,221 [INFO] Extracted 458 strings from /home/firmware/Current_dataset/D-Link/DIR-878/cpio-root/usr/bin/mDNSResponder
2025-06-21 04:49:52,222 [DEBUG] [26/224] Analyze Finished! /home/firmware/Current_dataset/D-Link/DIR-878/cpio-root/lib/libthreadutil.so.1.3.1
2025-06-21 04:49:52,222 [DEBUG] [27/224] Analyze Finished! /home/firmware/Current_dataset/D-Link/DIR-878/cpio-root/lib/libip6tc.so.0
2025-06-21 04:49:52,226 [INFO] Extracted 148 strings from /home/firmware/Current_dataset/D-Link/DIR-878/cpio-root/usr/sbin/timer
2025-06-21 04:49:52,228 [DEBUG] [28/224] Analyze Finished! /home/firmware/Current_dataset/D-Link/DIR-878/cpio-root/etc_ro/lighttpd/lib/mod_expire.so
2025-06-21 04:49:52,233 [WARNING] Unknown endianness for /home/firmware/Current_dataset/D-Link/DIR-878/cpio-root/bin/routel: /home/firmware/Current_dataset/D-Link/DIR-878/cpio-root/bin/routel: POSIX shell script, ASCII text executable
2025-06-21 04:49:52,233 [INFO] Extracted 217 strings from /home/firmware/Current_dataset/D-Link/DIR-878/cpio-root/etc_ro/lighttpd/lib/mod_fastcgi.so
2025-06-21 04:49:52,238 [INFO] Extracted 31 strings from /home/firmware/Current_dataset/D-Link/DIR-878/cpio-root/etc_ro/lighttpd/www/web/dllog.cgi
2025-06-21 04:49:52,239 [DEBUG] [29/224] Analyze Finished! /home/firmware/Current_dataset/D-Link/DIR-878/cpio-root/lib/modules/3.10.14+/kernel/net/netfilter/nf_conntrack_pptp.ko
2025-06-21 04:49:52,242 [INFO] Extracted 72 strings from /home/firmware/Current_dataset/D-Link/DIR-878/cpio-root/usr/bin/nl_server
2025-06-21 04:49:52,245 [DEBUG] [30/224] Analyze Finished! /home/firmware/Current_dataset/D-Link/DIR-878/cpio-root/bin/spdifcmd
2025-06-21 04:49:52,247 [INFO] Extracted 1 strings from /home/firmware/Current_dataset/D-Link/DIR-878/cpio-root/bin/routel
2025-06-21 04:49:52,250 [DEBUG] [31/224] Analyze Finished! /home/firmware/Current_dataset/D-Link/DIR-878/cpio-root/bin/hw_nat
2025-06-21 04:49:52,251 [DEBUG] [32/224] Analyze Finished! /home/firmware/Current_dataset/D-Link/DIR-878/cpio-root/bin/routel
2025-06-21 04:49:52,252 [INFO] Extracted 173 strings from /home/firmware/Current_dataset/D-Link/DIR-878/cpio-root/bin/mpstat
2025-06-21 04:49:52,261 [INFO] Extracted 39 strings from /home/firmware/Current_dataset/D-Link/DIR-878/cpio-root/etc_ro/lighttpd/lib/mod_rewrite.so
2025-06-21 04:49:52,261 [INFO] Extracted 106 strings from /home/firmware/Current_dataset/D-Link/DIR-878/cpio-root/lib/libcrypt-0.9.33.2.so
2025-06-21 04:49:52,270 [INFO] Extracted 103 strings from /home/firmware/Current_dataset/D-Link/DIR-878/cpio-root/etc_ro/lighttpd/lib/mod_webdav.so
2025-06-21 04:49:52,272 [DEBUG] [33/224] Analyze Finished! /home/firmware/Current_dataset/D-Link/DIR-878/cpio-root/etc_ro/lighttpd/www/web/dllog.cgi
2025-06-21 04:49:52,275 [WARNING] Unknown endianness for /home/firmware/Current_dataset/D-Link/DIR-878/cpio-root/sbin/ipsec: /home/firmware/Current_dataset/D-Link/DIR-878/cpio-root/sbin/ipsec: POSIX shell script, ASCII text executable
2025-06-21 04:49:52,275 [INFO] Extracted 41 strings from /home/firmware/Current_dataset/D-Link/DIR-878/cpio-root/etc_ro/lighttpd/lib/mod_compress.so
2025-06-21 04:49:52,278 [DEBUG] [34/224] Analyze Finished! /home/firmware/Current_dataset/D-Link/DIR-878/cpio-root/sbin/udhcpc-discovery
2025-06-21 04:49:52,279 [WARNING] Unknown endianness for /home/firmware/Current_dataset/D-Link/DIR-878/cpio-root/sbin/pcie_enumerate_reboot.sh: /home/firmware/Current_dataset/D-Link/DIR-878/cpio-root/sbin/pcie_enumerate_reboot.sh: POSIX shell script, ASCII text executable
2025-06-21 04:49:52,281 [INFO] Extracted 1429 strings from /home/firmware/Current_dataset/D-Link/DIR-878/cpio-root/bin/rc
2025-06-21 04:49:52,287 [WARNING] Unknown endianness for /home/firmware/Current_dataset/D-Link/DIR-878/cpio-root/sbin/udhcpc.sh: /home/firmware/Current_dataset/D-Link/DIR-878/cpio-root/sbin/udhcpc.sh: POSIX shell script, ASCII text executable
2025-06-21 04:49:52,289 [INFO] Extracted 14 strings from /home/firmware/Current_dataset/D-Link/DIR-878/cpio-root/sbin/ipsec
2025-06-21 04:49:52,290 [INFO] Extracted 10 strings from /home/firmware/Current_dataset/D-Link/DIR-878/cpio-root/sbin/pcie_enumerate_reboot.sh
2025-06-21 04:49:52,300 [INFO] Extracted 7 strings from /home/firmware/Current_dataset/D-Link/DIR-878/cpio-root/sbin/udhcpc.sh
2025-06-21 04:49:52,303 [INFO] Extracted 1188 strings from /home/firmware/Current_dataset/D-Link/DIR-878/cpio-root/bin/busybox
2025-06-21 04:49:52,307 [DEBUG] [35/224] Analyze Finished! /home/firmware/Current_dataset/D-Link/DIR-878/cpio-root/etc_ro/lighttpd/lib/mod_rewrite.so
2025-06-21 04:49:52,310 [INFO] Extracted 50 strings from /home/firmware/Current_dataset/D-Link/DIR-878/cpio-root/sbin/tw_hotplug
2025-06-21 04:49:52,313 [DEBUG] [36/224] Analyze Finished! /home/firmware/Current_dataset/D-Link/DIR-878/cpio-root/sbin/pcie_enumerate_reboot.sh
2025-06-21 04:49:52,318 [INFO] Extracted 43 strings from /home/firmware/Current_dataset/D-Link/DIR-878/cpio-root/lib/modules/3.10.14+/kernel/net/ipv4/netfilter/nf_nat_rtsp.ko
2025-06-21 04:49:52,319 [DEBUG] [37/224] Analyze Finished! /home/firmware/Current_dataset/D-Link/DIR-878/cpio-root/sbin/ipsec
2025-06-21 04:49:52,319 [DEBUG] [38/224] Analyze Finished! /home/firmware/Current_dataset/D-Link/DIR-878/cpio-root/sbin/udhcpc.sh
2025-06-21 04:49:52,319 [DEBUG] [39/224] Analyze Finished! /home/firmware/Current_dataset/D-Link/DIR-878/cpio-root/usr/bin/nl_server
2025-06-21 04:49:52,319 [DEBUG] [40/224] Analyze Finished! /home/firmware/Current_dataset/D-Link/DIR-878/cpio-root/etc_ro/lighttpd/lib/mod_compress.so
2025-06-21 04:49:52,321 [INFO] Extracted 876 strings from /home/firmware/Current_dataset/D-Link/DIR-878/cpio-root/usr/sbin/dhcp6-multi
2025-06-21 04:49:52,325 [INFO] Extracted 30 strings from /home/firmware/Current_dataset/D-Link/DIR-878/cpio-root/etc_ro/lighttpd/lib/mod_trigger_b4_dl.so
2025-06-21 04:49:52,331 [WARNING] Unknown endianness for /home/firmware/Current_dataset/D-Link/DIR-878/cpio-root/lib/ipsec/_secretcensor: /home/firmware/Current_dataset/D-Link/DIR-878/cpio-root/lib/ipsec/_secretcensor: POSIX shell script, ASCII text executable
2025-06-21 04:49:52,337 [INFO] Extracted 741 strings from /home/firmware/Current_dataset/D-Link/DIR-878/cpio-root/usr/bin/pppdo
2025-06-21 04:49:52,338 [INFO] Extracted 28 strings from /home/firmware/Current_dataset/D-Link/DIR-878/cpio-root/lib/libjson.so.0.1.0
2025-06-21 04:49:52,343 [INFO] Extracted 5 strings from /home/firmware/Current_dataset/D-Link/DIR-878/cpio-root/lib/ipsec/_secretcensor
2025-06-21 04:49:52,344 [WARNING] Unknown endianness for /home/firmware/Current_dataset/D-Link/DIR-878/cpio-root/sbin/fingerprint.sh: /home/firmware/Current_dataset/D-Link/DIR-878/cpio-root/sbin/fingerprint.sh: POSIX shell script, ASCII text executable
2025-06-21 04:49:52,349 [INFO] Extracted 31 strings from /home/firmware/Current_dataset/D-Link/DIR-878/cpio-root/bin/gpio
2025-06-21 04:49:52,353 [DEBUG] [41/224] Analyze Finished! /home/firmware/Current_dataset/D-Link/DIR-878/cpio-root/lib/ipsec/_secretcensor
2025-06-21 04:49:52,355 [WARNING] Unknown endianness for /home/firmware/Current_dataset/D-Link/DIR-878/cpio-root/lib/ipsec/auto: /home/firmware/Current_dataset/D-Link/DIR-878/cpio-root/lib/ipsec/auto: POSIX shell script, ASCII text executable
2025-06-21 04:49:52,357 [INFO] Extracted 6 strings from /home/firmware/Current_dataset/D-Link/DIR-878/cpio-root/sbin/fingerprint.sh
2025-06-21 04:49:52,363 [INFO] Extracted 317 strings from /home/firmware/Current_dataset/D-Link/DIR-878/cpio-root/usr/bin/xl2tpd
2025-06-21 04:49:52,367 [WARNING] Unknown endianness for /home/firmware/Current_dataset/D-Link/DIR-878/cpio-root/lib/ipsec/_updown: /home/firmware/Current_dataset/D-Link/DIR-878/cpio-root/lib/ipsec/_updown: POSIX shell script, ASCII text executable
2025-06-21 04:49:52,368 [DEBUG] [42/224] Analyze Finished! /home/firmware/Current_dataset/D-Link/DIR-878/cpio-root/etc_ro/lighttpd/lib/mod_trigger_b4_dl.so
2025-06-21 04:49:52,369 [INFO] Extracted 20 strings from /home/firmware/Current_dataset/D-Link/DIR-878/cpio-root/lib/ipsec/auto
2025-06-21 04:49:52,372 [WARNING] Unknown endianness for /home/firmware/Current_dataset/D-Link/DIR-878/cpio-root/sbin/config-vlan.sh: /home/firmware/Current_dataset/D-Link/DIR-878/cpio-root/sbin/config-vlan.sh: POSIX shell script, ASCII text executable
2025-06-21 04:49:52,373 [INFO] Extracted 35 strings from /home/firmware/Current_dataset/D-Link/DIR-878/cpio-root/bin/dumpleases
2025-06-21 04:49:52,375 [DEBUG] [43/224] Analyze Finished! /home/firmware/Current_dataset/D-Link/DIR-878/cpio-root/sbin/tw_hotplug
2025-06-21 04:49:52,378 [INFO] Extracted 5 strings from /home/firmware/Current_dataset/D-Link/DIR-878/cpio-root/lib/ipsec/_updown
2025-06-21 04:49:52,383 [DEBUG] [44/224] Analyze Finished! /home/firmware/Current_dataset/D-Link/DIR-878/cpio-root/lib/modules/3.10.14+/kernel/net/ipv4/netfilter/nf_nat_rtsp.ko
2025-06-21 04:49:52,385 [INFO] Extracted 15 strings from /home/firmware/Current_dataset/D-Link/DIR-878/cpio-root/sbin/config-vlan.sh
2025-06-21 04:49:52,389 [INFO] Extracted 29 strings from /home/firmware/Current_dataset/D-Link/DIR-878/cpio-root/bin/pcmcmd
2025-06-21 04:49:52,390 [DEBUG] [45/224] Analyze Finished! /home/firmware/Current_dataset/D-Link/DIR-878/cpio-root/sbin/fingerprint.sh
2025-06-21 04:49:52,396 [DEBUG] [46/224] Analyze Finished! /home/firmware/Current_dataset/D-Link/DIR-878/cpio-root/lib/libjson.so.0.1.0
2025-06-21 04:49:52,397 [DEBUG] [47/224] Analyze Finished! /home/firmware/Current_dataset/D-Link/DIR-878/cpio-root/lib/libcrypt-0.9.33.2.so
2025-06-21 04:49:52,397 [DEBUG] [48/224] Analyze Finished! /home/firmware/Current_dataset/D-Link/DIR-878/cpio-root/etc_ro/lighttpd/lib/mod_webdav.so
2025-06-21 04:49:52,401 [INFO] Extracted 205 strings from /home/firmware/Current_dataset/D-Link/DIR-878/cpio-root/sbin/lspci
2025-06-21 04:49:52,403 [DEBUG] [49/224] Analyze Finished! /home/firmware/Current_dataset/D-Link/DIR-878/cpio-root/usr/sbin/timer
2025-06-21 04:49:52,403 [DEBUG] [50/224] Analyze Finished! /home/firmware/Current_dataset/D-Link/DIR-878/cpio-root/bin/gpio
2025-06-21 04:49:52,403 [DEBUG] [51/224] Analyze Finished! /home/firmware/Current_dataset/D-Link/DIR-878/cpio-root/lib/ipsec/_updown
2025-06-21 04:49:52,409 [DEBUG] [52/224] Analyze Finished! /home/firmware/Current_dataset/D-Link/DIR-878/cpio-root/lib/ipsec/auto
2025-06-21 04:49:52,410 [DEBUG] [53/224] Analyze Finished! /home/firmware/Current_dataset/D-Link/DIR-878/cpio-root/sbin/config-vlan.sh
2025-06-21 04:49:52,411 [INFO] Extracted 30 strings from /home/firmware/Current_dataset/D-Link/DIR-878/cpio-root/etc_ro/lighttpd/lib/mod_alias.so
2025-06-21 04:49:52,415 [DEBUG] [54/224] Analyze Finished! /home/firmware/Current_dataset/D-Link/DIR-878/cpio-root/bin/dumpleases
2025-06-21 04:49:52,419 [INFO] Extracted 80 strings from /home/firmware/Current_dataset/D-Link/DIR-878/cpio-root/bin/ntpclient
2025-06-21 04:49:52,421 [DEBUG] [55/224] Analyze Finished! /home/firmware/Current_dataset/D-Link/DIR-878/cpio-root/bin/pcmcmd
2025-06-21 04:49:52,423 [INFO] Extracted 2191 strings from /home/firmware/Current_dataset/D-Link/DIR-878/cpio-root/bin/openssl
2025-06-21 04:49:52,427 [DEBUG] [56/224] Analyze Finished! /home/firmware/Current_dataset/D-Link/DIR-878/cpio-root/bin/mpstat
2025-06-21 04:49:52,428 [INFO] Extracted 578 strings from /home/firmware/Current_dataset/D-Link/DIR-878/cpio-root/lib/libupnp.so.1.3.1
2025-06-21 04:49:52,429 [INFO] Extracted 48 strings from /home/firmware/Current_dataset/D-Link/DIR-878/cpio-root/bin/mtr
2025-06-21 04:49:52,435 [INFO] Extracted 149 strings from /home/firmware/Current_dataset/D-Link/DIR-878/cpio-root/lib/libz-1.2.3.so
2025-06-21 04:49:52,443 [INFO] Extracted 149 strings from /home/firmware/Current_dataset/D-Link/DIR-878/cpio-root/bin/igmpproxy
2025-06-21 04:49:52,444 [DEBUG] [57/224] Analyze Finished! /home/firmware/Current_dataset/D-Link/DIR-878/cpio-root/etc_ro/lighttpd/lib/mod_alias.so
2025-06-21 04:49:52,446 [INFO] Extracted 842 strings from /home/firmware/Current_dataset/D-Link/DIR-878/cpio-root/bin/iptables
2025-06-21 04:49:52,451 [INFO] Extracted 28 strings from /home/firmware/Current_dataset/D-Link/DIR-878/cpio-root/etc_ro/lighttpd/lib/mod_access.so
2025-06-21 04:49:52,455 [INFO] Extracted 16 strings from /home/firmware/Current_dataset/D-Link/DIR-878/cpio-root/lib/modules/3.10.14+/kernel/net/ipv4/netfilter/nf_nat_proto_gre.ko
2025-06-21 04:49:52,455 [DEBUG] [58/224] Analyze Finished! /home/firmware/Current_dataset/D-Link/DIR-878/cpio-root/etc_ro/lighttpd/lib/mod_fastcgi.so
2025-06-21 04:49:52,465 [INFO] Extracted 116 strings from /home/firmware/Current_dataset/D-Link/DIR-878/cpio-root/etc_ro/lighttpd/lib/mod_proxy.so
2025-06-21 04:49:52,466 [WARNING] Unknown endianness for /home/firmware/Current_dataset/D-Link/DIR-878/cpio-root/lib/ipsec/_keycensor: /home/firmware/Current_dataset/D-Link/DIR-878/cpio-root/lib/ipsec/_keycensor: POSIX shell script, ASCII text executable
2025-06-21 04:49:52,469 [INFO] Extracted 34 strings from /home/firmware/Current_dataset/D-Link/DIR-878/cpio-root/etc_ro/lighttpd/lib/mod_indexfile.so
2025-06-21 04:49:52,478 [INFO] Extracted 5 strings from /home/firmware/Current_dataset/D-Link/DIR-878/cpio-root/lib/ipsec/_keycensor
2025-06-21 04:49:52,479 [DEBUG] [59/224] Analyze Finished! /home/firmware/Current_dataset/D-Link/DIR-878/cpio-root/lib/modules/3.10.14+/kernel/net/ipv4/netfilter/nf_nat_proto_gre.ko
2025-06-21 04:49:52,484 [INFO] Extracted 273 strings from /home/firmware/Current_dataset/D-Link/DIR-878/cpio-root/lib/libjson-c.so.2.0.1
2025-06-21 04:49:52,486 [DEBUG] [60/224] Analyze Finished! /home/firmware/Current_dataset/D-Link/DIR-878/cpio-root/bin/mtr
2025-06-21 04:49:52,487 [DEBUG] [61/224] Analyze Finished! /home/firmware/Current_dataset/D-Link/DIR-878/cpio-root/etc_ro/lighttpd/lib/mod_access.so
2025-06-21 04:49:52,487 [INFO] Extracted 78 strings from /home/firmware/Current_dataset/D-Link/DIR-878/cpio-root/lib/libip4tc.so.0
2025-06-21 04:49:52,487 [DEBUG] [62/224] Analyze Finished! /home/firmware/Current_dataset/D-Link/DIR-878/cpio-root/lib/ipsec/_keycensor
2025-06-21 04:49:52,488 [WARNING] Unknown endianness for /home/firmware/Current_dataset/D-Link/DIR-878/cpio-root/sbin/rps.sh: /home/firmware/Current_dataset/D-Link/DIR-878/cpio-root/sbin/rps.sh: POSIX shell script, ASCII text executable
2025-06-21 04:49:52,494 [INFO] Extracted 127 strings from /home/firmware/Current_dataset/D-Link/DIR-878/cpio-root/bin/bndstrg
2025-06-21 04:49:52,500 [INFO] Extracted 1 strings from /home/firmware/Current_dataset/D-Link/DIR-878/cpio-root/sbin/rps.sh
2025-06-21 04:49:52,501 [DEBUG] [63/224] Analyze Finished! /home/firmware/Current_dataset/D-Link/DIR-878/cpio-root/bin/ntpclient
2025-06-21 04:49:52,503 [INFO] Extracted 155 strings from /home/firmware/Current_dataset/D-Link/DIR-878/cpio-root/bin/protest
2025-06-21 04:49:52,508 [INFO] Extracted 38 strings from /home/firmware/Current_dataset/D-Link/DIR-878/cpio-root/etc_ro/lighttpd/lib/mod_secdownload.so
2025-06-21 04:49:52,509 [DEBUG] [64/224] Analyze Finished! /home/firmware/Current_dataset/D-Link/DIR-878/cpio-root/sbin/rps.sh
2025-06-21 04:49:52,509 [DEBUG] [65/224] Analyze Finished! /home/firmware/Current_dataset/D-Link/DIR-878/cpio-root/etc_ro/lighttpd/lib/mod_indexfile.so
2025-06-21 04:49:52,516 [INFO] Extracted 36 strings from /home/firmware/Current_dataset/D-Link/DIR-878/cpio-root/etc_ro/lighttpd/lib/mod_cml.so
2025-06-21 04:49:52,521 [WARNING] Unknown endianness for /home/firmware/Current_dataset/D-Link/DIR-878/cpio-root/sbin/auto-test.sh: /home/firmware/Current_dataset/D-Link/DIR-878/cpio-root/sbin/auto-test.sh: POSIX shell script, ASCII text executable
2025-06-21 04:49:52,531 [INFO] Extracted 1 strings from /home/firmware/Current_dataset/D-Link/DIR-878/cpio-root/sbin/auto-test.sh
2025-06-21 04:49:52,532 [INFO] Extracted 105 strings from /home/firmware/Current_dataset/D-Link/DIR-878/cpio-root/sbin/pppoe-relay
2025-06-21 04:49:52,539 [INFO] Extracted 64 strings from /home/firmware/Current_dataset/D-Link/DIR-878/cpio-root/bin/init_system
2025-06-21 04:49:52,541 [INFO] Extracted 82 strings from /home/firmware/Current_dataset/D-Link/DIR-878/cpio-root/etc_ro/lighttpd/lib/mod_status.so
2025-06-21 04:49:52,542 [DEBUG] [66/224] Analyze Finished! /home/firmware/Current_dataset/D-Link/DIR-878/cpio-root/sbin/auto-test.sh
2025-06-21 04:49:52,542 [DEBUG] [67/224] Analyze Finished! /home/firmware/Current_dataset/D-Link/DIR-878/cpio-root/usr/sbin/radvd : 32 matches
2025-06-21 04:49:52,546 [INFO] Extracted 68 strings from /home/firmware/Current_dataset/D-Link/DIR-878/cpio-root/lib/ld-uClibc-0.9.33.2.so
2025-06-21 04:49:52,551 [DEBUG] [68/224] Analyze Finished! /home/firmware/Current_dataset/D-Link/DIR-878/cpio-root/etc_ro/lighttpd/lib/mod_secdownload.so
2025-06-21 04:49:52,556 [WARNING] Unknown endianness for /home/firmware/Current_dataset/D-Link/DIR-878/cpio-root/lib/ipsec/_realsetup: /home/firmware/Current_dataset/D-Link/DIR-878/cpio-root/lib/ipsec/_realsetup: POSIX shell script, ASCII text executable
2025-06-21 04:49:52,559 [DEBUG] [69/224] Analyze Finished! /home/firmware/Current_dataset/D-Link/DIR-878/cpio-root/etc_ro/lighttpd/lib/mod_cml.so
2025-06-21 04:49:52,568 [DEBUG] [70/224] Analyze Finished! /home/firmware/Current_dataset/D-Link/DIR-878/cpio-root/bin/miniupnpd : 43 matches
2025-06-21 04:49:52,571 [INFO] Extracted 37 strings from /home/firmware/Current_dataset/D-Link/DIR-878/cpio-root/lib/ipsec/_realsetup
2025-06-21 04:49:52,571 [WARNING] Unknown endianness for /home/firmware/Current_dataset/D-Link/DIR-878/cpio-root/lib/ipsec/setup: /home/firmware/Current_dataset/D-Link/DIR-878/cpio-root/lib/ipsec/setup: POSIX shell script, ASCII text executable
2025-06-21 04:49:52,572 [INFO] Extracted 800 strings from /home/firmware/Current_dataset/D-Link/DIR-878/cpio-root/bin/dnsmasq
2025-06-21 04:49:52,583 [INFO] Extracted 5 strings from /home/firmware/Current_dataset/D-Link/DIR-878/cpio-root/lib/ipsec/setup
2025-06-21 04:49:52,585 [DEBUG] [71/224] Analyze Finished! /home/firmware/Current_dataset/D-Link/DIR-878/cpio-root/lib/libip4tc.so.0
2025-06-21 04:49:52,590 [INFO] Extracted 42 strings from /home/firmware/Current_dataset/D-Link/DIR-878/cpio-root/bin/acl
2025-06-21 04:49:52,585 [DEBUG] [72/224] Analyze Finished! /home/firmware/Current_dataset/D-Link/DIR-878/cpio-root/lib/libz-1.2.3.so
2025-06-21 04:49:52,594 [DEBUG] [73/224] Analyze Finished! /home/firmware/Current_dataset/D-Link/DIR-878/cpio-root/etc_ro/lighttpd/lib/mod_proxy.so
2025-06-21 04:49:52,596 [WARNING] Unknown endianness for /home/firmware/Current_dataset/D-Link/DIR-878/cpio-root/sbin/gtp.sh: /home/firmware/Current_dataset/D-Link/DIR-878/cpio-root/sbin/gtp.sh: POSIX shell script, ASCII text executable
2025-06-21 04:49:52,599 [INFO] Extracted 133 strings from /home/firmware/Current_dataset/D-Link/DIR-878/cpio-root/etc_ro/lighttpd/lib/mod_cgi.so
2025-06-21 04:49:52,602 [INFO] Extracted 2913 strings from /home/firmware/Current_dataset/D-Link/DIR-878/cpio-root/lib/ipsec/pluto
2025-06-21 04:49:52,603 [DEBUG] [74/224] Analyze Finished! /home/firmware/Current_dataset/D-Link/DIR-878/cpio-root/lib/ipsec/setup
2025-06-21 04:49:52,603 [DEBUG] [75/224] Analyze Finished! /home/firmware/Current_dataset/D-Link/DIR-878/cpio-root/bin/igmpproxy
2025-06-21 04:49:52,603 [DEBUG] [76/224] Analyze Finished! /home/firmware/Current_dataset/D-Link/DIR-878/cpio-root/sbin/lspci
2025-06-21 04:49:52,603 [DEBUG] [77/224] Analyze Finished! /home/firmware/Current_dataset/D-Link/DIR-878/cpio-root/bin/init_system
2025-06-21 04:49:52,607 [WARNING] Unknown endianness for /home/firmware/Current_dataset/D-Link/DIR-878/cpio-root/sbin/chpasswd.sh: /home/firmware/Current_dataset/D-Link/DIR-878/cpio-root/sbin/chpasswd.sh: POSIX shell script, ASCII text executable
2025-06-21 04:49:52,608 [INFO] Extracted 1 strings from /home/firmware/Current_dataset/D-Link/DIR-878/cpio-root/sbin/gtp.sh
2025-06-21 04:49:52,612 [DEBUG] [78/224] Analyze Finished! /home/firmware/Current_dataset/D-Link/DIR-878/cpio-root/sbin/gtp.sh
2025-06-21 04:49:52,615 [WARNING] Unknown endianness for /home/firmware/Current_dataset/D-Link/DIR-878/cpio-root/sbin/wifi_unload.sh: /home/firmware/Current_dataset/D-Link/DIR-878/cpio-root/sbin/wifi_unload.sh: POSIX shell script, ASCII text executable
2025-06-21 04:49:52,616 [INFO] Extracted 1 strings from /home/firmware/Current_dataset/D-Link/DIR-878/cpio-root/sbin/chpasswd.sh
2025-06-21 04:49:52,621 [DEBUG] [79/224] Analyze Finished! /home/firmware/Current_dataset/D-Link/DIR-878/cpio-root/lib/ipsec/_realsetup
2025-06-21 04:49:52,621 [DEBUG] [80/224] Analyze Finished! /home/firmware/Current_dataset/D-Link/DIR-878/cpio-root/lib/ld-uClibc-0.9.33.2.so
2025-06-21 04:49:52,628 [DEBUG] [81/224] Analyze Finished! /home/firmware/Current_dataset/D-Link/DIR-878/cpio-root/sbin/chpasswd.sh
2025-06-21 04:49:52,628 [INFO] Extracted 17 strings from /home/firmware/Current_dataset/D-Link/DIR-878/cpio-root/sbin/wifi_unload.sh
2025-06-21 04:49:52,632 [WARNING] Unknown endianness for /home/firmware/Current_dataset/D-Link/DIR-878/cpio-root/sbin/ntp.sh: /home/firmware/Current_dataset/D-Link/DIR-878/cpio-root/sbin/ntp.sh: POSIX shell script, ASCII text executable
2025-06-21 04:49:52,628 [DEBUG] [82/224] Analyze Finished! /home/firmware/Current_dataset/D-Link/DIR-878/cpio-root/bin/bndstrg
2025-06-21 04:49:52,633 [DEBUG] [83/224] Analyze Finished! /home/firmware/Current_dataset/D-Link/DIR-878/cpio-root/etc_ro/lighttpd/lib/mod_status.so
2025-06-21 04:49:52,634 [INFO] Extracted 589 strings from /home/firmware/Current_dataset/D-Link/DIR-878/cpio-root/bin/lighttpd
2025-06-21 04:49:52,645 [INFO] Extracted 3 strings from /home/firmware/Current_dataset/D-Link/DIR-878/cpio-root/sbin/ntp.sh
2025-06-21 04:49:52,645 [DEBUG] [84/224] Analyze Finished! /home/firmware/Current_dataset/D-Link/DIR-878/cpio-root/bin/acl
2025-06-21 04:49:52,651 [DEBUG] [85/224] Analyze Finished! /home/firmware/Current_dataset/D-Link/DIR-878/cpio-root/sbin/wifi_unload.sh
2025-06-21 04:49:52,659 [DEBUG] [86/224] Analyze Finished! /home/firmware/Current_dataset/D-Link/DIR-878/cpio-root/sbin/ntp.sh
2025-06-21 04:49:52,659 [DEBUG] [87/224] Analyze Finished! /home/firmware/Current_dataset/D-Link/DIR-878/cpio-root/bin/protest
2025-06-21 04:49:52,661 [INFO] Extracted 908 strings from /home/firmware/Current_dataset/D-Link/DIR-878/cpio-root/lib/ipsec/eroute
2025-06-21 04:49:52,663 [INFO] Extracted 826 strings from /home/firmware/Current_dataset/D-Link/DIR-878/cpio-root/bin/ip
2025-06-21 04:49:52,664 [WARNING] Unknown endianness for /home/firmware/Current_dataset/D-Link/DIR-878/cpio-root/lib/ipsec/_plutoload: /home/firmware/Current_dataset/D-Link/DIR-878/cpio-root/lib/ipsec/_plutoload: POSIX shell script, ASCII text executable
2025-06-21 04:49:52,665 [INFO] Extracted 240 strings from /home/firmware/Current_dataset/D-Link/DIR-878/cpio-root/lib/libfcgi.so.0.0.0
2025-06-21 04:49:52,669 [INFO] Extracted 53 strings from /home/firmware/Current_dataset/D-Link/DIR-878/cpio-root/sbin/fwupload.cgi
2025-06-21 04:49:52,670 [DEBUG] [88/224] Analyze Finished! /home/firmware/Current_dataset/D-Link/DIR-878/cpio-root/sbin/pppoe-relay
2025-06-21 04:49:52,674 [WARNING] Unknown endianness for /home/firmware/Current_dataset/D-Link/DIR-878/cpio-root/sbin/affinity.sh: /home/firmware/Current_dataset/D-Link/DIR-878/cpio-root/sbin/affinity.sh: POSIX shell script, ASCII text executable
2025-06-21 04:49:52,675 [INFO] Extracted 13 strings from /home/firmware/Current_dataset/D-Link/DIR-878/cpio-root/lib/ipsec/_plutoload
2025-06-21 04:49:52,684 [WARNING] Unknown endianness for /home/firmware/Current_dataset/D-Link/DIR-878/cpio-root/sbin/config-dslite.sh: /home/firmware/Current_dataset/D-Link/DIR-878/cpio-root/sbin/config-dslite.sh: POSIX shell script, ASCII text executable
2025-06-21 04:49:52,682 [DEBUG] [89/224] Analyze Finished! /home/firmware/Current_dataset/D-Link/DIR-878/cpio-root/usr/bin/xl2tpd
2025-06-21 04:49:52,690 [INFO] Extracted 1 strings from /home/firmware/Current_dataset/D-Link/DIR-878/cpio-root/sbin/affinity.sh
2025-06-21 04:49:52,692 [WARNING] Unknown endianness for /home/firmware/Current_dataset/D-Link/DIR-878/cpio-root/sbin/gtd.sh: /home/firmware/Current_dataset/D-Link/DIR-878/cpio-root/sbin/gtd.sh: POSIX shell script, ASCII text executable
2025-06-21 04:49:52,699 [DEBUG] [90/224] Analyze Finished! /home/firmware/Current_dataset/D-Link/DIR-878/cpio-root/usr/lib/pppd/2.4.5/pptp.so : 32 matches
2025-06-21 04:49:52,700 [INFO] Extracted 4 strings from /home/firmware/Current_dataset/D-Link/DIR-878/cpio-root/sbin/config-dslite.sh
2025-06-21 04:49:52,700 [INFO] Extracted 1084 strings from /home/firmware/Current_dataset/D-Link/DIR-878/cpio-root/lib/modules/ipsec.ko
2025-06-21 04:49:52,701 [WARNING] Unknown endianness for /home/firmware/Current_dataset/D-Link/DIR-878/cpio-root/sbin/ipv6_logo.sh: /home/firmware/Current_dataset/D-Link/DIR-878/cpio-root/sbin/ipv6_logo.sh: POSIX shell script, ASCII text executable
2025-06-21 04:49:52,706 [DEBUG] [91/224] Analyze Finished! /home/firmware/Current_dataset/D-Link/DIR-878/cpio-root/lib/ipsec/_plutoload
2025-06-21 04:49:52,706 [INFO] Extracted 3 strings from /home/firmware/Current_dataset/D-Link/DIR-878/cpio-root/sbin/gtd.sh
2025-06-21 04:49:52,713 [DEBUG] [92/224] Analyze Finished! /home/firmware/Current_dataset/D-Link/DIR-878/cpio-root/sbin/affinity.sh
2025-06-21 04:49:52,716 [INFO] Extracted 28 strings from /home/firmware/Current_dataset/D-Link/DIR-878/cpio-root/etc_ro/lighttpd/lib/mod_setenv.so
2025-06-21 04:49:52,716 [INFO] Extracted 14 strings from /home/firmware/Current_dataset/D-Link/DIR-878/cpio-root/sbin/ipv6_logo.sh
2025-06-21 04:49:52,719 [DEBUG] [93/224] Analyze Finished! /home/firmware/Current_dataset/D-Link/DIR-878/cpio-root/usr/bin/mDNSResponder
2025-06-21 04:49:52,719 [DEBUG] [94/224] Analyze Finished! /home/firmware/Current_dataset/D-Link/DIR-878/cpio-root/sbin/config-dslite.sh
2025-06-21 04:49:52,721 [INFO] Extracted 571 strings from /home/firmware/Current_dataset/D-Link/DIR-878/cpio-root/sbin/openl2tpd
2025-06-21 04:49:52,724 [DEBUG] [95/224] Analyze Finished! /home/firmware/Current_dataset/D-Link/DIR-878/cpio-root/sbin/gtd.sh
2025-06-21 04:49:52,728 [INFO] Extracted 11 strings from /home/firmware/Current_dataset/D-Link/DIR-878/cpio-root/lib/libresolv-0.9.33.2.so
2025-06-21 04:49:52,729 [WARNING] Unknown endianness for /home/firmware/Current_dataset/D-Link/DIR-878/cpio-root/sbin/config-igmpproxy.sh: /home/firmware/Current_dataset/D-Link/DIR-878/cpio-root/sbin/config-igmpproxy.sh: POSIX shell script, ASCII text executable
2025-06-21 04:49:52,736 [DEBUG] [96/224] Analyze Finished! /home/firmware/Current_dataset/D-Link/DIR-878/cpio-root/etc_ro/lighttpd/lib/mod_cgi.so
2025-06-21 04:49:52,738 [INFO] Extracted 460 strings from /home/firmware/Current_dataset/D-Link/DIR-878/cpio-root/bin/inadyn-mt
2025-06-21 04:49:52,739 [INFO] Extracted 2 strings from /home/firmware/Current_dataset/D-Link/DIR-878/cpio-root/sbin/config-igmpproxy.sh
2025-06-21 04:49:52,740 [WARNING] Unknown endianness for /home/firmware/Current_dataset/D-Link/DIR-878/cpio-root/sbin/nat.sh: /home/firmware/Current_dataset/D-Link/DIR-878/cpio-root/sbin/nat.sh: POSIX shell script, ASCII text executable
2025-06-21 04:49:52,743 [DEBUG] [97/224] Analyze Finished! /home/firmware/Current_dataset/D-Link/DIR-878/cpio-root/sbin/fwupload.cgi
2025-06-21 04:49:52,743 [DEBUG] [98/224] Analyze Finished! /home/firmware/Current_dataset/D-Link/DIR-878/cpio-root/sbin/ipv6_logo.sh
2025-06-21 04:49:52,747 [INFO] Extracted 71 strings from /home/firmware/Current_dataset/D-Link/DIR-878/cpio-root/lib/libnvram-0.9.28.so
2025-06-21 04:49:52,750 [DEBUG] [99/224] Analyze Finished! /home/firmware/Current_dataset/D-Link/DIR-878/cpio-root/lib/libresolv-0.9.33.2.so
2025-06-21 04:49:52,755 [INFO] Extracted 58 strings from /home/firmware/Current_dataset/D-Link/DIR-878/cpio-root/sbin/seama.cgi
2025-06-21 04:49:52,755 [INFO] Extracted 5 strings from /home/firmware/Current_dataset/D-Link/DIR-878/cpio-root/sbin/nat.sh
2025-06-21 04:49:52,756 [DEBUG] [100/224] Analyze Finished! /home/firmware/Current_dataset/D-Link/DIR-878/cpio-root/sbin/config-igmpproxy.sh
2025-06-21 04:49:52,756 [DEBUG] [101/224] Analyze Finished! /home/firmware/Current_dataset/D-Link/DIR-878/cpio-root/etc_ro/lighttpd/lib/mod_setenv.so
2025-06-21 04:49:52,758 [WARNING] Unknown endianness for /home/firmware/Current_dataset/D-Link/DIR-878/cpio-root/share/udhcpc/default.renew: /home/firmware/Current_dataset/D-Link/DIR-878/cpio-root/share/udhcpc/default.renew: POSIX shell script, ASCII text executable
2025-06-21 04:49:52,763 [INFO] Extracted 117 strings from /home/firmware/Current_dataset/D-Link/DIR-878/cpio-root/lib/ipsec/rsasigkey
2025-06-21 04:49:52,771 [INFO] Extracted 4 strings from /home/firmware/Current_dataset/D-Link/DIR-878/cpio-root/share/udhcpc/default.renew
2025-06-21 04:49:52,774 [DEBUG] [102/224] Analyze Finished! /home/firmware/Current_dataset/D-Link/DIR-878/cpio-root/lib/libjson-c.so.2.0.1
2025-06-21 04:49:52,776 [INFO] Extracted 200 strings from /home/firmware/Current_dataset/D-Link/DIR-878/cpio-root/sbin/udhcpd
2025-06-21 04:49:52,781 [DEBUG] [103/224] Analyze Finished! /home/firmware/Current_dataset/D-Link/DIR-878/cpio-root/sbin/nat.sh
2025-06-21 04:49:52,787 [DEBUG] [104/224] Analyze Finished! /home/firmware/Current_dataset/D-Link/DIR-878/cpio-root/share/udhcpc/default.renew
2025-06-21 04:49:52,789 [INFO] Extracted 56 strings from /home/firmware/Current_dataset/D-Link/DIR-878/cpio-root/bin/switch
2025-06-21 04:49:52,817 [DEBUG] [105/224] Analyze Finished! /home/firmware/Current_dataset/D-Link/DIR-878/cpio-root/sbin/seama.cgi
2025-06-21 04:49:52,823 [DEBUG] [106/224] Analyze Finished! /home/firmware/Current_dataset/D-Link/DIR-878/cpio-root/lib/libnvram-0.9.28.so
2025-06-21 04:49:52,849 [DEBUG] [107/224] Analyze Finished! /home/firmware/Current_dataset/D-Link/DIR-878/cpio-root/bin/switch
2025-06-21 04:49:52,865 [INFO] Extracted 47 strings from /home/firmware/Current_dataset/D-Link/DIR-878/cpio-root/lib/libnotifyrc.so
2025-06-21 04:49:52,872 [INFO] Extracted 160 strings from /home/firmware/Current_dataset/D-Link/DIR-878/cpio-root/bin/iwconfig
2025-06-21 04:49:52,884 [DEBUG] [108/224] Analyze Finished! /home/firmware/Current_dataset/D-Link/DIR-878/cpio-root/lib/ipsec/rsasigkey
2025-06-21 04:49:52,907 [DEBUG] [109/224] Analyze Finished! /home/firmware/Current_dataset/D-Link/DIR-878/cpio-root/lib/libfcgi.so.0.0.0
2025-06-21 04:49:52,917 [WARNING] Unknown endianness for /home/firmware/Current_dataset/D-Link/DIR-878/cpio-root/sbin/config-dns.sh: /home/firmware/Current_dataset/D-Link/DIR-878/cpio-root/sbin/config-dns.sh: POSIX shell script, ASCII text executable
2025-06-21 04:49:52,921 [INFO] Extracted 517 strings from /home/firmware/Current_dataset/D-Link/DIR-878/cpio-root/lib/libgmp-0.9.28.so
2025-06-21 04:49:52,926 [INFO] Extracted 38 strings from /home/firmware/Current_dataset/D-Link/DIR-878/cpio-root/etc_ro/lighttpd/lib/mod_redirect.so
2025-06-21 04:49:52,926 [INFO] Extracted 42 strings from /home/firmware/Current_dataset/D-Link/DIR-878/cpio-root/etc_ro/lighttpd/lib/mod_usertrack.so
2025-06-21 04:49:52,935 [INFO] Extracted 1 strings from /home/firmware/Current_dataset/D-Link/DIR-878/cpio-root/sbin/config-dns.sh
2025-06-21 04:49:52,939 [DEBUG] [110/224] Analyze Finished! /home/firmware/Current_dataset/D-Link/DIR-878/cpio-root/sbin/config-dns.sh
2025-06-21 04:49:52,939 [INFO] Extracted 49 strings from /home/firmware/Current_dataset/D-Link/DIR-878/cpio-root/lib/ipsec/ranbits
2025-06-21 04:49:52,961 [INFO] Extracted 177 strings from /home/firmware/Current_dataset/D-Link/DIR-878/cpio-root/lib/libwebutil.so
2025-06-21 04:49:52,961 [DEBUG] [111/224] Analyze Finished! /home/firmware/Current_dataset/D-Link/DIR-878/cpio-root/lib/libnotifyrc.so
2025-06-21 04:49:52,963 [INFO] Extracted 127 strings from /home/firmware/Current_dataset/D-Link/DIR-878/cpio-root/bin/rt2860apd
2025-06-21 04:49:52,964 [INFO] Extracted 866 strings from /home/firmware/Current_dataset/D-Link/DIR-878/cpio-root/lib/ipsec/tncfg
2025-06-21 04:49:52,970 [DEBUG] [112/224] Analyze Finished! /home/firmware/Current_dataset/D-Link/DIR-878/cpio-root/etc_ro/lighttpd/lib/mod_redirect.so
2025-06-21 04:49:52,974 [INFO] Extracted 715 strings from /home/firmware/Current_dataset/D-Link/DIR-878/cpio-root/sbin/flush_conntrack
2025-06-21 04:49:52,978 [DEBUG] [113/224] Analyze Finished! /home/firmware/Current_dataset/D-Link/DIR-878/cpio-root/etc_ro/lighttpd/lib/mod_usertrack.so
2025-06-21 04:49:52,980 [WARNING] Unknown endianness for /home/firmware/Current_dataset/D-Link/DIR-878/cpio-root/lib/ipsec/_include: /home/firmware/Current_dataset/D-Link/DIR-878/cpio-root/lib/ipsec/_include: POSIX shell script, ASCII text executable
2025-06-21 04:49:52,980 [WARNING] Unknown endianness for /home/firmware/Current_dataset/D-Link/DIR-878/cpio-root/sbin/internet.sh: /home/firmware/Current_dataset/D-Link/DIR-878/cpio-root/sbin/internet.sh: POSIX shell script, ASCII text executable
2025-06-21 04:49:52,984 [WARNING] Unknown endianness for /home/firmware/Current_dataset/D-Link/DIR-878/cpio-root/sbin/stupid-ftpd-user.sh: /home/firmware/Current_dataset/D-Link/DIR-878/cpio-root/sbin/stupid-ftpd-user.sh: POSIX shell script, ASCII text executable
2025-06-21 04:49:52,986 [DEBUG] [114/224] Analyze Finished! /home/firmware/Current_dataset/D-Link/DIR-878/cpio-root/sbin/udhcpd : 31 matches
2025-06-21 04:49:52,991 [WARNING] Unknown endianness for /home/firmware/Current_dataset/D-Link/DIR-878/cpio-root/sbin/global.sh: /home/firmware/Current_dataset/D-Link/DIR-878/cpio-root/sbin/global.sh: POSIX shell script, ASCII text executable
2025-06-21 04:49:52,998 [INFO] Extracted 12 strings from /home/firmware/Current_dataset/D-Link/DIR-878/cpio-root/lib/ipsec/_include
2025-06-21 04:49:53,002 [INFO] Extracted 1 strings from /home/firmware/Current_dataset/D-Link/DIR-878/cpio-root/sbin/stupid-ftpd-user.sh
2025-06-21 04:49:53,003 [INFO] Extracted 37 strings from /home/firmware/Current_dataset/D-Link/DIR-878/cpio-root/sbin/internet.sh
2025-06-21 04:49:53,007 [INFO] Extracted 11 strings from /home/firmware/Current_dataset/D-Link/DIR-878/cpio-root/sbin/global.sh
2025-06-21 04:49:53,015 [DEBUG] [115/224] Analyze Finished! /home/firmware/Current_dataset/D-Link/DIR-878/cpio-root/sbin/stupid-ftpd-user.sh
2025-06-21 04:49:53,023 [DEBUG] [116/224] Analyze Finished! /home/firmware/Current_dataset/D-Link/DIR-878/cpio-root/lib/ipsec/ranbits
2025-06-21 04:49:53,026 [INFO] Extracted 33 strings from /home/firmware/Current_dataset/D-Link/DIR-878/cpio-root/lib/modules/3.10.14+/kernel/net/ipv4/netfilter/nf_nat_ipsec.ko
2025-06-21 04:49:53,034 [DEBUG] [117/224] Analyze Finished! /home/firmware/Current_dataset/D-Link/DIR-878/cpio-root/sbin/global.sh
2025-06-21 04:49:53,034 [WARNING] Unknown endianness for /home/firmware/Current_dataset/D-Link/DIR-878/cpio-root/etc_ro/rcS: /home/firmware/Current_dataset/D-Link/DIR-878/cpio-root/etc_ro/rcS: POSIX shell script, ASCII text executable
2025-06-21 04:49:53,035 [DEBUG] [118/224] Analyze Finished! /home/firmware/Current_dataset/D-Link/DIR-878/cpio-root/lib/ipsec/klipsdebug
2025-06-21 04:49:53,039 [INFO] Extracted 927 strings from /home/firmware/Current_dataset/D-Link/DIR-878/cpio-root/lib/librcm.so
2025-06-21 04:49:53,041 [INFO] Extracted 33 strings from /home/firmware/Current_dataset/D-Link/DIR-878/cpio-root/etc_ro/lighttpd/lib/mod_simple_vhost.so
2025-06-21 04:49:53,042 [INFO] Extracted 37 strings from /home/firmware/Current_dataset/D-Link/DIR-878/cpio-root/etc_ro/lighttpd/lib/mod_userdir.so
2025-06-21 04:49:53,043 [DEBUG] [119/224] Analyze Finished! /home/firmware/Current_dataset/D-Link/DIR-878/cpio-root/lib/ipsec/_include
2025-06-21 04:49:53,044 [INFO] Extracted 136 strings from /home/firmware/Current_dataset/D-Link/DIR-878/cpio-root/lib/libxtables.so.5
2025-06-21 04:49:53,048 [INFO] Extracted 2 strings from /home/firmware/Current_dataset/D-Link/DIR-878/cpio-root/etc_ro/rcS
2025-06-21 04:49:53,053 [DEBUG] [120/224] Analyze Finished! /home/firmware/Current_dataset/D-Link/DIR-878/cpio-root/bin/iwconfig
2025-06-21 04:49:53,053 [DEBUG] [121/224] Analyze Finished! /home/firmware/Current_dataset/D-Link/DIR-878/cpio-root/etc_ro/rcS
2025-06-21 04:49:53,062 [DEBUG] [122/224] Analyze Finished! /home/firmware/Current_dataset/D-Link/DIR-878/cpio-root/lib/libupnp.so.1.3.1
2025-06-21 04:49:53,067 [WARNING] Unknown endianness for /home/firmware/Current_dataset/D-Link/DIR-878/cpio-root/sbin/lan.sh: /home/firmware/Current_dataset/D-Link/DIR-878/cpio-root/sbin/lan.sh: POSIX shell script, ASCII text executable
2025-06-21 04:49:53,082 [DEBUG] [123/224] Analyze Finished! /home/firmware/Current_dataset/D-Link/DIR-878/cpio-root/sbin/internet.sh
2025-06-21 04:49:53,082 [DEBUG] [124/224] Analyze Finished! /home/firmware/Current_dataset/D-Link/DIR-878/cpio-root/lib/modules/3.10.14+/kernel/net/ipv4/netfilter/nf_nat_ipsec.ko
2025-06-21 04:49:53,086 [INFO] Extracted 3 strings from /home/firmware/Current_dataset/D-Link/DIR-878/cpio-root/sbin/lan.sh
2025-06-21 04:49:53,091 [DEBUG] [125/224] Analyze Finished! /home/firmware/Current_dataset/D-Link/DIR-878/cpio-root/etc_ro/lighttpd/lib/mod_userdir.so
2025-06-21 04:49:53,092 [DEBUG] [126/224] Analyze Finished! /home/firmware/Current_dataset/D-Link/DIR-878/cpio-root/etc_ro/lighttpd/lib/mod_simple_vhost.so
2025-06-21 04:49:53,092 [DEBUG] [127/224] Analyze Finished! /home/firmware/Current_dataset/D-Link/DIR-878/cpio-root/usr/bin/pppdo : 39 matches
2025-06-21 04:49:53,094 [INFO] Extracted 20 strings from /home/firmware/Current_dataset/D-Link/DIR-878/cpio-root/lib/modules/3.10.14+/kernel/net/ipv4/netfilter/nf_nat_pptp.ko
2025-06-21 04:49:53,097 [INFO] Extracted 1255 strings from /home/firmware/Current_dataset/D-Link/DIR-878/cpio-root/lib/ipsec/addconn
2025-06-21 04:49:53,102 [DEBUG] [128/224] Analyze Finished! /home/firmware/Current_dataset/D-Link/DIR-878/cpio-root/bin/rt2860apd
2025-06-21 04:49:53,102 [DEBUG] [129/224] Analyze Finished! /home/firmware/Current_dataset/D-Link/DIR-878/cpio-root/sbin/lan.sh
2025-06-21 04:49:53,102 [WARNING] Unknown endianness for /home/firmware/Current_dataset/D-Link/DIR-878/cpio-root/sbin/cpubusy.sh: /home/firmware/Current_dataset/D-Link/DIR-878/cpio-root/sbin/cpubusy.sh: POSIX shell script, ASCII text executable
2025-06-21 04:49:53,102 [WARNING] Unknown endianness for /home/firmware/Current_dataset/D-Link/DIR-878/cpio-root/sbin/nand_test_reboot.sh: /home/firmware/Current_dataset/D-Link/DIR-878/cpio-root/sbin/nand_test_reboot.sh: POSIX shell script, ASCII text executable
2025-06-21 04:49:53,118 [INFO] Extracted 9 strings from /home/firmware/Current_dataset/D-Link/DIR-878/cpio-root/sbin/nand_test_reboot.sh
2025-06-21 04:49:53,118 [INFO] Extracted 2 strings from /home/firmware/Current_dataset/D-Link/DIR-878/cpio-root/sbin/cpubusy.sh
2025-06-21 04:49:53,119 [INFO] Extracted 46 strings from /home/firmware/Current_dataset/D-Link/DIR-878/cpio-root/lib/libutil-0.9.33.2.so
2025-06-21 04:49:53,124 [DEBUG] [130/224] Analyze Finished! /home/firmware/Current_dataset/D-Link/DIR-878/cpio-root/sbin/cpubusy.sh
2025-06-21 04:49:53,127 [INFO] Extracted 1106 strings from /home/firmware/Current_dataset/D-Link/DIR-878/cpio-root/usr/sbin/odhcp6c
2025-06-21 04:49:53,134 [DEBUG] [131/224] Analyze Finished! /home/firmware/Current_dataset/D-Link/DIR-878/cpio-root/lib/modules/3.10.14+/kernel/net/ipv4/netfilter/nf_nat_pptp.ko
2025-06-21 04:49:53,134 [DEBUG] [132/224] Analyze Finished! /home/firmware/Current_dataset/D-Link/DIR-878/cpio-root/sbin/nand_test_reboot.sh
2025-06-21 04:49:53,134 [INFO] Extracted 6830 strings from /home/firmware/Current_dataset/D-Link/DIR-878/cpio-root/lib/libcrypto.so.1.0.0
2025-06-21 04:49:53,149 [DEBUG] [133/224] Analyze Finished! /home/firmware/Current_dataset/D-Link/DIR-878/cpio-root/lib/ipsec/ikeping
2025-06-21 04:49:53,157 [INFO] Extracted 3739 strings from /home/firmware/Current_dataset/D-Link/DIR-878/cpio-root/lib/libuClibc-0.9.33.2.so
2025-06-21 04:49:53,160 [INFO] Extracted 550 strings from /home/firmware/Current_dataset/D-Link/DIR-878/cpio-root/bin/qos_run
2025-06-21 04:49:53,161 [INFO] Extracted 61 strings from /home/firmware/Current_dataset/D-Link/DIR-878/cpio-root/etc_ro/lighttpd/lib/mod_staticfile.so
2025-06-21 04:49:53,171 [INFO] Extracted 66 strings from /home/firmware/Current_dataset/D-Link/DIR-878/cpio-root/sbin/stad
2025-06-21 04:49:53,177 [DEBUG] [134/224] Analyze Finished! /home/firmware/Current_dataset/D-Link/DIR-878/cpio-root/lib/libutil-0.9.33.2.so
2025-06-21 04:49:53,195 [INFO] Extracted 921 strings from /home/firmware/Current_dataset/D-Link/DIR-878/cpio-root/bin/ralink_init
2025-06-21 04:49:53,201 [INFO] Extracted 221 strings from /home/firmware/Current_dataset/D-Link/DIR-878/cpio-root/bin/lld2d
2025-06-21 04:49:53,191 [DEBUG] [135/224] Analyze Finished! /home/firmware/Current_dataset/D-Link/DIR-878/cpio-root/lib/libxtables.so.5
2025-06-21 04:49:53,220 [INFO] Extracted 27 strings from /home/firmware/Current_dataset/D-Link/DIR-878/cpio-root/bin/i2ccmd
2025-06-21 04:49:53,221 [INFO] Extracted 64 strings from /home/firmware/Current_dataset/D-Link/DIR-878/cpio-root/lib/modules/3.10.14+/kernel/net/netfilter/nf_nat_sip.ko
2025-06-21 04:49:53,232 [INFO] Extracted 48 strings from /home/firmware/Current_dataset/D-Link/DIR-878/cpio-root/etc_ro/lighttpd/www/web/wireless.cgi
2025-06-21 04:49:53,234 [INFO] Extracted 40 strings from /home/firmware/Current_dataset/D-Link/DIR-878/cpio-root/bin/eth_mac
2025-06-21 04:49:53,237 [INFO] Extracted 251 strings from /home/firmware/Current_dataset/D-Link/DIR-878/cpio-root/lib/modules/3.10.14+/kernel/net/nat/hw_nat/hw_nat.ko
2025-06-21 04:49:53,238 [DEBUG] [136/224] Analyze Finished! /home/firmware/Current_dataset/D-Link/DIR-878/cpio-root/usr/sbin/omcproxy : 42 matches
2025-06-21 04:49:53,249 [WARNING] Unknown endianness for /home/firmware/Current_dataset/D-Link/DIR-878/cpio-root/share/udhcpc/default.deconfig: /home/firmware/Current_dataset/D-Link/DIR-878/cpio-root/share/udhcpc/default.deconfig: POSIX shell script, ASCII text executable
2025-06-21 04:49:53,260 [INFO] Extracted 30 strings from /home/firmware/Current_dataset/D-Link/DIR-878/cpio-root/lib/ipsec/_copyright
2025-06-21 04:49:53,266 [INFO] Extracted 1 strings from /home/firmware/Current_dataset/D-Link/DIR-878/cpio-root/share/udhcpc/default.deconfig
2025-06-21 04:49:53,260 [DEBUG] [137/224] Analyze Finished! /home/firmware/Current_dataset/D-Link/DIR-878/cpio-root/etc_ro/lighttpd/lib/mod_staticfile.so
2025-06-21 04:49:53,271 [DEBUG] [138/224] Analyze Finished! /home/firmware/Current_dataset/D-Link/DIR-878/cpio-root/usr/sbin/dhcp6-multi : 43 matches
2025-06-21 04:49:53,272 [DEBUG] [139/224] Analyze Finished! /home/firmware/Current_dataset/D-Link/DIR-878/cpio-root/sbin/stad
2025-06-21 04:49:53,272 [DEBUG] [140/224] Analyze Finished! /home/firmware/Current_dataset/D-Link/DIR-878/cpio-root/lib/libwebutil.so
2025-06-21 04:49:53,272 [DEBUG] [141/224] Analyze Finished! /home/firmware/Current_dataset/D-Link/DIR-878/cpio-root/share/udhcpc/default.deconfig
2025-06-21 04:49:53,277 [WARNING] Unknown endianness for /home/firmware/Current_dataset/D-Link/DIR-878/cpio-root/lib/ipsec/newhostkey: /home/firmware/Current_dataset/D-Link/DIR-878/cpio-root/lib/ipsec/newhostkey: POSIX shell script, ASCII text executable
2025-06-21 04:49:53,287 [INFO] Extracted 26 strings from /home/firmware/Current_dataset/D-Link/DIR-878/cpio-root/bin/mii_mgr
2025-06-21 04:49:53,288 [INFO] Extracted 78 strings from /home/firmware/Current_dataset/D-Link/DIR-878/cpio-root/usr/sbin/chat
2025-06-21 04:49:53,288 [DEBUG] [142/224] Analyze Finished! /home/firmware/Current_dataset/D-Link/DIR-878/cpio-root/lib/ipsec/spi
2025-06-21 04:49:53,295 [INFO] Extracted 13 strings from /home/firmware/Current_dataset/D-Link/DIR-878/cpio-root/lib/ipsec/newhostkey
2025-06-21 04:49:53,300 [INFO] Extracted 188 strings from /home/firmware/Current_dataset/D-Link/DIR-878/cpio-root/etc_ro/ppp/plugins/ppp_unix.so
2025-06-21 04:49:53,301 [INFO] Extracted 16 strings from /home/firmware/Current_dataset/D-Link/DIR-878/cpio-root/etc_ro/lighttpd/lib/mod_mysql_vhost.so
2025-06-21 04:49:53,298 [DEBUG] [143/224] Analyze Finished! /home/firmware/Current_dataset/D-Link/DIR-878/cpio-root/bin/i2ccmd
2025-06-21 04:49:53,313 [DEBUG] [144/224] Analyze Finished! /home/firmware/Current_dataset/D-Link/DIR-878/cpio-root/lib/modules/3.10.14+/kernel/net/netfilter/nf_nat_sip.ko
2025-06-21 04:49:53,321 [DEBUG] [145/224] Analyze Finished! /home/firmware/Current_dataset/D-Link/DIR-878/cpio-root/bin/eth_mac
2025-06-21 04:49:53,323 [INFO] Extracted 808 strings from /home/firmware/Current_dataset/D-Link/DIR-878/cpio-root/bin/tc
2025-06-21 04:49:53,324 [INFO] Extracted 353 strings from /home/firmware/Current_dataset/D-Link/DIR-878/cpio-root/lib/libm-0.9.33.2.so
2025-06-21 04:49:53,325 [INFO] Extracted 783 strings from /home/firmware/Current_dataset/D-Link/DIR-878/cpio-root/bin/ip6tables
2025-06-21 04:49:53,328 [WARNING] Unknown endianness for /home/firmware/Current_dataset/D-Link/DIR-878/cpio-root/sbin/config-powersave.sh: /home/firmware/Current_dataset/D-Link/DIR-878/cpio-root/sbin/config-powersave.sh: POSIX shell script, ASCII text executable
2025-06-21 04:49:53,336 [DEBUG] [146/224] Analyze Finished! /home/firmware/Current_dataset/D-Link/DIR-878/cpio-root/etc_ro/lighttpd/www/web/wireless.cgi
2025-06-21 04:49:53,336 [WARNING] Unknown endianness for /home/firmware/Current_dataset/D-Link/DIR-878/cpio-root/sbin/snort.sh: /home/firmware/Current_dataset/D-Link/DIR-878/cpio-root/sbin/snort.sh: POSIX shell script, ASCII text executable
2025-06-21 04:49:53,343 [INFO] Extracted 43 strings from /home/firmware/Current_dataset/D-Link/DIR-878/cpio-root/etc_ro/lighttpd/lib/mod_flv_streaming.so
2025-06-21 04:49:53,336 [DEBUG] [147/224] Analyze Finished! /home/firmware/Current_dataset/D-Link/DIR-878/cpio-root/lib/ipsec/newhostkey
2025-06-21 04:49:53,344 [INFO] Extracted 179 strings from /home/firmware/Current_dataset/D-Link/DIR-878/cpio-root/sbin/stupid-ftpd
2025-06-21 04:49:53,344 [INFO] Extracted 13 strings from /home/firmware/Current_dataset/D-Link/DIR-878/cpio-root/sbin/config-powersave.sh
2025-06-21 04:49:53,347 [INFO] Extracted 1687 strings from /home/firmware/Current_dataset/D-Link/DIR-878/cpio-root/bin/prog.cgi
2025-06-21 04:49:53,353 [INFO] Extracted 1 strings from /home/firmware/Current_dataset/D-Link/DIR-878/cpio-root/sbin/snort.sh
2025-06-21 04:49:53,353 [INFO] Extracted 24 strings from /home/firmware/Current_dataset/D-Link/DIR-878/cpio-root/bin/reg
2025-06-21 04:49:53,343 [DEBUG] [148/224] Analyze Finished! /home/firmware/Current_dataset/D-Link/DIR-878/cpio-root/etc_ro/lighttpd/lib/mod_mysql_vhost.so
2025-06-21 04:49:53,357 [INFO] Extracted 277 strings from /home/firmware/Current_dataset/D-Link/DIR-878/cpio-root/bin/web
2025-06-21 04:49:53,357 [DEBUG] [149/224] Analyze Finished! /home/firmware/Current_dataset/D-Link/DIR-878/cpio-root/lib/ipsec/_copyright
2025-06-21 04:49:53,367 [DEBUG] [150/224] Analyze Finished! /home/firmware/Current_dataset/D-Link/DIR-878/cpio-root/bin/inadyn-mt
2025-06-21 04:49:53,378 [WARNING] Unknown endianness for /home/firmware/Current_dataset/D-Link/DIR-878/cpio-root/sbin/autoconn3G.sh: /home/firmware/Current_dataset/D-Link/DIR-878/cpio-root/sbin/autoconn3G.sh: POSIX shell script, ASCII text executable
2025-06-21 04:49:53,386 [WARNING] Unknown endianness for /home/firmware/Current_dataset/D-Link/DIR-878/cpio-root/bin/igmpproxy.sh: /home/firmware/Current_dataset/D-Link/DIR-878/cpio-root/bin/igmpproxy.sh: POSIX shell script, ASCII text executable
2025-06-21 04:49:53,377 [DEBUG] [151/224] Analyze Finished! /home/firmware/Current_dataset/D-Link/DIR-878/cpio-root/bin/mii_mgr
2025-06-21 04:49:53,389 [INFO] Extracted 161 strings from /home/firmware/Current_dataset/D-Link/DIR-878/cpio-root/lib/libixml.so.1.3.1
2025-06-21 04:49:53,396 [INFO] Extracted 7 strings from /home/firmware/Current_dataset/D-Link/DIR-878/cpio-root/sbin/autoconn3G.sh
2025-06-21 04:49:53,398 [INFO] Extracted 11 strings from /home/firmware/Current_dataset/D-Link/DIR-878/cpio-root/lib/libnsl-0.9.33.2.so
2025-06-21 04:49:53,386 [DEBUG] [152/224] Analyze Finished! /home/firmware/Current_dataset/D-Link/DIR-878/cpio-root/bin/lighttpd : 39 matches
2025-06-21 04:49:53,399 [DEBUG] [153/224] Analyze Finished! /home/firmware/Current_dataset/D-Link/DIR-878/cpio-root/sbin/snort.sh
2025-06-21 04:49:53,401 [WARNING] Unknown endianness for /home/firmware/Current_dataset/D-Link/DIR-878/cpio-root/lib/ipsec/_updown.mast: /home/firmware/Current_dataset/D-Link/DIR-878/cpio-root/lib/ipsec/_updown.mast: POSIX shell script, ASCII text executable
2025-06-21 04:49:53,405 [INFO] Extracted 1 strings from /home/firmware/Current_dataset/D-Link/DIR-878/cpio-root/bin/igmpproxy.sh
2025-06-21 04:49:53,407 [INFO] Extracted 40 strings from /home/firmware/Current_dataset/D-Link/DIR-878/cpio-root/lib/librt-0.9.33.2.so
2025-06-21 04:49:53,408 [DEBUG] [154/224] Analyze Finished! /home/firmware/Current_dataset/D-Link/DIR-878/cpio-root/sbin/config-powersave.sh
2025-06-21 04:49:53,409 [DEBUG] [155/224] Analyze Finished! /home/firmware/Current_dataset/D-Link/DIR-878/cpio-root/bin/reg
2025-06-21 04:49:53,409 [DEBUG] [156/224] Analyze Finished! /home/firmware/Current_dataset/D-Link/DIR-878/cpio-root/etc_ro/lighttpd/lib/mod_flv_streaming.so
2025-06-21 04:49:53,413 [WARNING] Unknown endianness for /home/firmware/Current_dataset/D-Link/DIR-878/cpio-root/sbin/smp.sh: /home/firmware/Current_dataset/D-Link/DIR-878/cpio-root/sbin/smp.sh: POSIX shell script, ASCII text executable
2025-06-21 04:49:53,413 [INFO] Extracted 50 strings from /home/firmware/Current_dataset/D-Link/DIR-878/cpio-root/etc_ro/lighttpd/lib/mod_rrdtool.so
2025-06-21 04:49:53,418 [INFO] Extracted 25 strings from /home/firmware/Current_dataset/D-Link/DIR-878/cpio-root/lib/ipsec/_updown.mast
2025-06-21 04:49:53,409 [DEBUG] [157/224] Analyze Finished! /home/firmware/Current_dataset/D-Link/DIR-878/cpio-root/sbin/autoconn3G.sh
2025-06-21 04:49:53,429 [INFO] Extracted 8 strings from /home/firmware/Current_dataset/D-Link/DIR-878/cpio-root/sbin/smp.sh
2025-06-21 04:49:53,432 [WARNING] Unknown endianness for /home/firmware/Current_dataset/D-Link/DIR-878/cpio-root/sbin/stupid-ftpd-acl.sh: /home/firmware/Current_dataset/D-Link/DIR-878/cpio-root/sbin/stupid-ftpd-acl.sh: POSIX shell script, ASCII text executable
2025-06-21 04:49:53,435 [DEBUG] [158/224] Analyze Finished! /home/firmware/Current_dataset/D-Link/DIR-878/cpio-root/bin/igmpproxy.sh
2025-06-21 04:49:53,435 [DEBUG] [159/224] Analyze Finished! /home/firmware/Current_dataset/D-Link/DIR-878/cpio-root/lib/libnsl-0.9.33.2.so
2025-06-21 04:49:53,439 [WARNING] Unknown endianness for /home/firmware/Current_dataset/D-Link/DIR-878/cpio-root/share/udhcpc/default.script: /home/firmware/Current_dataset/D-Link/DIR-878/cpio-root/share/udhcpc/default.script: POSIX shell script, ASCII text executable
2025-06-21 04:49:53,446 [INFO] Extracted 1 strings from /home/firmware/Current_dataset/D-Link/DIR-878/cpio-root/sbin/stupid-ftpd-acl.sh
2025-06-21 04:49:53,448 [DEBUG] [160/224] Analyze Finished! /home/firmware/Current_dataset/D-Link/DIR-878/cpio-root/usr/sbin/chat
2025-06-21 04:49:53,449 [DEBUG] [161/224] Analyze Finished! /home/firmware/Current_dataset/D-Link/DIR-878/cpio-root/bin/iptables : 43 matches
2025-06-21 04:49:53,449 [DEBUG] [162/224] Analyze Finished! /home/firmware/Current_dataset/D-Link/DIR-878/cpio-root/sbin/smp.sh
2025-06-21 04:49:53,453 [INFO] Extracted 1 strings from /home/firmware/Current_dataset/D-Link/DIR-878/cpio-root/share/udhcpc/default.script
2025-06-21 04:49:53,462 [DEBUG] [163/224] Analyze Finished! /home/firmware/Current_dataset/D-Link/DIR-878/cpio-root/bin/lld2d
2025-06-21 04:49:53,462 [DEBUG] [164/224] Analyze Finished! /home/firmware/Current_dataset/D-Link/DIR-878/cpio-root/sbin/stupid-ftpd-acl.sh
2025-06-21 04:49:53,467 [INFO] Extracted 57 strings from /home/firmware/Current_dataset/D-Link/DIR-878/cpio-root/bin/mtd_write
2025-06-21 04:49:53,476 [DEBUG] [165/224] Analyze Finished! /home/firmware/Current_dataset/D-Link/DIR-878/cpio-root/lib/librt-0.9.33.2.so
2025-06-21 04:49:53,479 [INFO] Extracted 667 strings from /home/firmware/Current_dataset/D-Link/DIR-878/cpio-root/lib/libfl-0.9.28.so
2025-06-21 04:49:53,485 [INFO] Extracted 129 strings from /home/firmware/Current_dataset/D-Link/DIR-878/cpio-root/bin/iwpriv
2025-06-21 04:49:53,485 [INFO] Extracted 1008 strings from /home/firmware/Current_dataset/D-Link/DIR-878/cpio-root/lib/liblua.so.5.1.5
2025-06-21 04:49:53,487 [INFO] Extracted 982 strings from /home/firmware/Current_dataset/D-Link/DIR-878/cpio-root/lib/ipsec/whack
2025-06-21 04:49:53,488 [DEBUG] [166/224] Analyze Finished! /home/firmware/Current_dataset/D-Link/DIR-878/cpio-root/share/udhcpc/default.script
2025-06-21 04:49:53,488 [DEBUG] [167/224] Analyze Finished! /home/firmware/Current_dataset/D-Link/DIR-878/cpio-root/lib/ipsec/_updown.mast
2025-06-21 04:49:53,489 [DEBUG] [168/224] Analyze Finished! /home/firmware/Current_dataset/D-Link/DIR-878/cpio-root/sbin/openl2tpd
2025-06-21 04:49:53,489 [DEBUG] [169/224] Analyze Finished! /home/firmware/Current_dataset/D-Link/DIR-878/cpio-root/etc_ro/lighttpd/lib/mod_rrdtool.so
2025-06-21 04:49:53,498 [INFO] Extracted 183 strings from /home/firmware/Current_dataset/D-Link/DIR-878/cpio-root/sbin/setpci
2025-06-21 04:49:53,507 [INFO] Extracted 52 strings from /home/firmware/Current_dataset/D-Link/DIR-878/cpio-root/lib/modules/3.10.14+/kernel/net/netfilter/nf_conntrack_rtsp.ko
2025-06-21 04:49:53,512 [INFO] Extracted 109 strings from /home/firmware/Current_dataset/D-Link/DIR-878/cpio-root/usr/lib/pppd/2.4.5/rp-pppoe.so
2025-06-21 04:49:53,513 [DEBUG] [170/224] Analyze Finished! /home/firmware/Current_dataset/D-Link/DIR-878/cpio-root/lib/modules/3.10.14+/kernel/net/nat/hw_nat/hw_nat.ko
2025-06-21 04:49:53,526 [INFO] Extracted 73 strings from /home/firmware/Current_dataset/D-Link/DIR-878/cpio-root/etc_ro/lighttpd/lib/mod_dirlisting.so
2025-06-21 04:49:53,525 [DEBUG] [171/224] Analyze Finished! /home/firmware/Current_dataset/D-Link/DIR-878/cpio-root/etc_ro/ppp/plugins/ppp_unix.so
2025-06-21 04:49:53,536 [DEBUG] [172/224] Analyze Finished! /home/firmware/Current_dataset/D-Link/DIR-878/cpio-root/bin/mtd_write
2025-06-21 04:49:53,537 [INFO] Extracted 125 strings from /home/firmware/Current_dataset/D-Link/DIR-878/cpio-root/etc_ro/lighttpd/lib/mod_auth.so
2025-06-21 04:49:53,540 [INFO] Extracted 45 strings from /home/firmware/Current_dataset/D-Link/DIR-878/cpio-root/lib/modules/3.10.14+/kernel/net/netfilter/nf_conntrack_ipsec.ko
2025-06-21 04:49:53,540 [INFO] Extracted 26 strings from /home/firmware/Current_dataset/D-Link/DIR-878/cpio-root/etc_ro/lighttpd/lib/mod_evasive.so
2025-06-21 04:49:53,550 [WARNING] Unknown endianness for /home/firmware/Current_dataset/D-Link/DIR-878/cpio-root/sbin/wan.sh: /home/firmware/Current_dataset/D-Link/DIR-878/cpio-root/sbin/wan.sh: POSIX shell script, ASCII text executable
2025-06-21 04:49:53,555 [INFO] Extracted 65 strings from /home/firmware/Current_dataset/D-Link/DIR-878/cpio-root/bin/ated
2025-06-21 04:49:53,559 [WARNING] Unknown endianness for /home/firmware/Current_dataset/D-Link/DIR-878/cpio-root/lib/ipsec/_startklips: /home/firmware/Current_dataset/D-Link/DIR-878/cpio-root/lib/ipsec/_startklips: POSIX shell script, ASCII text executable
2025-06-21 04:49:53,566 [INFO] Extracted 4 strings from /home/firmware/Current_dataset/D-Link/DIR-878/cpio-root/sbin/wan.sh
2025-06-21 04:49:53,569 [DEBUG] [173/224] Analyze Finished! /home/firmware/Current_dataset/D-Link/DIR-878/cpio-root/lib/modules/3.10.14+/kernel/net/netfilter/nf_conntrack_rtsp.ko
2025-06-21 04:49:53,571 [WARNING] Unknown endianness for /home/firmware/Current_dataset/D-Link/DIR-878/cpio-root/sbin/config-iTunes.sh: /home/firmware/Current_dataset/D-Link/DIR-878/cpio-root/sbin/config-iTunes.sh: POSIX shell script, ASCII text executable
2025-06-21 04:49:53,572 [INFO] Extracted 31 strings from /home/firmware/Current_dataset/D-Link/DIR-878/cpio-root/lib/ipsec/_startklips
2025-06-21 04:49:53,582 [WARNING] Unknown endianness for /home/firmware/Current_dataset/D-Link/DIR-878/cpio-root/sbin/config-l2tp.sh: /home/firmware/Current_dataset/D-Link/DIR-878/cpio-root/sbin/config-l2tp.sh: POSIX shell script, ASCII text executable
2025-06-21 04:49:53,577 [DEBUG] [174/224] Analyze Finished! /home/firmware/Current_dataset/D-Link/DIR-878/cpio-root/bin/dnsmasq : 40 matches
2025-06-21 04:49:53,584 [DEBUG] [175/224] Analyze Finished! /home/firmware/Current_dataset/D-Link/DIR-878/cpio-root/sbin/wan.sh
2025-06-21 04:49:53,584 [DEBUG] [176/224] Analyze Finished! /home/firmware/Current_dataset/D-Link/DIR-878/cpio-root/sbin/stupid-ftpd
2025-06-21 04:49:53,587 [INFO] Extracted 4 strings from /home/firmware/Current_dataset/D-Link/DIR-878/cpio-root/sbin/config-iTunes.sh
2025-06-21 04:49:53,590 [DEBUG] [177/224] Analyze Finished! /home/firmware/Current_dataset/D-Link/DIR-878/cpio-root/etc_ro/lighttpd/lib/mod_evasive.so
2025-06-21 04:49:53,598 [INFO] Extracted 13 strings from /home/firmware/Current_dataset/D-Link/DIR-878/cpio-root/sbin/config-l2tp.sh
2025-06-21 04:49:53,603 [INFO] Extracted 64 strings from /home/firmware/Current_dataset/D-Link/DIR-878/cpio-root/usr/lib/pppd/2.4.5/pppol2tp.so
2025-06-21 04:49:53,610 [DEBUG] [178/224] Analyze Finished! /home/firmware/Current_dataset/D-Link/DIR-878/cpio-root/lib/modules/3.10.14+/kernel/net/netfilter/nf_conntrack_ipsec.ko
2025-06-21 04:49:53,611 [DEBUG] [179/224] Analyze Finished! /home/firmware/Current_dataset/D-Link/DIR-878/cpio-root/bin/ip : 59 matches
2025-06-21 04:49:53,611 [DEBUG] [180/224] Analyze Finished! /home/firmware/Current_dataset/D-Link/DIR-878/cpio-root/lib/libgmp-0.9.28.so
2025-06-21 04:49:53,611 [DEBUG] [181/224] Analyze Finished! /home/firmware/Current_dataset/D-Link/DIR-878/cpio-root/sbin/config-iTunes.sh
2025-06-21 04:49:53,617 [DEBUG] [182/224] Analyze Finished! /home/firmware/Current_dataset/D-Link/DIR-878/cpio-root/etc_ro/lighttpd/lib/mod_dirlisting.so
2025-06-21 04:49:53,618 [INFO] Extracted 80 strings from /home/firmware/Current_dataset/D-Link/DIR-878/cpio-root/lib/libpcre-0.9.28.so
2025-06-21 04:49:53,619 [WARNING] Unknown endianness for /home/firmware/Current_dataset/D-Link/DIR-878/cpio-root/sbin/automount.sh: /home/firmware/Current_dataset/D-Link/DIR-878/cpio-root/sbin/automount.sh: POSIX shell script, ASCII text executable
2025-06-21 04:49:53,624 [INFO] Extracted 15 strings from /home/firmware/Current_dataset/D-Link/DIR-878/cpio-root/etc_ro/lighttpd/lib/mod_magnet.so
2025-06-21 04:49:53,625 [WARNING] Unknown endianness for /home/firmware/Current_dataset/D-Link/DIR-878/cpio-root/sbin/accel-pptp.sh: /home/firmware/Current_dataset/D-Link/DIR-878/cpio-root/sbin/accel-pptp.sh: POSIX shell script, ASCII text executable
2025-06-21 04:49:53,627 [DEBUG] [183/224] Analyze Finished! /home/firmware/Current_dataset/D-Link/DIR-878/cpio-root/lib/ipsec/_startklips
2025-06-21 04:49:53,628 [DEBUG] [184/224] Analyze Finished! /home/firmware/Current_dataset/D-Link/DIR-878/cpio-root/lib/libixml.so.1.3.1
2025-06-21 04:49:53,628 [DEBUG] [185/224] Analyze Finished! /home/firmware/Current_dataset/D-Link/DIR-878/cpio-root/sbin/config-l2tp.sh
2025-06-21 04:49:53,628 [DEBUG] [186/224] Analyze Finished! /home/firmware/Current_dataset/D-Link/DIR-878/cpio-root/bin/iwpriv
2025-06-21 04:49:53,635 [INFO] Extracted 4 strings from /home/firmware/Current_dataset/D-Link/DIR-878/cpio-root/sbin/automount.sh
2025-06-21 04:49:53,635 [DEBUG] [187/224] Analyze Finished! /home/firmware/Current_dataset/D-Link/DIR-878/cpio-root/bin/ated
2025-06-21 04:49:53,637 [INFO] Extracted 2 strings from /home/firmware/Current_dataset/D-Link/DIR-878/cpio-root/sbin/accel-pptp.sh
2025-06-21 04:49:53,642 [DEBUG] [188/224] Analyze Finished! /home/firmware/Current_dataset/D-Link/DIR-878/cpio-root/sbin/accel-pptp.sh
2025-06-21 04:49:53,642 [DEBUG] [189/224] Analyze Finished! /home/firmware/Current_dataset/D-Link/DIR-878/cpio-root/sbin/automount.sh
2025-06-21 04:49:53,648 [DEBUG] [190/224] Analyze Finished! /home/firmware/Current_dataset/D-Link/DIR-878/cpio-root/etc_ro/lighttpd/lib/mod_magnet.so
2025-06-21 04:49:53,648 [INFO] Extracted 968 strings from /home/firmware/Current_dataset/D-Link/DIR-878/cpio-root/usr/sbin/pppd
2025-06-21 04:49:53,649 [DEBUG] [191/224] Analyze Finished! /home/firmware/Current_dataset/D-Link/DIR-878/cpio-root/bin/busybox : 113 matches
2025-06-21 04:49:53,650 [INFO] Extracted 176 strings from /home/firmware/Current_dataset/D-Link/DIR-878/cpio-root/etc_ro/lighttpd/lib/mod_ssi.so
2025-06-21 04:49:53,657 [DEBUG] [192/224] Analyze Finished! /home/firmware/Current_dataset/D-Link/DIR-878/cpio-root/usr/lib/pppd/2.4.5/rp-pppoe.so
2025-06-21 04:49:53,663 [INFO] Extracted 1325 strings from /home/firmware/Current_dataset/D-Link/DIR-878/cpio-root/lib/libssl.so.1.0.0
2025-06-21 04:49:53,667 [INFO] Extracted 32 strings from /home/firmware/Current_dataset/D-Link/DIR-878/cpio-root/usr/lib/pppd/2.4.5/openl2tp.so
2025-06-21 04:49:53,673 [DEBUG] [193/224] Analyze Finished! /home/firmware/Current_dataset/D-Link/DIR-878/cpio-root/usr/lib/pppd/2.4.5/pppol2tp.so
2025-06-21 04:49:53,691 [DEBUG] [194/224] Analyze Finished! /home/firmware/Current_dataset/D-Link/DIR-878/cpio-root/etc_ro/lighttpd/lib/mod_auth.so
2025-06-21 04:49:53,699 [DEBUG] [195/224] Analyze Finished! /home/firmware/Current_dataset/D-Link/DIR-878/cpio-root/sbin/setpci
2025-06-21 04:49:53,715 [DEBUG] [196/224] Analyze Finished! /home/firmware/Current_dataset/D-Link/DIR-878/cpio-root/usr/lib/pppd/2.4.5/openl2tp.so
2025-06-21 04:49:53,719 [DEBUG] [197/224] Analyze Finished! /home/firmware/Current_dataset/D-Link/DIR-878/cpio-root/bin/web
2025-06-21 04:49:53,727 [DEBUG] [198/224] Analyze Finished! /home/firmware/Current_dataset/D-Link/DIR-878/cpio-root/lib/libm-0.9.33.2.so
2025-06-21 04:49:53,727 [DEBUG] [199/224] Analyze Finished! /home/firmware/Current_dataset/D-Link/DIR-878/cpio-root/lib/libpcre-0.9.28.so
2025-06-21 04:49:53,762 [DEBUG] [200/224] Analyze Finished! /home/firmware/Current_dataset/D-Link/DIR-878/cpio-root/bin/qos_run
2025-06-21 04:49:53,766 [INFO] Extracted 41 strings from /home/firmware/Current_dataset/D-Link/DIR-878/cpio-root/lib/modules/3.10.14+/kernel/net/netfilter/nf_conntrack_proto_gre.ko
2025-06-21 04:49:53,773 [INFO] Extracted 415 strings from /home/firmware/Current_dataset/D-Link/DIR-878/cpio-root/lib/libpthread-0.9.33.2.so
2025-06-21 04:49:53,811 [DEBUG] [201/224] Analyze Finished! /home/firmware/Current_dataset/D-Link/DIR-878/cpio-root/sbin/flush_conntrack
2025-06-21 04:49:53,811 [DEBUG] [202/224] Analyze Finished! /home/firmware/Current_dataset/D-Link/DIR-878/cpio-root/lib/modules/3.10.14+/kernel/net/netfilter/nf_conntrack_proto_gre.ko
2025-06-21 04:49:53,838 [DEBUG] [203/224] Analyze Finished! /home/firmware/Current_dataset/D-Link/DIR-878/cpio-root/bin/rc : 103 matches
2025-06-21 04:49:53,850 [DEBUG] [204/224] Analyze Finished! /home/firmware/Current_dataset/D-Link/DIR-878/cpio-root/etc_ro/lighttpd/lib/mod_ssi.so
2025-06-21 04:49:53,891 [DEBUG] [205/224] Analyze Finished! /home/firmware/Current_dataset/D-Link/DIR-878/cpio-root/lib/ipsec/eroute
2025-06-21 04:49:53,948 [DEBUG] [206/224] Analyze Finished! /home/firmware/Current_dataset/D-Link/DIR-878/cpio-root/lib/modules/ipsec.ko
2025-06-21 04:49:54,024 [DEBUG] [207/224] Analyze Finished! /home/firmware/Current_dataset/D-Link/DIR-878/cpio-root/lib/ipsec/tncfg
2025-06-21 04:49:54,123 [DEBUG] [208/224] Analyze Finished! /home/firmware/Current_dataset/D-Link/DIR-878/cpio-root/lib/librcm.so : 49 matches
2025-06-21 04:49:54,136 [DEBUG] [209/224] Analyze Finished! /home/firmware/Current_dataset/D-Link/DIR-878/cpio-root/bin/tc : 54 matches
2025-06-21 04:49:54,161 [DEBUG] [210/224] Analyze Finished! /home/firmware/Current_dataset/D-Link/DIR-878/cpio-root/lib/libfl-0.9.28.so : 33 matches
2025-06-21 04:49:54,182 [DEBUG] [211/224] Analyze Finished! /home/firmware/Current_dataset/D-Link/DIR-878/cpio-root/bin/ip6tables : 42 matches
2025-06-21 04:49:54,197 [DEBUG] [212/224] Analyze Finished! /home/firmware/Current_dataset/D-Link/DIR-878/cpio-root/bin/ralink_init : 47 matches
2025-06-21 04:49:54,227 [DEBUG] [213/224] Analyze Finished! /home/firmware/Current_dataset/D-Link/DIR-878/cpio-root/lib/libpthread-0.9.33.2.so
2025-06-21 04:49:54,303 [DEBUG] [214/224] Analyze Finished! /home/firmware/Current_dataset/D-Link/DIR-878/cpio-root/usr/sbin/odhcp6c : 45 matches
2025-06-21 04:49:54,473 [DEBUG] [215/224] Analyze Finished! /home/firmware/Current_dataset/D-Link/DIR-878/cpio-root/lib/liblua.so.5.1.5 : 78 matches
2025-06-21 04:49:54,491 [DEBUG] [216/224] Analyze Finished! /home/firmware/Current_dataset/D-Link/DIR-878/cpio-root/lib/ipsec/addconn : 42 matches
2025-06-21 04:49:54,510 [DEBUG] [217/224] Analyze Finished! /home/firmware/Current_dataset/D-Link/DIR-878/cpio-root/lib/ipsec/whack
2025-06-21 04:49:54,638 [DEBUG] [218/224] Analyze Finished! /home/firmware/Current_dataset/D-Link/DIR-878/cpio-root/usr/sbin/pppd : 44 matches
2025-06-21 04:49:54,796 [DEBUG] [219/224] Analyze Finished! /home/firmware/Current_dataset/D-Link/DIR-878/cpio-root/bin/openssl : 74 matches
2025-06-21 04:49:54,864 [DEBUG] [220/224] Analyze Finished! /home/firmware/Current_dataset/D-Link/DIR-878/cpio-root/bin/prog.cgi : 662 matches
2025-06-21 04:49:55,061 [DEBUG] [221/224] Analyze Finished! /home/firmware/Current_dataset/D-Link/DIR-878/cpio-root/lib/libssl.so.1.0.0
2025-06-21 04:49:55,702 [DEBUG] [222/224] Analyze Finished! /home/firmware/Current_dataset/D-Link/DIR-878/cpio-root/lib/ipsec/pluto : 58 matches
2025-06-21 04:49:56,939 [DEBUG] [223/224] Analyze Finished! /home/firmware/Current_dataset/D-Link/DIR-878/cpio-root/lib/libuClibc-0.9.33.2.so : 97 matches
2025-06-21 04:50:00,311 [DEBUG] [224/224] Analyze Finished! /home/firmware/Current_dataset/D-Link/DIR-878/cpio-root/lib/libcrypto.so.1.0.0 : 59 matches
2025-06-21 04:50:00,432 [INFO] Completed parallel analysis of 225 binaries in 8.71s
2025-06-21 04:50:00,601 [INFO] Boundary binaries identified: /home/firmware/Current_dataset/D-Link/DIR-878/cpio-root/bin/prog.cgi
2025-06-21 04:50:00,601 [INFO] Identified 1 boundary binaries using 3 clusters
2025-06-21 04:50:00,601 [INFO] Boundary binary identification completed in 34.45s
2025-06-21 04:50:00,601 [INFO] Initializing angr Project/CFG for '/home/firmware/Current_dataset/D-Link/DIR-878/cpio-root/bin/prog.cgi'...
2025-06-21 04:52:56,485 [INFO] Successfully initialized angr Project/CFG for '/home/firmware/Current_dataset/D-Link/DIR-878/cpio-root/bin/prog.cgi' in 175.88s
2025-06-21 04:53:16,095 [INFO] Importing /home/firmware/Current_dataset/D-Link/DIR-878/cpio-root/bin/prog.cgi into Ghidra project with command: /home/SGTaint/ghidra/support/analyzeHeadless /home/SGTaint/tmp/ghidra prog.cgi -import /home/firmware/Current_dataset/D-Link/DIR-878/cpio-root/bin/prog.cgi
2025-06-21 04:53:40,549 [INFO] Successfully imported /home/firmware/Current_dataset/D-Link/DIR-878/cpio-root/bin/prog.cgi into Ghidra project.
2025-06-21 04:54:42,569 [INFO] LLM analysis completed in 106.08 seconds.
2025-06-21 04:54:42,569 [INFO] Identified functions: [['nvram_bufset', 'nvram_bufget', 1, 1, 2, None], ['nvram_safe_set', 'nvram_safe_get', 0, 0, 1, None]]
2025-06-21 04:54:42,725 [WARNING] [Fast] Success rate too low (21.43%); switching to Ghidra for 'nvram_bufset'
2025-06-21 04:54:42,844 [INFO] [Fallback] Using fast method despite low success rate (21.43% >= 21.43%)
2025-06-21 04:54:42,844 [DEBUG] [1] call_site: 0x436a48, caller: 0x4369b0, block_addr: 0x436a28, key: -1
2025-06-21 04:54:42,844 [DEBUG] [2] call_site: 0x43a784, caller: 0x439ec8, block_addr: 0x43a768, key: -1
2025-06-21 04:54:42,844 [DEBUG] [3] call_site: 0x43a828, caller: 0x439ec8, block_addr: 0x43a80c, key: SSID1
2025-06-21 04:54:42,844 [DEBUG] [4] call_site: 0x43b984, caller: 0x43b2b0, block_addr: 0x43b960, key: -1
2025-06-21 04:54:42,844 [DEBUG] [5] call_site: 0x43c858, caller: 0x43ba14, block_addr: 0x43c834, key: -1
2025-06-21 04:54:42,844 [DEBUG] [6] call_site: 0x43c8b4, caller: 0x43ba14, block_addr: 0x43c890, key: -1
2025-06-21 04:54:42,844 [DEBUG] [7] call_site: 0x43cbe8, caller: 0x43ba14, block_addr: 0x43cbc4, key: -1
2025-06-21 04:54:42,844 [DEBUG] [8] call_site: 0x43cc44, caller: 0x43ba14, block_addr: 0x43cc20, key: -1
2025-06-21 04:54:42,844 [DEBUG] [9] call_site: 0x43d7b4, caller: 0x43ba14, block_addr: 0x43d798, key: -1
2025-06-21 04:54:42,845 [DEBUG] [10] call_site: 0x43d818, caller: 0x43ba14, block_addr: 0x43d7fc, key: SSID1
2025-06-21 04:54:42,845 [DEBUG] [11] call_site: 0x441594, caller: 0x440968, block_addr: 0x441570, key: -1
2025-06-21 04:54:42,845 [DEBUG] [12] call_site: 0x44183c, caller: 0x440968, block_addr: 0x441818, key: -1
2025-06-21 04:54:42,845 [DEBUG] [13] call_site: 0x4423a0, caller: 0x440968, block_addr: 0x442384, key: -1
2025-06-21 04:54:42,845 [DEBUG] [14] call_site: 0x442404, caller: 0x440968, block_addr: 0x4423e8, key: SSID1
2025-06-21 04:54:42,845 [INFO] [+] Analysis for call sites of nvram_bufset completed in 0.16 seconds.
2025-06-21 04:54:43,186 [INFO] Initializing angr Project/CFG for '/home/firmware/Current_dataset/D-Link/DIR-878/cpio-root/bin/nvram_daemon'...
2025-06-21 04:54:49,386 [INFO] Successfully initialized angr Project/CFG for '/home/firmware/Current_dataset/D-Link/DIR-878/cpio-root/bin/nvram_daemon' in 6.20s
2025-06-21 04:54:49,391 [WARNING] [Fast] Success rate too low (40.00%); switching to Ghidra for 'nvram_bufget'
2025-06-21 04:55:08,625 [INFO] [Ghidra] Extraction success rate for 'nvram_bufget' = 100.00%
2025-06-21 04:55:08,625 [DEBUG] [1] call_site: 0x400c78, caller: 0x400c50, block_addr: 0x400c50, key: WebInit
2025-06-21 04:55:08,625 [DEBUG] [2] call_site: 0x400cb0, caller: 0x400c50, block_addr: 0x400ca8, key: WebInit
2025-06-21 04:55:08,625 [DEBUG] [3] call_site: 0x400ce4, caller: 0x400c50, block_addr: 0x400cdc, key: WebInit
2025-06-21 04:55:08,625 [DEBUG] [4] call_site: 0x401454, caller: 0x4013bc, block_addr: 0x401440, key: hwnatEnabled
2025-06-21 04:55:08,625 [DEBUG] [5] call_site: 0x402128, caller: 0x401fe0, block_addr: 0x402120, key: DfsEnable
2025-06-21 04:55:08,625 [INFO] [+] Analysis for call sites of nvram_bufget completed in 19.24 seconds.
2025-06-21 04:55:08,725 [INFO] [Fast] Extraction success rate for 'nvram_bufget' = 85.71%
2025-06-21 04:55:08,725 [DEBUG] [1] call_site: 0x4369e8, caller: 0x4369b0, block_addr: 0x4369b0, key: -1
2025-06-21 04:55:08,725 [DEBUG] [2] call_site: 0x436c30, caller: 0x436b7c, block_addr: 0x436c14, key: CountryRegion
2025-06-21 04:55:08,725 [DEBUG] [3] call_site: 0x436cdc, caller: 0x436b7c, block_addr: 0x436cc4, key: CountryRegionABand
2025-06-21 04:55:08,725 [DEBUG] [4] call_site: 0x4370d8, caller: 0x436f84, block_addr: 0x4370c0, key: AuthMode
2025-06-21 04:55:08,725 [DEBUG] [5] call_site: 0x437100, caller: 0x436f84, block_addr: 0x4370e0, key: EncrypType
2025-06-21 04:55:08,725 [DEBUG] [6] call_site: 0x4372bc, caller: 0x436f84, block_addr: 0x4372a4, key: -1
2025-06-21 04:55:08,725 [DEBUG] [7] call_site: 0x43835c, caller: 0x437650, block_addr: 0x438344, key: HideSSID
2025-06-21 04:55:08,725 [DEBUG] [8] call_site: 0x43db6c, caller: 0x43ba14, block_addr: 0x43db54, key: CountryCode
2025-06-21 04:55:08,725 [DEBUG] [9] call_site: 0x43dcb0, caller: 0x43ba14, block_addr: 0x43dc98, key: CountryCode
2025-06-21 04:55:08,726 [DEBUG] [10] call_site: 0x43dd04, caller: 0x43ba14, block_addr: 0x43dcec, key: Channel
2025-06-21 04:55:08,726 [DEBUG] [11] call_site: 0x442758, caller: 0x440968, block_addr: 0x442740, key: CountryCode
2025-06-21 04:55:08,726 [DEBUG] [12] call_site: 0x44289c, caller: 0x440968, block_addr: 0x442884, key: CountryCode
2025-06-21 04:55:08,726 [DEBUG] [13] call_site: 0x4428f0, caller: 0x440968, block_addr: 0x4428d8, key: Channel
2025-06-21 04:55:08,726 [DEBUG] [14] call_site: 0x47d494, caller: 0x47ccb8, block_addr: 0x47d474, key: CountryRegionABand
2025-06-21 04:55:08,726 [INFO] [+] Analysis for call sites of nvram_bufget completed in 0.04 seconds.
2025-06-21 04:55:08,726 [INFO] Initializing angr Project/CFG for '/home/firmware/Current_dataset/D-Link/DIR-878/cpio-root/bin/protest'...
2025-06-21 04:55:11,698 [INFO] Successfully initialized angr Project/CFG for '/home/firmware/Current_dataset/D-Link/DIR-878/cpio-root/bin/protest' in 2.97s
2025-06-21 04:55:11,701 [WARNING] Call site at 0x4028f8 has only 0 arguments; requested index 1 is out of range.
2025-06-21 04:55:11,701 [WARNING] [Fast] Success rate too low (0.00%); switching to Ghidra for 'nvram_bufget'
2025-06-21 04:55:28,111 [INFO] [Ghidra] Extraction success rate for 'nvram_bufget' = 100.00%
2025-06-21 04:55:28,111 [DEBUG] [1] call_site: 0x402904, caller: 0x4027ac, block_addr: 0x4028f8, key: DfsEnable
2025-06-21 04:55:28,111 [INFO] [+] Analysis for call sites of nvram_bufget completed in 16.41 seconds.
2025-06-21 04:55:28,111 [INFO] Initializing angr Project/CFG for '/home/firmware/Current_dataset/D-Link/DIR-878/cpio-root/bin/ralink_init'...
2025-06-21 04:55:33,017 [INFO] Successfully initialized angr Project/CFG for '/home/firmware/Current_dataset/D-Link/DIR-878/cpio-root/bin/ralink_init' in 4.91s
2025-06-21 04:55:33,158 [WARNING] Call site at 0x4019d0 has only 0 arguments; requested index 1 is out of range.
2025-06-21 04:55:33,158 [WARNING] Call site at 0x401a00 has only 0 arguments; requested index 1 is out of range.
2025-06-21 04:55:33,180 [WARNING] Call site at 0x408664 has only 0 arguments; requested index 1 is out of range.
2025-06-21 04:55:33,180 [INFO] [Fast] Extraction success rate for 'nvram_bufget' = 96.54%
2025-06-21 04:55:33,180 [DEBUG] [1] call_site: 0x40168c, caller: 0x40123c, block_addr: 0x40167c, key: -1
2025-06-21 04:55:33,180 [DEBUG] [2] call_site: 0x4019d4, caller: 0x401978, block_addr: 0x4019d0, key: -1
2025-06-21 04:55:33,180 [DEBUG] [3] call_site: 0x401a04, caller: 0x401978, block_addr: 0x401a00, key: -1
2025-06-21 04:55:33,180 [DEBUG] [4] call_site: 0x401c54, caller: 0x401ac8, block_addr: 0x401c4c, key: -1
2025-06-21 04:55:33,181 [DEBUG] [5] call_site: 0x401ca4, caller: 0x401ac8, block_addr: 0x401c90, key: CountryRegionABand
2025-06-21 04:55:33,181 [DEBUG] [6] call_site: 0x401cf4, caller: 0x401ac8, block_addr: 0x401ce0, key: CountryCode
2025-06-21 04:55:33,181 [DEBUG] [7] call_site: 0x401d2c, caller: 0x401ac8, block_addr: 0x401d18, key: AutoChannelSkipList
2025-06-21 04:55:33,181 [DEBUG] [8] call_site: 0x401d64, caller: 0x401ac8, block_addr: 0x401d50, key: DBDC_MODE
2025-06-21 04:55:33,181 [DEBUG] [9] call_site: 0x401db4, caller: 0x401ac8, block_addr: 0x401da0, key: IcapMode
2025-06-21 04:55:33,181 [DEBUG] [10] call_site: 0x401e00, caller: 0x401ac8, block_addr: 0x401df0, key: -1
2025-06-21 04:55:33,181 [DEBUG] [11] call_site: 0x401e98, caller: 0x401ac8, block_addr: 0x401e8c, key: SSID
2025-06-21 04:55:33,181 [DEBUG] [12] call_site: 0x401ed0, caller: 0x401ac8, block_addr: 0x401ebc, key: SSID1
2025-06-21 04:55:33,181 [DEBUG] [13] call_site: 0x401f08, caller: 0x401ac8, block_addr: 0x401ef4, key: SSID2
2025-06-21 04:55:33,181 [DEBUG] [14] call_site: 0x401f40, caller: 0x401ac8, block_addr: 0x401f2c, key: SSID3
2025-06-21 04:55:33,181 [DEBUG] [15] call_site: 0x401f78, caller: 0x401ac8, block_addr: 0x401f64, key: SSID4
2025-06-21 04:55:33,181 [DEBUG] [16] call_site: 0x401fb0, caller: 0x401ac8, block_addr: 0x401f9c, key: SSID5
2025-06-21 04:55:33,181 [DEBUG] [17] call_site: 0x401fe8, caller: 0x401ac8, block_addr: 0x401fd4, key: SSID6
2025-06-21 04:55:33,181 [DEBUG] [18] call_site: 0x402020, caller: 0x401ac8, block_addr: 0x40200c, key: SSID7
2025-06-21 04:55:33,181 [DEBUG] [19] call_site: 0x402058, caller: 0x401ac8, block_addr: 0x402044, key: SSID8
2025-06-21 04:55:33,182 [DEBUG] [20] call_site: 0x402090, caller: 0x401ac8, block_addr: 0x40207c, key: SSID9
2025-06-21 04:55:33,182 [DEBUG] [21] call_site: 0x4020c8, caller: 0x401ac8, block_addr: 0x4020b4, key: SSID10
2025-06-21 04:55:33,182 [DEBUG] [22] call_site: 0x402100, caller: 0x401ac8, block_addr: 0x4020ec, key: SSID11
2025-06-21 04:55:33,182 [DEBUG] [23] call_site: 0x402138, caller: 0x401ac8, block_addr: 0x402124, key: SSID12
2025-06-21 04:55:33,182 [DEBUG] [24] call_site: 0x402170, caller: 0x401ac8, block_addr: 0x40215c, key: SSID13
2025-06-21 04:55:33,182 [DEBUG] [25] call_site: 0x4021a8, caller: 0x401ac8, block_addr: 0x402194, key: SSID14
2025-06-21 04:55:33,182 [DEBUG] [26] call_site: 0x4021e0, caller: 0x401ac8, block_addr: 0x4021cc, key: SSID15
2025-06-21 04:55:33,182 [DEBUG] [27] call_site: 0x402218, caller: 0x401ac8, block_addr: 0x402204, key: SSID16
2025-06-21 04:55:33,182 [DEBUG] [28] call_site: 0x402250, caller: 0x401ac8, block_addr: 0x40223c, key: RRMEnable
2025-06-21 04:55:33,182 [DEBUG] [29] call_site: 0x4022a0, caller: 0x401ac8, block_addr: 0x40228c, key: FtSupport
2025-06-21 04:55:33,182 [DEBUG] [30] call_site: 0x4022f0, caller: 0x401ac8, block_addr: 0x4022dc, key: ChannelGrp
2025-06-21 04:55:33,182 [DEBUG] [31] call_site: 0x402328, caller: 0x401ac8, block_addr: 0x402314, key: WirelessMode
2025-06-21 04:55:33,182 [DEBUG] [32] call_site: 0x402360, caller: 0x401ac8, block_addr: 0x40234c, key: FixedTxMode
2025-06-21 04:55:33,182 [DEBUG] [33] call_site: 0x402398, caller: 0x401ac8, block_addr: 0x402384, key: EthConvertMode
2025-06-21 04:55:33,182 [DEBUG] [34] call_site: 0x4023e8, caller: 0x401ac8, block_addr: 0x4023bc, key: -1
2025-06-21 04:55:33,182 [DEBUG] [35] call_site: 0x402448, caller: 0x401ac8, block_addr: 0x402434, key: -1
2025-06-21 04:55:33,183 [DEBUG] [36] call_site: 0x4024a8, caller: 0x401ac8, block_addr: 0x402494, key: Channel
2025-06-21 04:55:33,183 [DEBUG] [37] call_site: 0x4024e0, caller: 0x401ac8, block_addr: 0x4024cc, key: BasicRate
2025-06-21 04:55:33,183 [DEBUG] [38] call_site: 0x402530, caller: 0x401ac8, block_addr: 0x40251c, key: BeaconPeriod
2025-06-21 04:55:33,183 [DEBUG] [39] call_site: 0x402580, caller: 0x401ac8, block_addr: 0x40256c, key: DtimPeriod
2025-06-21 04:55:33,183 [DEBUG] [40] call_site: 0x4025d0, caller: 0x401ac8, block_addr: 0x4025bc, key: TxPower
2025-06-21 04:55:33,183 [DEBUG] [41] call_site: 0x402620, caller: 0x401ac8, block_addr: 0x40260c, key: LinkTestSupport
2025-06-21 04:55:33,183 [DEBUG] [42] call_site: 0x402670, caller: 0x401ac8, block_addr: 0x40265c, key: ThermalRecal
2025-06-21 04:55:33,183 [DEBUG] [43] call_site: 0x4026c0, caller: 0x401ac8, block_addr: 0x4026ac, key: SKUenable
2025-06-21 04:55:33,183 [DEBUG] [44] call_site: 0x402710, caller: 0x401ac8, block_addr: 0x4026fc, key: PERCENTAGEenable
2025-06-21 04:55:33,183 [DEBUG] [45] call_site: 0x402760, caller: 0x401ac8, block_addr: 0x40274c, key: BFBACKOFFenable
2025-06-21 04:55:33,183 [DEBUG] [46] call_site: 0x4027b0, caller: 0x401ac8, block_addr: 0x40279c, key: CalCacheApply
2025-06-21 04:55:33,183 [DEBUG] [47] call_site: 0x402800, caller: 0x401ac8, block_addr: 0x4027ec, key: DisableOLBC
2025-06-21 04:55:33,183 [DEBUG] [48] call_site: 0x402850, caller: 0x401ac8, block_addr: 0x40283c, key: BGProtection
2025-06-21 04:55:33,183 [DEBUG] [49] call_site: 0x4028e0, caller: 0x401ac8, block_addr: 0x4028cc, key: TxPreamble
2025-06-21 04:55:33,183 [DEBUG] [50] call_site: 0x402930, caller: 0x401ac8, block_addr: 0x40291c, key: RTSThreshold
2025-06-21 04:55:33,184 [DEBUG] [51] call_site: 0x402980, caller: 0x401ac8, block_addr: 0x40296c, key: FragThreshold
2025-06-21 04:55:33,184 [DEBUG] [52] call_site: 0x4029d0, caller: 0x401ac8, block_addr: 0x4029bc, key: TxBurst
2025-06-21 04:55:33,184 [DEBUG] [53] call_site: 0x402a20, caller: 0x401ac8, block_addr: 0x402a0c, key: PktAggregate
2025-06-21 04:55:33,184 [DEBUG] [54] call_site: 0x402a70, caller: 0x401ac8, block_addr: 0x402a5c, key: AutoProvisionEn
2025-06-21 04:55:33,184 [DEBUG] [55] call_site: 0x402ac0, caller: 0x401ac8, block_addr: 0x402aac, key: FreqDelta
2025-06-21 04:55:33,184 [DEBUG] [56] call_site: 0x402b48, caller: 0x401ac8, block_addr: 0x402b1c, key: -1
2025-06-21 04:55:33,184 [DEBUG] [57] call_site: 0x402ba8, caller: 0x401ac8, block_addr: 0x402b94, key: -1
2025-06-21 04:55:33,184 [DEBUG] [58] call_site: 0x402c08, caller: 0x401ac8, block_addr: 0x402bf4, key: APAifsn
2025-06-21 04:55:33,184 [DEBUG] [59] call_site: 0x402c40, caller: 0x401ac8, block_addr: 0x402c2c, key: APCwmin
2025-06-21 04:55:33,184 [DEBUG] [60] call_site: 0x402c78, caller: 0x401ac8, block_addr: 0x402c64, key: APCwmax
2025-06-21 04:55:33,184 [DEBUG] [61] call_site: 0x402cb0, caller: 0x401ac8, block_addr: 0x402c9c, key: APTxop
2025-06-21 04:55:33,184 [DEBUG] [62] call_site: 0x402ce8, caller: 0x401ac8, block_addr: 0x402cd4, key: APACM
2025-06-21 04:55:33,184 [DEBUG] [63] call_site: 0x402d20, caller: 0x401ac8, block_addr: 0x402d0c, key: BSSAifsn
2025-06-21 04:55:33,184 [DEBUG] [64] call_site: 0x402d58, caller: 0x401ac8, block_addr: 0x402d44, key: BSSCwmin
2025-06-21 04:55:33,184 [DEBUG] [65] call_site: 0x402d90, caller: 0x401ac8, block_addr: 0x402d7c, key: BSSCwmax
2025-06-21 04:55:33,184 [DEBUG] [66] call_site: 0x402dc8, caller: 0x401ac8, block_addr: 0x402db4, key: BSSTxop
2025-06-21 04:55:33,185 [DEBUG] [67] call_site: 0x402e00, caller: 0x401ac8, block_addr: 0x402dec, key: BSSACM
2025-06-21 04:55:33,185 [DEBUG] [68] call_site: 0x402e38, caller: 0x401ac8, block_addr: 0x402e24, key: AckPolicy
2025-06-21 04:55:33,185 [DEBUG] [69] call_site: 0x402e70, caller: 0x401ac8, block_addr: 0x402e5c, key: APSDCapable
2025-06-21 04:55:33,185 [DEBUG] [70] call_site: 0x402ea8, caller: 0x401ac8, block_addr: 0x402e94, key: DLSCapable
2025-06-21 04:55:33,185 [DEBUG] [71] call_site: 0x402ee0, caller: 0x401ac8, block_addr: 0x402ecc, key: NoForwarding
2025-06-21 04:55:33,185 [DEBUG] [72] call_site: 0x402f18, caller: 0x401ac8, block_addr: 0x402f04, key: NoForwardingBTNBSSID
2025-06-21 04:55:33,185 [DEBUG] [73] call_site: 0x402f68, caller: 0x401ac8, block_addr: 0x402f54, key: HideSSID
2025-06-21 04:55:33,185 [DEBUG] [74] call_site: 0x402fa0, caller: 0x401ac8, block_addr: 0x402f8c, key: ShortSlot
2025-06-21 04:55:33,185 [DEBUG] [75] call_site: 0x402ff0, caller: 0x401ac8, block_addr: 0x402fdc, key: AutoChannelSelect
2025-06-21 04:55:33,185 [DEBUG] [76] call_site: 0x403040, caller: 0x401ac8, block_addr: 0x40302c, key: IEEE8021X
2025-06-21 04:55:33,185 [DEBUG] [77] call_site: 0x403078, caller: 0x401ac8, block_addr: 0x403064, key: IEEE80211H
2025-06-21 04:55:33,185 [DEBUG] [78] call_site: 0x4030c8, caller: 0x401ac8, block_addr: 0x4030b4, key: CarrierDetect
2025-06-21 04:55:33,185 [DEBUG] [79] call_site: 0x403118, caller: 0x401ac8, block_addr: 0x403104, key: ITxBfEn
2025-06-21 04:55:33,185 [DEBUG] [80] call_site: 0x403168, caller: 0x401ac8, block_addr: 0x403154, key: PreAntSwitch
2025-06-21 04:55:33,185 [DEBUG] [81] call_site: 0x4031a0, caller: 0x401ac8, block_addr: 0x40318c, key: PhyRateLimit
2025-06-21 04:55:33,185 [DEBUG] [82] call_site: 0x4031f0, caller: 0x401ac8, block_addr: 0x4031dc, key: DebugFlags
2025-06-21 04:55:33,186 [DEBUG] [83] call_site: 0x403240, caller: 0x401ac8, block_addr: 0x40322c, key: ETxBfEnCond
2025-06-21 04:55:33,186 [DEBUG] [84] call_site: 0x403290, caller: 0x401ac8, block_addr: 0x40327c, key: MUTxRxEnable
2025-06-21 04:55:33,186 [DEBUG] [85] call_site: 0x4032e0, caller: 0x401ac8, block_addr: 0x4032cc, key: ITxBfTimeout
2025-06-21 04:55:33,186 [DEBUG] [86] call_site: 0x403330, caller: 0x401ac8, block_addr: 0x40331c, key: ETxBfTimeout
2025-06-21 04:55:33,186 [DEBUG] [87] call_site: 0x403380, caller: 0x401ac8, block_addr: 0x40336c, key: ETxBfNoncompress
2025-06-21 04:55:33,186 [DEBUG] [88] call_site: 0x4033d0, caller: 0x401ac8, block_addr: 0x4033bc, key: ETxBfIncapable
2025-06-21 04:55:33,186 [DEBUG] [89] call_site: 0x403420, caller: 0x401ac8, block_addr: 0x40340c, key: FineAGC
2025-06-21 04:55:33,186 [DEBUG] [90] call_site: 0x403470, caller: 0x401ac8, block_addr: 0x40345c, key: StreamMode
2025-06-21 04:55:33,186 [DEBUG] [91] call_site: 0x4034c0, caller: 0x401ac8, block_addr: 0x4034ac, key: StreamModeMac0
2025-06-21 04:55:33,186 [DEBUG] [92] call_site: 0x4034f8, caller: 0x401ac8, block_addr: 0x4034e4, key: StreamModeMac1
2025-06-21 04:55:33,186 [DEBUG] [93] call_site: 0x403530, caller: 0x401ac8, block_addr: 0x40351c, key: StreamModeMac2
2025-06-21 04:55:33,186 [DEBUG] [94] call_site: 0x403568, caller: 0x401ac8, block_addr: 0x403554, key: StreamModeMac3
2025-06-21 04:55:33,186 [DEBUG] [95] call_site: 0x4035a0, caller: 0x401ac8, block_addr: 0x40358c, key: CSPeriod
2025-06-21 04:55:33,186 [DEBUG] [96] call_site: 0x4035f0, caller: 0x401ac8, block_addr: 0x4035dc, key: RDRegion
2025-06-21 04:55:33,186 [DEBUG] [97] call_site: 0x403628, caller: 0x401ac8, block_addr: 0x403614, key: StationKeepAlive
2025-06-21 04:55:33,186 [DEBUG] [98] call_site: 0x403678, caller: 0x401ac8, block_addr: 0x403664, key: DfsCalibration
2025-06-21 04:55:33,187 [DEBUG] [99] call_site: 0x4036c8, caller: 0x401ac8, block_addr: 0x4036b4, key: DfsEnable
2025-06-21 04:55:33,187 [DEBUG] [100] call_site: 0x403718, caller: 0x401ac8, block_addr: 0x403704, key: DfsApplyStopWifi
2025-06-21 04:55:33,187 [DEBUG] [101] call_site: 0x403768, caller: 0x401ac8, block_addr: 0x403754, key: DfsZeroWait
2025-06-21 04:55:33,187 [DEBUG] [102] call_site: 0x4037b8, caller: 0x401ac8, block_addr: 0x4037a4, key: DfsZeroWaitCacTime
2025-06-21 04:55:33,187 [DEBUG] [103] call_site: 0x403808, caller: 0x401ac8, block_addr: 0x4037f4, key: DfsLowerLimit
2025-06-21 04:55:33,187 [DEBUG] [104] call_site: 0x403858, caller: 0x401ac8, block_addr: 0x403844, key: DfsUpperLimit
2025-06-21 04:55:33,187 [DEBUG] [105] call_site: 0x4038a8, caller: 0x401ac8, block_addr: 0x403894, key: DfsOutdoor
2025-06-21 04:55:33,187 [DEBUG] [106] call_site: 0x4038f8, caller: 0x401ac8, block_addr: 0x4038e4, key: SymRoundFromCfg
2025-06-21 04:55:33,187 [DEBUG] [107] call_site: 0x403948, caller: 0x401ac8, block_addr: 0x403934, key: BusyIdleFromCfg
2025-06-21 04:55:33,187 [DEBUG] [108] call_site: 0x403998, caller: 0x401ac8, block_addr: 0x403984, key: DfsRssiHighFromCfg
2025-06-21 04:55:33,187 [DEBUG] [109] call_site: 0x4039e8, caller: 0x401ac8, block_addr: 0x4039d4, key: DfsRssiLowFromCfg
2025-06-21 04:55:33,187 [DEBUG] [110] call_site: 0x403a38, caller: 0x401ac8, block_addr: 0x403a24, key: DFSParamFromConfig
2025-06-21 04:55:33,187 [DEBUG] [111] call_site: 0x403a88, caller: 0x401ac8, block_addr: 0x403a74, key: FCCParamCh0
2025-06-21 04:55:33,187 [DEBUG] [112] call_site: 0x403ac0, caller: 0x401ac8, block_addr: 0x403aac, key: FCCParamCh1
2025-06-21 04:55:33,187 [DEBUG] [113] call_site: 0x403af8, caller: 0x401ac8, block_addr: 0x403ae4, key: FCCParamCh2
2025-06-21 04:55:33,188 [DEBUG] [114] call_site: 0x403b30, caller: 0x401ac8, block_addr: 0x403b1c, key: FCCParamCh3
2025-06-21 04:55:33,188 [DEBUG] [115] call_site: 0x403b68, caller: 0x401ac8, block_addr: 0x403b54, key: CEParamCh0
2025-06-21 04:55:33,188 [DEBUG] [116] call_site: 0x403ba0, caller: 0x401ac8, block_addr: 0x403b8c, key: CEParamCh1
2025-06-21 04:55:33,188 [DEBUG] [117] call_site: 0x403bd8, caller: 0x401ac8, block_addr: 0x403bc4, key: CEParamCh2
2025-06-21 04:55:33,188 [DEBUG] [118] call_site: 0x403c10, caller: 0x401ac8, block_addr: 0x403bfc, key: CEParamCh3
2025-06-21 04:55:33,188 [DEBUG] [119] call_site: 0x403c48, caller: 0x401ac8, block_addr: 0x403c34, key: JAPParamCh0
2025-06-21 04:55:33,188 [DEBUG] [120] call_site: 0x403c80, caller: 0x401ac8, block_addr: 0x403c6c, key: JAPParamCh1
2025-06-21 04:55:33,188 [DEBUG] [121] call_site: 0x403cb8, caller: 0x401ac8, block_addr: 0x403ca4, key: JAPParamCh2
2025-06-21 04:55:33,188 [DEBUG] [122] call_site: 0x403cf0, caller: 0x401ac8, block_addr: 0x403cdc, key: JAPParamCh3
2025-06-21 04:55:33,188 [DEBUG] [123] call_site: 0x403d28, caller: 0x401ac8, block_addr: 0x403d14, key: JAPW53ParamCh0
2025-06-21 04:55:33,188 [DEBUG] [124] call_site: 0x403d60, caller: 0x401ac8, block_addr: 0x403d4c, key: JAPW53ParamCh1
2025-06-21 04:55:33,188 [DEBUG] [125] call_site: 0x403d98, caller: 0x401ac8, block_addr: 0x403d84, key: JAPW53ParamCh2
2025-06-21 04:55:33,188 [DEBUG] [126] call_site: 0x403dd0, caller: 0x401ac8, block_addr: 0x403dbc, key: JAPW53ParamCh3
2025-06-21 04:55:33,188 [DEBUG] [127] call_site: 0x403e08, caller: 0x401ac8, block_addr: 0x403df4, key: FixDfsLimit
2025-06-21 04:55:33,188 [DEBUG] [128] call_site: 0x403e58, caller: 0x401ac8, block_addr: 0x403e44, key: LongPulseRadarTh
2025-06-21 04:55:33,188 [DEBUG] [129] call_site: 0x403ea8, caller: 0x401ac8, block_addr: 0x403e94, key: AvgRssiReq
2025-06-21 04:55:33,189 [DEBUG] [130] call_site: 0x403ef8, caller: 0x401ac8, block_addr: 0x403ee4, key: DFS_R66
2025-06-21 04:55:33,189 [DEBUG] [131] call_site: 0x403f48, caller: 0x401ac8, block_addr: 0x403f34, key: BlockCh
2025-06-21 04:55:33,189 [DEBUG] [132] call_site: 0x403f80, caller: 0x401ac8, block_addr: 0x403f6c, key: GreenAP
2025-06-21 04:55:33,189 [DEBUG] [133] call_site: 0x403fd0, caller: 0x401ac8, block_addr: 0x403fbc, key: PreAuth
2025-06-21 04:55:33,189 [DEBUG] [134] call_site: 0x404008, caller: 0x401ac8, block_addr: 0x403ff4, key: AuthMode
2025-06-21 04:55:33,189 [DEBUG] [135] call_site: 0x404040, caller: 0x401ac8, block_addr: 0x40402c, key: EncrypType
2025-06-21 04:55:33,189 [DEBUG] [136] call_site: 0x404078, caller: 0x401ac8, block_addr: 0x404064, key: WapiPsk1
2025-06-21 04:55:33,189 [DEBUG] [137] call_site: 0x4040b0, caller: 0x401ac8, block_addr: 0x40409c, key: WapiPsk2
2025-06-21 04:55:33,189 [DEBUG] [138] call_site: 0x4040e8, caller: 0x401ac8, block_addr: 0x4040d4, key: WapiPsk3
2025-06-21 04:55:33,189 [DEBUG] [139] call_site: 0x404120, caller: 0x401ac8, block_addr: 0x40410c, key: WapiPsk4
2025-06-21 04:55:33,189 [DEBUG] [140] call_site: 0x404158, caller: 0x401ac8, block_addr: 0x404144, key: WapiPsk5
2025-06-21 04:55:33,189 [DEBUG] [141] call_site: 0x404190, caller: 0x401ac8, block_addr: 0x40417c, key: WapiPsk6
2025-06-21 04:55:33,189 [DEBUG] [142] call_site: 0x4041c8, caller: 0x401ac8, block_addr: 0x4041b4, key: WapiPsk7
2025-06-21 04:55:33,189 [DEBUG] [143] call_site: 0x404200, caller: 0x401ac8, block_addr: 0x4041ec, key: WapiPsk8
2025-06-21 04:55:33,189 [DEBUG] [144] call_site: 0x404238, caller: 0x401ac8, block_addr: 0x404224, key: WapiPsk9
2025-06-21 04:55:33,189 [DEBUG] [145] call_site: 0x404270, caller: 0x401ac8, block_addr: 0x40425c, key: WapiPsk10
2025-06-21 04:55:33,190 [DEBUG] [146] call_site: 0x4042a8, caller: 0x401ac8, block_addr: 0x404294, key: WapiPsk11
2025-06-21 04:55:33,190 [DEBUG] [147] call_site: 0x4042e0, caller: 0x401ac8, block_addr: 0x4042cc, key: WapiPsk12
2025-06-21 04:55:33,190 [DEBUG] [148] call_site: 0x404318, caller: 0x401ac8, block_addr: 0x404304, key: WapiPsk13
2025-06-21 04:55:33,190 [DEBUG] [149] call_site: 0x404350, caller: 0x401ac8, block_addr: 0x40433c, key: WapiPsk14
2025-06-21 04:55:33,190 [DEBUG] [150] call_site: 0x404388, caller: 0x401ac8, block_addr: 0x404374, key: WapiPsk15
2025-06-21 04:55:33,190 [DEBUG] [151] call_site: 0x4043c0, caller: 0x401ac8, block_addr: 0x4043ac, key: WapiPsk16
2025-06-21 04:55:33,190 [DEBUG] [152] call_site: 0x4043f8, caller: 0x401ac8, block_addr: 0x4043e4, key: WapiPskType
2025-06-21 04:55:33,190 [DEBUG] [153] call_site: 0x404430, caller: 0x401ac8, block_addr: 0x40441c, key: Wapiifname
2025-06-21 04:55:33,190 [DEBUG] [154] call_site: 0x404468, caller: 0x401ac8, block_addr: 0x404454, key: WapiAsCertPath
2025-06-21 04:55:33,190 [DEBUG] [155] call_site: 0x4044a0, caller: 0x401ac8, block_addr: 0x40448c, key: WapiUserCertPath
2025-06-21 04:55:33,190 [DEBUG] [156] call_site: 0x4044d8, caller: 0x401ac8, block_addr: 0x4044c4, key: WapiAsIpAddr
2025-06-21 04:55:33,190 [DEBUG] [157] call_site: 0x404510, caller: 0x401ac8, block_addr: 0x4044fc, key: WapiAsPort
2025-06-21 04:55:33,190 [DEBUG] [158] call_site: 0x404548, caller: 0x401ac8, block_addr: 0x404534, key: RekeyMethod
2025-06-21 04:55:33,190 [DEBUG] [159] call_site: 0x404580, caller: 0x401ac8, block_addr: 0x40456c, key: RekeyInterval
2025-06-21 04:55:33,190 [DEBUG] [160] call_site: 0x4045b8, caller: 0x401ac8, block_addr: 0x4045a4, key: PMKCachePeriod
2025-06-21 04:55:33,190 [DEBUG] [161] call_site: 0x4045f0, caller: 0x401ac8, block_addr: 0x4045dc, key: MeshAutoLink
2025-06-21 04:55:33,191 [DEBUG] [162] call_site: 0x404640, caller: 0x401ac8, block_addr: 0x40462c, key: MeshAuthMode
2025-06-21 04:55:33,191 [DEBUG] [163] call_site: 0x404678, caller: 0x401ac8, block_addr: 0x404664, key: MeshEncrypType
2025-06-21 04:55:33,191 [DEBUG] [164] call_site: 0x4046b0, caller: 0x401ac8, block_addr: 0x40469c, key: MeshDefaultkey
2025-06-21 04:55:33,191 [DEBUG] [165] call_site: 0x404700, caller: 0x401ac8, block_addr: 0x4046ec, key: MeshWEPKEY
2025-06-21 04:55:33,191 [DEBUG] [166] call_site: 0x404738, caller: 0x401ac8, block_addr: 0x404724, key: MeshWPAKEY
2025-06-21 04:55:33,191 [DEBUG] [167] call_site: 0x404770, caller: 0x401ac8, block_addr: 0x40475c, key: MeshId
2025-06-21 04:55:33,191 [DEBUG] [168] call_site: 0x4047a8, caller: 0x401ac8, block_addr: 0x404794, key: WPAPSK
2025-06-21 04:55:33,191 [DEBUG] [169] call_site: 0x4047e0, caller: 0x401ac8, block_addr: 0x4047cc, key: WPAPSK1
2025-06-21 04:55:33,191 [DEBUG] [170] call_site: 0x404818, caller: 0x401ac8, block_addr: 0x404804, key: WPAPSK2
2025-06-21 04:55:33,191 [DEBUG] [171] call_site: 0x404850, caller: 0x401ac8, block_addr: 0x40483c, key: WPAPSK3
2025-06-21 04:55:33,191 [DEBUG] [172] call_site: 0x404888, caller: 0x401ac8, block_addr: 0x404874, key: WPAPSK4
2025-06-21 04:55:33,191 [DEBUG] [173] call_site: 0x4048c0, caller: 0x401ac8, block_addr: 0x4048ac, key: WPAPSK5
2025-06-21 04:55:33,191 [DEBUG] [174] call_site: 0x4048f8, caller: 0x401ac8, block_addr: 0x4048e4, key: WPAPSK6
2025-06-21 04:55:33,191 [DEBUG] [175] call_site: 0x404930, caller: 0x401ac8, block_addr: 0x40491c, key: WPAPSK7
2025-06-21 04:55:33,191 [DEBUG] [176] call_site: 0x404968, caller: 0x401ac8, block_addr: 0x404954, key: WPAPSK8
2025-06-21 04:55:33,191 [DEBUG] [177] call_site: 0x4049a0, caller: 0x401ac8, block_addr: 0x40498c, key: WPAPSK9
2025-06-21 04:55:33,192 [DEBUG] [178] call_site: 0x4049d8, caller: 0x401ac8, block_addr: 0x4049c4, key: WPAPSK10
2025-06-21 04:55:33,192 [DEBUG] [179] call_site: 0x404a10, caller: 0x401ac8, block_addr: 0x4049fc, key: WPAPSK11
2025-06-21 04:55:33,192 [DEBUG] [180] call_site: 0x404a48, caller: 0x401ac8, block_addr: 0x404a34, key: WPAPSK12
2025-06-21 04:55:33,192 [DEBUG] [181] call_site: 0x404a80, caller: 0x401ac8, block_addr: 0x404a6c, key: WPAPSK13
2025-06-21 04:55:33,192 [DEBUG] [182] call_site: 0x404ab8, caller: 0x401ac8, block_addr: 0x404aa4, key: WPAPSK14
2025-06-21 04:55:33,192 [DEBUG] [183] call_site: 0x404af0, caller: 0x401ac8, block_addr: 0x404adc, key: WPAPSK15
2025-06-21 04:55:33,192 [DEBUG] [184] call_site: 0x404b28, caller: 0x401ac8, block_addr: 0x404b14, key: WPAPSK16
2025-06-21 04:55:33,192 [DEBUG] [185] call_site: 0x404b60, caller: 0x401ac8, block_addr: 0x404b4c, key: DefaultKeyID
2025-06-21 04:55:33,192 [DEBUG] [186] call_site: 0x404b98, caller: 0x401ac8, block_addr: 0x404b84, key: Key1Type
2025-06-21 04:55:33,192 [DEBUG] [187] call_site: 0x404bd0, caller: 0x401ac8, block_addr: 0x404bbc, key: Key1Str
2025-06-21 04:55:33,192 [DEBUG] [188] call_site: 0x404c08, caller: 0x401ac8, block_addr: 0x404bf4, key: Key1Str1
2025-06-21 04:55:33,192 [DEBUG] [189] call_site: 0x404c40, caller: 0x401ac8, block_addr: 0x404c2c, key: Key1Str2
2025-06-21 04:55:33,192 [DEBUG] [190] call_site: 0x404c78, caller: 0x401ac8, block_addr: 0x404c64, key: Key1Str3
2025-06-21 04:55:33,192 [DEBUG] [191] call_site: 0x404cb0, caller: 0x401ac8, block_addr: 0x404c9c, key: Key1Str4
2025-06-21 04:55:33,192 [DEBUG] [192] call_site: 0x404ce8, caller: 0x401ac8, block_addr: 0x404cd4, key: Key1Str5
2025-06-21 04:55:33,193 [DEBUG] [193] call_site: 0x404d20, caller: 0x401ac8, block_addr: 0x404d0c, key: Key1Str6
2025-06-21 04:55:33,193 [DEBUG] [194] call_site: 0x404d58, caller: 0x401ac8, block_addr: 0x404d44, key: Key1Str7
2025-06-21 04:55:33,193 [DEBUG] [195] call_site: 0x404d90, caller: 0x401ac8, block_addr: 0x404d7c, key: Key1Str8
2025-06-21 04:55:33,193 [DEBUG] [196] call_site: 0x404dc8, caller: 0x401ac8, block_addr: 0x404db4, key: Key1Str9
2025-06-21 04:55:33,193 [DEBUG] [197] call_site: 0x404e00, caller: 0x401ac8, block_addr: 0x404dec, key: Key1Str10
2025-06-21 04:55:33,193 [DEBUG] [198] call_site: 0x404e38, caller: 0x401ac8, block_addr: 0x404e24, key: Key1Str11
2025-06-21 04:55:33,193 [DEBUG] [199] call_site: 0x404e70, caller: 0x401ac8, block_addr: 0x404e5c, key: Key1Str12
2025-06-21 04:55:33,193 [DEBUG] [200] call_site: 0x404ea8, caller: 0x401ac8, block_addr: 0x404e94, key: Key1Str13
2025-06-21 04:55:33,193 [DEBUG] [201] call_site: 0x404ee0, caller: 0x401ac8, block_addr: 0x404ecc, key: Key1Str14
2025-06-21 04:55:33,193 [DEBUG] [202] call_site: 0x404f18, caller: 0x401ac8, block_addr: 0x404f04, key: Key1Str15
2025-06-21 04:55:33,193 [DEBUG] [203] call_site: 0x404f50, caller: 0x401ac8, block_addr: 0x404f3c, key: Key1Str16
2025-06-21 04:55:33,193 [DEBUG] [204] call_site: 0x404f88, caller: 0x401ac8, block_addr: 0x404f74, key: Key2Type
2025-06-21 04:55:33,193 [DEBUG] [205] call_site: 0x404fc0, caller: 0x401ac8, block_addr: 0x404fac, key: Key2Str
2025-06-21 04:55:33,193 [DEBUG] [206] call_site: 0x404ff8, caller: 0x401ac8, block_addr: 0x404fe4, key: Key2Str1
2025-06-21 04:55:33,193 [DEBUG] [207] call_site: 0x405030, caller: 0x401ac8, block_addr: 0x40501c, key: Key2Str2
2025-06-21 04:55:33,193 [DEBUG] [208] call_site: 0x405068, caller: 0x401ac8, block_addr: 0x405054, key: Key2Str3
2025-06-21 04:55:33,194 [DEBUG] [209] call_site: 0x4050a0, caller: 0x401ac8, block_addr: 0x40508c, key: Key2Str4
2025-06-21 04:55:33,194 [DEBUG] [210] call_site: 0x4050d8, caller: 0x401ac8, block_addr: 0x4050c4, key: Key2Str5
2025-06-21 04:55:33,194 [DEBUG] [211] call_site: 0x405110, caller: 0x401ac8, block_addr: 0x4050fc, key: Key2Str6
2025-06-21 04:55:33,194 [DEBUG] [212] call_site: 0x405148, caller: 0x401ac8, block_addr: 0x405134, key: Key2Str7
2025-06-21 04:55:33,194 [DEBUG] [213] call_site: 0x405180, caller: 0x401ac8, block_addr: 0x40516c, key: Key2Str8
2025-06-21 04:55:33,194 [DEBUG] [214] call_site: 0x4051b8, caller: 0x401ac8, block_addr: 0x4051a4, key: Key2Str9
2025-06-21 04:55:33,194 [DEBUG] [215] call_site: 0x4051f0, caller: 0x401ac8, block_addr: 0x4051dc, key: Key2Str10
2025-06-21 04:55:33,194 [DEBUG] [216] call_site: 0x405228, caller: 0x401ac8, block_addr: 0x405214, key: Key2Str11
2025-06-21 04:55:33,194 [DEBUG] [217] call_site: 0x405260, caller: 0x401ac8, block_addr: 0x40524c, key: Key2Str12
2025-06-21 04:55:33,194 [DEBUG] [218] call_site: 0x405298, caller: 0x401ac8, block_addr: 0x405284, key: Key2Str13
2025-06-21 04:55:33,194 [DEBUG] [219] call_site: 0x4052d0, caller: 0x401ac8, block_addr: 0x4052bc, key: Key2Str14
2025-06-21 04:55:33,194 [DEBUG] [220] call_site: 0x405308, caller: 0x401ac8, block_addr: 0x4052f4, key: Key2Str15
2025-06-21 04:55:33,194 [DEBUG] [221] call_site: 0x405340, caller: 0x401ac8, block_addr: 0x40532c, key: Key2Str16
2025-06-21 04:55:33,194 [DEBUG] [222] call_site: 0x405378, caller: 0x401ac8, block_addr: 0x405364, key: Key3Type
2025-06-21 04:55:33,194 [DEBUG] [223] call_site: 0x4053b0, caller: 0x401ac8, block_addr: 0x40539c, key: Key3Str
2025-06-21 04:55:33,195 [DEBUG] [224] call_site: 0x4053e8, caller: 0x401ac8, block_addr: 0x4053d4, key: Key3Str1
2025-06-21 04:55:33,195 [DEBUG] [225] call_site: 0x405420, caller: 0x401ac8, block_addr: 0x40540c, key: Key3Str2
2025-06-21 04:55:33,195 [DEBUG] [226] call_site: 0x405458, caller: 0x401ac8, block_addr: 0x405444, key: Key3Str3
2025-06-21 04:55:33,195 [DEBUG] [227] call_site: 0x405490, caller: 0x401ac8, block_addr: 0x40547c, key: Key3Str4
2025-06-21 04:55:33,195 [DEBUG] [228] call_site: 0x4054c8, caller: 0x401ac8, block_addr: 0x4054b4, key: Key3Str5
2025-06-21 04:55:33,195 [DEBUG] [229] call_site: 0x405500, caller: 0x401ac8, block_addr: 0x4054ec, key: Key3Str6
2025-06-21 04:55:33,195 [DEBUG] [230] call_site: 0x405538, caller: 0x401ac8, block_addr: 0x405524, key: Key3Str7
2025-06-21 04:55:33,195 [DEBUG] [231] call_site: 0x405570, caller: 0x401ac8, block_addr: 0x40555c, key: Key3Str8
2025-06-21 04:55:33,195 [DEBUG] [232] call_site: 0x4055a8, caller: 0x401ac8, block_addr: 0x405594, key: Key3Str9
2025-06-21 04:55:33,195 [DEBUG] [233] call_site: 0x4055e0, caller: 0x401ac8, block_addr: 0x4055cc, key: Key3Str10
2025-06-21 04:55:33,195 [DEBUG] [234] call_site: 0x405618, caller: 0x401ac8, block_addr: 0x405604, key: Key3Str11
2025-06-21 04:55:33,195 [DEBUG] [235] call_site: 0x405650, caller: 0x401ac8, block_addr: 0x40563c, key: Key3Str12
2025-06-21 04:55:33,195 [DEBUG] [236] call_site: 0x405688, caller: 0x401ac8, block_addr: 0x405674, key: Key3Str13
2025-06-21 04:55:33,195 [DEBUG] [237] call_site: 0x4056c0, caller: 0x401ac8, block_addr: 0x4056ac, key: Key3Str14
2025-06-21 04:55:33,195 [DEBUG] [238] call_site: 0x4056f8, caller: 0x401ac8, block_addr: 0x4056e4, key: Key3Str15
2025-06-21 04:55:33,195 [DEBUG] [239] call_site: 0x405730, caller: 0x401ac8, block_addr: 0x40571c, key: Key3Str16
2025-06-21 04:55:33,195 [DEBUG] [240] call_site: 0x405768, caller: 0x401ac8, block_addr: 0x405754, key: Key4Type
2025-06-21 04:55:33,196 [DEBUG] [241] call_site: 0x4057a0, caller: 0x401ac8, block_addr: 0x40578c, key: Key4Str
2025-06-21 04:55:33,196 [DEBUG] [242] call_site: 0x4057d8, caller: 0x401ac8, block_addr: 0x4057c4, key: Key4Str1
2025-06-21 04:55:33,196 [DEBUG] [243] call_site: 0x405810, caller: 0x401ac8, block_addr: 0x4057fc, key: Key4Str2
2025-06-21 04:55:33,196 [DEBUG] [244] call_site: 0x405848, caller: 0x401ac8, block_addr: 0x405834, key: Key4Str3
2025-06-21 04:55:33,196 [DEBUG] [245] call_site: 0x405880, caller: 0x401ac8, block_addr: 0x40586c, key: Key4Str4
2025-06-21 04:55:33,196 [DEBUG] [246] call_site: 0x4058b8, caller: 0x401ac8, block_addr: 0x4058a4, key: Key4Str5
2025-06-21 04:55:33,196 [DEBUG] [247] call_site: 0x4058f0, caller: 0x401ac8, block_addr: 0x4058dc, key: Key4Str6
2025-06-21 04:55:33,196 [DEBUG] [248] call_site: 0x405928, caller: 0x401ac8, block_addr: 0x405914, key: Key4Str7
2025-06-21 04:55:33,196 [DEBUG] [249] call_site: 0x405960, caller: 0x401ac8, block_addr: 0x40594c, key: Key4Str8
2025-06-21 04:55:33,196 [DEBUG] [250] call_site: 0x405998, caller: 0x401ac8, block_addr: 0x405984, key: Key4Str9
2025-06-21 04:55:33,196 [DEBUG] [251] call_site: 0x4059d0, caller: 0x401ac8, block_addr: 0x4059bc, key: Key4Str10
2025-06-21 04:55:33,196 [DEBUG] [252] call_site: 0x405a08, caller: 0x401ac8, block_addr: 0x4059f4, key: Key4Str11
2025-06-21 04:55:33,196 [DEBUG] [253] call_site: 0x405a40, caller: 0x401ac8, block_addr: 0x405a2c, key: Key4Str12
2025-06-21 04:55:33,196 [DEBUG] [254] call_site: 0x405a78, caller: 0x401ac8, block_addr: 0x405a64, key: Key4Str13
2025-06-21 04:55:33,196 [DEBUG] [255] call_site: 0x405ab0, caller: 0x401ac8, block_addr: 0x405a9c, key: Key4Str14
2025-06-21 04:55:33,197 [DEBUG] [256] call_site: 0x405ae8, caller: 0x401ac8, block_addr: 0x405ad4, key: Key4Str15
2025-06-21 04:55:33,197 [DEBUG] [257] call_site: 0x405b20, caller: 0x401ac8, block_addr: 0x405b0c, key: Key4Str16
2025-06-21 04:55:33,197 [DEBUG] [258] call_site: 0x405b58, caller: 0x401ac8, block_addr: 0x405b44, key: HSCounter
2025-06-21 04:55:33,197 [DEBUG] [259] call_site: 0x405ba8, caller: 0x401ac8, block_addr: 0x405b94, key: HT_HTC
2025-06-21 04:55:33,197 [DEBUG] [260] call_site: 0x405bf8, caller: 0x401ac8, block_addr: 0x405be4, key: HT_RDG
2025-06-21 04:55:33,197 [DEBUG] [261] call_site: 0x405c48, caller: 0x401ac8, block_addr: 0x405c34, key: HT_LinkAdapt
2025-06-21 04:55:33,197 [DEBUG] [262] call_site: 0x405c98, caller: 0x401ac8, block_addr: 0x405c84, key: HT_OpMode
2025-06-21 04:55:33,197 [DEBUG] [263] call_site: 0x405ce8, caller: 0x401ac8, block_addr: 0x405cd4, key: HT_MpduDensity
2025-06-21 04:55:33,197 [DEBUG] [264] call_site: 0x405d38, caller: 0x401ac8, block_addr: 0x405d24, key: HT_EXTCHA
2025-06-21 04:55:33,197 [DEBUG] [265] call_site: 0x405d70, caller: 0x401ac8, block_addr: 0x405d5c, key: HT_BW
2025-06-21 04:55:33,197 [DEBUG] [266] call_site: 0x405dc0, caller: 0x401ac8, block_addr: 0x405dac, key: HT_AutoBA
2025-06-21 04:55:33,197 [DEBUG] [267] call_site: 0x405e10, caller: 0x401ac8, block_addr: 0x405dfc, key: HT_BADecline
2025-06-21 04:55:33,197 [DEBUG] [268] call_site: 0x405e60, caller: 0x401ac8, block_addr: 0x405e4c, key: HT_AMSDU
2025-06-21 04:55:33,197 [DEBUG] [269] call_site: 0x405eb0, caller: 0x401ac8, block_addr: 0x405e9c, key: HT_BAWinSize
2025-06-21 04:55:33,197 [DEBUG] [270] call_site: 0x405f00, caller: 0x401ac8, block_addr: 0x405eec, key: HT_GI
2025-06-21 04:55:33,197 [DEBUG] [271] call_site: 0x405f50, caller: 0x401ac8, block_addr: 0x405f3c, key: HT_STBC
2025-06-21 04:55:33,198 [DEBUG] [272] call_site: 0x405fa0, caller: 0x401ac8, block_addr: 0x405f8c, key: HT_MCS
2025-06-21 04:55:33,198 [DEBUG] [273] call_site: 0x405fd8, caller: 0x401ac8, block_addr: 0x405fc4, key: HT_TxStream
2025-06-21 04:55:33,198 [DEBUG] [274] call_site: 0x406028, caller: 0x401ac8, block_addr: 0x406014, key: HT_RxStream
2025-06-21 04:55:33,198 [DEBUG] [275] call_site: 0x406078, caller: 0x401ac8, block_addr: 0x406064, key: HT_PROTECT
2025-06-21 04:55:33,198 [DEBUG] [276] call_site: 0x4060c8, caller: 0x401ac8, block_addr: 0x4060b4, key: HT_DisallowTKIP
2025-06-21 04:55:33,198 [DEBUG] [277] call_site: 0x406118, caller: 0x401ac8, block_addr: 0x406104, key: HT_BSSCoexistence
2025-06-21 04:55:33,198 [DEBUG] [278] call_site: 0x406168, caller: 0x401ac8, block_addr: 0x406154, key: HT_LDPC
2025-06-21 04:55:33,198 [DEBUG] [279] call_site: 0x4061b8, caller: 0x401ac8, block_addr: 0x4061a4, key: VHT_BW
2025-06-21 04:55:33,198 [DEBUG] [280] call_site: 0x406208, caller: 0x401ac8, block_addr: 0x4061f4, key: VHT_Sec80_Channel
2025-06-21 04:55:33,198 [DEBUG] [281] call_site: 0x406258, caller: 0x401ac8, block_addr: 0x406244, key: VHT_STBC
2025-06-21 04:55:33,198 [DEBUG] [282] call_site: 0x4062a8, caller: 0x401ac8, block_addr: 0x406294, key: VHT_SGI
2025-06-21 04:55:33,198 [DEBUG] [283] call_site: 0x4062f8, caller: 0x401ac8, block_addr: 0x4062e4, key: VHT_BW_SIGNAL
2025-06-21 04:55:33,198 [DEBUG] [284] call_site: 0x406348, caller: 0x401ac8, block_addr: 0x406334, key: VHT_LDPC
2025-06-21 04:55:33,198 [DEBUG] [285] call_site: 0x406398, caller: 0x401ac8, block_addr: 0x406384, key: G_BAND_256QAM
2025-06-21 04:55:33,198 [DEBUG] [286] call_site: 0x4063e8, caller: 0x401ac8, block_addr: 0x4063d4, key: WscConfMode
2025-06-21 04:55:33,199 [DEBUG] [287] call_site: 0x406420, caller: 0x401ac8, block_addr: 0x40640c, key: WscConfStatus
2025-06-21 04:55:33,199 [DEBUG] [288] call_site: 0x406454, caller: 0x401ac8, block_addr: 0x406444, key: -1
2025-06-21 04:55:33,199 [DEBUG] [289] call_site: 0x406488, caller: 0x401ac8, block_addr: 0x406478, key: -1
2025-06-21 04:55:33,199 [DEBUG] [290] call_site: 0x4064ac, caller: 0x401ac8, block_addr: 0x4064a0, key: WscVendorPinCode
2025-06-21 04:55:33,199 [DEBUG] [291] call_site: 0x4064d0, caller: 0x401ac8, block_addr: 0x4064c4, key: WCNTest
2025-06-21 04:55:33,199 [DEBUG] [292] call_site: 0x406520, caller: 0x401ac8, block_addr: 0x40650c, key: AccessPolicy0
2025-06-21 04:55:33,199 [DEBUG] [293] call_site: 0x406570, caller: 0x401ac8, block_addr: 0x40655c, key: AccessControlList0
2025-06-21 04:55:33,199 [DEBUG] [294] call_site: 0x4065a8, caller: 0x401ac8, block_addr: 0x406594, key: AccessPolicy1
2025-06-21 04:55:33,199 [DEBUG] [295] call_site: 0x4065f8, caller: 0x401ac8, block_addr: 0x4065e4, key: AccessControlList1
2025-06-21 04:55:33,199 [DEBUG] [296] call_site: 0x406630, caller: 0x401ac8, block_addr: 0x40661c, key: AccessPolicy2
2025-06-21 04:55:33,199 [DEBUG] [297] call_site: 0x406680, caller: 0x401ac8, block_addr: 0x40666c, key: AccessControlList2
2025-06-21 04:55:33,199 [DEBUG] [298] call_site: 0x4066b8, caller: 0x401ac8, block_addr: 0x4066a4, key: AccessPolicy3
2025-06-21 04:55:33,199 [DEBUG] [299] call_site: 0x406708, caller: 0x401ac8, block_addr: 0x4066f4, key: AccessControlList3
2025-06-21 04:55:33,199 [DEBUG] [300] call_site: 0x406740, caller: 0x401ac8, block_addr: 0x40672c, key: AccessPolicy4
2025-06-21 04:55:33,199 [DEBUG] [301] call_site: 0x406790, caller: 0x401ac8, block_addr: 0x40677c, key: AccessControlList4
2025-06-21 04:55:33,199 [DEBUG] [302] call_site: 0x4067c8, caller: 0x401ac8, block_addr: 0x4067b4, key: AccessPolicy5
2025-06-21 04:55:33,200 [DEBUG] [303] call_site: 0x406818, caller: 0x401ac8, block_addr: 0x406804, key: AccessControlList5
2025-06-21 04:55:33,200 [DEBUG] [304] call_site: 0x406850, caller: 0x401ac8, block_addr: 0x40683c, key: AccessPolicy6
2025-06-21 04:55:33,200 [DEBUG] [305] call_site: 0x4068a0, caller: 0x401ac8, block_addr: 0x40688c, key: AccessControlList6
2025-06-21 04:55:33,200 [DEBUG] [306] call_site: 0x4068d8, caller: 0x401ac8, block_addr: 0x4068c4, key: AccessPolicy7
2025-06-21 04:55:33,200 [DEBUG] [307] call_site: 0x406928, caller: 0x401ac8, block_addr: 0x406914, key: AccessControlList7
2025-06-21 04:55:33,200 [DEBUG] [308] call_site: 0x406960, caller: 0x401ac8, block_addr: 0x40694c, key: AccessPolicy8
2025-06-21 04:55:33,200 [DEBUG] [309] call_site: 0x4069b0, caller: 0x401ac8, block_addr: 0x40699c, key: AccessControlList8
2025-06-21 04:55:33,200 [DEBUG] [310] call_site: 0x4069e8, caller: 0x401ac8, block_addr: 0x4069d4, key: AccessPolicy9
2025-06-21 04:55:33,200 [DEBUG] [311] call_site: 0x406a38, caller: 0x401ac8, block_addr: 0x406a24, key: AccessControlList9
2025-06-21 04:55:33,200 [DEBUG] [312] call_site: 0x406a70, caller: 0x401ac8, block_addr: 0x406a5c, key: AccessPolicy10
2025-06-21 04:55:33,200 [DEBUG] [313] call_site: 0x406ac0, caller: 0x401ac8, block_addr: 0x406aac, key: AccessControlList10
2025-06-21 04:55:33,200 [DEBUG] [314] call_site: 0x406af8, caller: 0x401ac8, block_addr: 0x406ae4, key: AccessPolicy11
2025-06-21 04:55:33,200 [DEBUG] [315] call_site: 0x406b48, caller: 0x401ac8, block_addr: 0x406b34, key: AccessControlList11
2025-06-21 04:55:33,200 [DEBUG] [316] call_site: 0x406b80, caller: 0x401ac8, block_addr: 0x406b6c, key: AccessPolicy12
2025-06-21 04:55:33,200 [DEBUG] [317] call_site: 0x406bd0, caller: 0x401ac8, block_addr: 0x406bbc, key: AccessControlList12
2025-06-21 04:55:33,200 [DEBUG] [318] call_site: 0x406c08, caller: 0x401ac8, block_addr: 0x406bf4, key: AccessPolicy13
2025-06-21 04:55:33,201 [DEBUG] [319] call_site: 0x406c58, caller: 0x401ac8, block_addr: 0x406c44, key: AccessControlList13
2025-06-21 04:55:33,201 [DEBUG] [320] call_site: 0x406c90, caller: 0x401ac8, block_addr: 0x406c7c, key: AccessPolicy14
2025-06-21 04:55:33,201 [DEBUG] [321] call_site: 0x406ce0, caller: 0x401ac8, block_addr: 0x406ccc, key: AccessControlList14
2025-06-21 04:55:33,201 [DEBUG] [322] call_site: 0x406d18, caller: 0x401ac8, block_addr: 0x406d04, key: AccessPolicy15
2025-06-21 04:55:33,201 [DEBUG] [323] call_site: 0x406d68, caller: 0x401ac8, block_addr: 0x406d54, key: AccessControlList15
2025-06-21 04:55:33,201 [DEBUG] [324] call_site: 0x406da0, caller: 0x401ac8, block_addr: 0x406d8c, key: WdsEnable
2025-06-21 04:55:33,201 [DEBUG] [325] call_site: 0x406df0, caller: 0x401ac8, block_addr: 0x406ddc, key: WdsPhyMode
2025-06-21 04:55:33,201 [DEBUG] [326] call_site: 0x406e28, caller: 0x401ac8, block_addr: 0x406e14, key: WdsEncrypType
2025-06-21 04:55:33,201 [DEBUG] [327] call_site: 0x406e60, caller: 0x401ac8, block_addr: 0x406e4c, key: WdsList
2025-06-21 04:55:33,201 [DEBUG] [328] call_site: 0x406e98, caller: 0x401ac8, block_addr: 0x406e84, key: Wds0Key
2025-06-21 04:55:33,201 [DEBUG] [329] call_site: 0x406ed0, caller: 0x401ac8, block_addr: 0x406ebc, key: Wds1Key
2025-06-21 04:55:33,201 [DEBUG] [330] call_site: 0x406f08, caller: 0x401ac8, block_addr: 0x406ef4, key: Wds2Key
2025-06-21 04:55:33,201 [DEBUG] [331] call_site: 0x406f40, caller: 0x401ac8, block_addr: 0x406f2c, key: Wds3Key
2025-06-21 04:55:33,201 [DEBUG] [332] call_site: 0x406f78, caller: 0x401ac8, block_addr: 0x406f64, key: RADIUS_Server
2025-06-21 04:55:33,201 [DEBUG] [333] call_site: 0x406fb0, caller: 0x401ac8, block_addr: 0x406f9c, key: RADIUS_Port
2025-06-21 04:55:33,201 [DEBUG] [334] call_site: 0x406fe8, caller: 0x401ac8, block_addr: 0x406fd4, key: RADIUS_Key1
2025-06-21 04:55:33,202 [DEBUG] [335] call_site: 0x407020, caller: 0x401ac8, block_addr: 0x40700c, key: RADIUS_Key2
2025-06-21 04:55:33,202 [DEBUG] [336] call_site: 0x407058, caller: 0x401ac8, block_addr: 0x407044, key: RADIUS_Key3
2025-06-21 04:55:33,202 [DEBUG] [337] call_site: 0x407090, caller: 0x401ac8, block_addr: 0x40707c, key: RADIUS_Key4
2025-06-21 04:55:33,202 [DEBUG] [338] call_site: 0x4070c8, caller: 0x401ac8, block_addr: 0x4070b4, key: RADIUS_Key5
2025-06-21 04:55:33,202 [DEBUG] [339] call_site: 0x407100, caller: 0x401ac8, block_addr: 0x4070ec, key: RADIUS_Key6
2025-06-21 04:55:33,202 [DEBUG] [340] call_site: 0x407138, caller: 0x401ac8, block_addr: 0x407124, key: RADIUS_Key7
2025-06-21 04:55:33,202 [DEBUG] [341] call_site: 0x407170, caller: 0x401ac8, block_addr: 0x40715c, key: RADIUS_Key8
2025-06-21 04:55:33,202 [DEBUG] [342] call_site: 0x4071a8, caller: 0x401ac8, block_addr: 0x407194, key: RADIUS_Key9
2025-06-21 04:55:33,202 [DEBUG] [343] call_site: 0x4071e0, caller: 0x401ac8, block_addr: 0x4071cc, key: RADIUS_Key10
2025-06-21 04:55:33,202 [DEBUG] [344] call_site: 0x407218, caller: 0x401ac8, block_addr: 0x407204, key: RADIUS_Key11
2025-06-21 04:55:33,202 [DEBUG] [345] call_site: 0x407250, caller: 0x401ac8, block_addr: 0x40723c, key: RADIUS_Key12
2025-06-21 04:55:33,202 [DEBUG] [346] call_site: 0x407288, caller: 0x401ac8, block_addr: 0x407274, key: RADIUS_Key13
2025-06-21 04:55:33,202 [DEBUG] [347] call_site: 0x4072c0, caller: 0x401ac8, block_addr: 0x4072ac, key: RADIUS_Key14
2025-06-21 04:55:33,202 [DEBUG] [348] call_site: 0x4072f8, caller: 0x401ac8, block_addr: 0x4072e4, key: RADIUS_Key15
2025-06-21 04:55:33,202 [DEBUG] [349] call_site: 0x407330, caller: 0x401ac8, block_addr: 0x40731c, key: RADIUS_Key16
2025-06-21 04:55:33,203 [DEBUG] [350] call_site: 0x407368, caller: 0x401ac8, block_addr: 0x407354, key: RADIUS_Acct_Server
2025-06-21 04:55:33,203 [DEBUG] [351] call_site: 0x4073a0, caller: 0x401ac8, block_addr: 0x40738c, key: RADIUS_Acct_Port
2025-06-21 04:55:33,203 [DEBUG] [352] call_site: 0x4073f0, caller: 0x401ac8, block_addr: 0x4073dc, key: RADIUS_Acct_Key
2025-06-21 04:55:33,203 [DEBUG] [353] call_site: 0x407428, caller: 0x401ac8, block_addr: 0x407414, key: own_ip_addr
2025-06-21 04:55:33,203 [DEBUG] [354] call_site: 0x407460, caller: 0x401ac8, block_addr: 0x40744c, key: Ethifname
2025-06-21 04:55:33,203 [DEBUG] [355] call_site: 0x407498, caller: 0x401ac8, block_addr: 0x407484, key: EAPifname
2025-06-21 04:55:33,203 [DEBUG] [356] call_site: 0x4074d0, caller: 0x401ac8, block_addr: 0x4074bc, key: PreAuthifname
2025-06-21 04:55:33,203 [DEBUG] [357] call_site: 0x407508, caller: 0x401ac8, block_addr: 0x4074f4, key: session_timeout_interval
2025-06-21 04:55:33,203 [DEBUG] [358] call_site: 0x407558, caller: 0x401ac8, block_addr: 0x407544, key: idle_timeout_interval
2025-06-21 04:55:33,203 [DEBUG] [359] call_site: 0x4075a8, caller: 0x401ac8, block_addr: 0x407594, key: WiFiTest
2025-06-21 04:55:33,203 [DEBUG] [360] call_site: 0x4075f8, caller: 0x401ac8, block_addr: 0x4075e4, key: TGnWifiTest
2025-06-21 04:55:33,203 [DEBUG] [361] call_site: 0x407648, caller: 0x401ac8, block_addr: 0x407634, key: ApCliEnable
2025-06-21 04:55:33,203 [DEBUG] [362] call_site: 0x407680, caller: 0x401ac8, block_addr: 0x40766c, key: ApCliSsid
2025-06-21 04:55:33,203 [DEBUG] [363] call_site: 0x4076b8, caller: 0x401ac8, block_addr: 0x4076a4, key: ApCliBssid
2025-06-21 04:55:33,203 [DEBUG] [364] call_site: 0x4076f0, caller: 0x401ac8, block_addr: 0x4076dc, key: ApCliAuthMode
2025-06-21 04:55:33,203 [DEBUG] [365] call_site: 0x407728, caller: 0x401ac8, block_addr: 0x407714, key: ApCliEncrypType
2025-06-21 04:55:33,203 [DEBUG] [366] call_site: 0x407760, caller: 0x401ac8, block_addr: 0x40774c, key: ApCliWPAPSK
2025-06-21 04:55:33,203 [DEBUG] [367] call_site: 0x407798, caller: 0x401ac8, block_addr: 0x407784, key: ApCliDefaultKeyID
2025-06-21 04:55:33,204 [DEBUG] [368] call_site: 0x4077d0, caller: 0x401ac8, block_addr: 0x4077bc, key: ApCliKey1Type
2025-06-21 04:55:33,204 [DEBUG] [369] call_site: 0x407808, caller: 0x401ac8, block_addr: 0x4077f4, key: ApCliKey1Str
2025-06-21 04:55:33,204 [DEBUG] [370] call_site: 0x407840, caller: 0x401ac8, block_addr: 0x40782c, key: ApCliKey2Type
2025-06-21 04:55:33,204 [DEBUG] [371] call_site: 0x407878, caller: 0x401ac8, block_addr: 0x407864, key: ApCliKey2Str
2025-06-21 04:55:33,204 [DEBUG] [372] call_site: 0x4078b0, caller: 0x401ac8, block_addr: 0x40789c, key: ApCliKey3Type
2025-06-21 04:55:33,204 [DEBUG] [373] call_site: 0x4078e8, caller: 0x401ac8, block_addr: 0x4078d4, key: ApCliKey3Str
2025-06-21 04:55:33,204 [DEBUG] [374] call_site: 0x407920, caller: 0x401ac8, block_addr: 0x40790c, key: ApCliKey4Type
2025-06-21 04:55:33,204 [DEBUG] [375] call_site: 0x407958, caller: 0x401ac8, block_addr: 0x407944, key: ApCliKey4Str
2025-06-21 04:55:33,204 [DEBUG] [376] call_site: 0x407990, caller: 0x401ac8, block_addr: 0x40797c, key: MACRepeaterEn
2025-06-21 04:55:33,204 [DEBUG] [377] call_site: 0x4079c8, caller: 0x401ac8, block_addr: 0x4079b4, key: MACRepeaterOuiMode
2025-06-21 04:55:33,204 [DEBUG] [378] call_site: 0x407a00, caller: 0x401ac8, block_addr: 0x4079ec, key: EfuseBufferMode
2025-06-21 04:55:33,204 [DEBUG] [379] call_site: 0x407a50, caller: 0x401ac8, block_addr: 0x407a3c, key: E2pAccessMode
2025-06-21 04:55:33,229 [DEBUG] [380] call_site: 0x407aa0, caller: 0x401ac8, block_addr: 0x407a8c, key: PMFMFPC
2025-06-21 04:55:33,229 [DEBUG] [381] call_site: 0x407ad8, caller: 0x401ac8, block_addr: 0x407ac4, key: PMFMFPR
2025-06-21 04:55:33,229 [DEBUG] [382] call_site: 0x407b10, caller: 0x401ac8, block_addr: 0x407afc, key: PMFSHA256
2025-06-21 04:55:33,229 [DEBUG] [383] call_site: 0x407b48, caller: 0x401ac8, block_addr: 0x407b34, key: RadioOff
2025-06-21 04:55:33,229 [DEBUG] [384] call_site: 0x407ba8, caller: 0x401ac8, block_addr: 0x407b94, key: BW_Enable
2025-06-21 04:55:33,229 [DEBUG] [385] call_site: 0x407bf8, caller: 0x401ac8, block_addr: 0x407be4, key: BW_Root
2025-06-21 04:55:33,229 [DEBUG] [386] call_site: 0x407c48, caller: 0x401ac8, block_addr: 0x407c34, key: BW_Priority
2025-06-21 04:55:33,229 [DEBUG] [387] call_site: 0x407c80, caller: 0x401ac8, block_addr: 0x407c6c, key: BW_Guarantee_Rate
2025-06-21 04:55:33,229 [DEBUG] [388] call_site: 0x407cb8, caller: 0x401ac8, block_addr: 0x407ca4, key: BW_Maximum_Rate
2025-06-21 04:55:33,229 [DEBUG] [389] call_site: 0x407cf0, caller: 0x401ac8, block_addr: 0x407cdc, key: VOW_BW_Ctrl
2025-06-21 04:55:33,230 [DEBUG] [390] call_site: 0x407d28, caller: 0x401ac8, block_addr: 0x407d14, key: VOW_Airtime_Fairness_En
2025-06-21 04:55:33,230 [DEBUG] [391] call_site: 0x407d60, caller: 0x401ac8, block_addr: 0x407d4c, key: VOW_RX_En
2025-06-21 04:55:33,230 [DEBUG] [392] call_site: 0x407d98, caller: 0x401ac8, block_addr: 0x407d84, key: VOW_Refill_Period
2025-06-21 04:55:33,230 [DEBUG] [393] call_site: 0x407dd0, caller: 0x401ac8, block_addr: 0x407dbc, key: VOW_Sta_VO_DWRR_Quantum
2025-06-21 04:55:33,230 [DEBUG] [394] call_site: 0x407e08, caller: 0x401ac8, block_addr: 0x407df4, key: VOW_Sta_VI_DWRR_Quantum
2025-06-21 04:55:33,230 [DEBUG] [395] call_site: 0x407e40, caller: 0x401ac8, block_addr: 0x407e2c, key: VOW_Sta_BE_DWRR_Quantum
2025-06-21 04:55:33,230 [DEBUG] [396] call_site: 0x407e78, caller: 0x401ac8, block_addr: 0x407e64, key: VOW_Sta_BK_DWRR_Quantum
2025-06-21 04:55:33,230 [DEBUG] [397] call_site: 0x407eb0, caller: 0x401ac8, block_addr: 0x407e9c, key: VOW_WMM_Search_Rule_Band0
2025-06-21 04:55:33,230 [DEBUG] [398] call_site: 0x407ee8, caller: 0x401ac8, block_addr: 0x407ed4, key: VOW_WMM_Search_Rule_Band1
2025-06-21 04:55:33,230 [DEBUG] [399] call_site: 0x407f20, caller: 0x401ac8, block_addr: 0x407f0c, key: VOW_Sta_DWRR_Max_Wait_Time
2025-06-21 04:55:33,230 [DEBUG] [400] call_site: 0x407f58, caller: 0x401ac8, block_addr: 0x407f44, key: VOW_Group_DWRR_Max_Wait_Time
2025-06-21 04:55:33,230 [DEBUG] [401] call_site: 0x407f90, caller: 0x401ac8, block_addr: 0x407f7c, key: VOW_Group_Min_Rate
2025-06-21 04:55:33,230 [DEBUG] [402] call_site: 0x407fc8, caller: 0x401ac8, block_addr: 0x407fb4, key: VOW_Group_Max_Rate
2025-06-21 04:55:33,230 [DEBUG] [403] call_site: 0x408000, caller: 0x401ac8, block_addr: 0x407fec, key: VOW_Group_Min_Ratio
2025-06-21 04:55:33,230 [DEBUG] [404] call_site: 0x408038, caller: 0x401ac8, block_addr: 0x408024, key: VOW_Group_Max_Ratio
2025-06-21 04:55:33,231 [DEBUG] [405] call_site: 0x408070, caller: 0x401ac8, block_addr: 0x40805c, key: VOW_Airtime_Ctrl_En
2025-06-21 04:55:33,231 [DEBUG] [406] call_site: 0x4080a8, caller: 0x401ac8, block_addr: 0x408094, key: VOW_Rate_Ctrl_En
2025-06-21 04:55:33,231 [DEBUG] [407] call_site: 0x4080e0, caller: 0x401ac8, block_addr: 0x4080cc, key: VOW_Group_Min_Rate_Bucket_Size
2025-06-21 04:55:33,231 [DEBUG] [408] call_site: 0x408118, caller: 0x401ac8, block_addr: 0x408104, key: VOW_Group_Max_Rate_Bucket_Size
2025-06-21 04:55:33,231 [DEBUG] [409] call_site: 0x408150, caller: 0x401ac8, block_addr: 0x40813c, key: VOW_Group_Min_Airtime_Bucket_Size
2025-06-21 04:55:33,231 [DEBUG] [410] call_site: 0x408188, caller: 0x401ac8, block_addr: 0x408174, key: VOW_Group_Max_Airtime_Bucket_Size
2025-06-21 04:55:33,231 [DEBUG] [411] call_site: 0x4081c0, caller: 0x401ac8, block_addr: 0x4081ac, key: VOW_Group_Backlog
2025-06-21 04:55:33,231 [DEBUG] [412] call_site: 0x4081f8, caller: 0x401ac8, block_addr: 0x4081e4, key: VOW_Group_Max_Wait_Time
2025-06-21 04:55:33,231 [DEBUG] [413] call_site: 0x408230, caller: 0x401ac8, block_addr: 0x40821c, key: VOW_Group_DWRR_Quantum
2025-06-21 04:55:33,231 [DEBUG] [414] call_site: 0x408268, caller: 0x401ac8, block_addr: 0x408254, key: VOW_WATF_Enable
2025-06-21 04:55:33,231 [DEBUG] [415] call_site: 0x4082a0, caller: 0x401ac8, block_addr: 0x40828c, key: VOW_WATF_Q_LV0
2025-06-21 04:55:33,231 [DEBUG] [416] call_site: 0x4082d8, caller: 0x401ac8, block_addr: 0x4082c4, key: VOW_WATF_Q_LV1
2025-06-21 04:55:33,231 [DEBUG] [417] call_site: 0x408310, caller: 0x401ac8, block_addr: 0x4082fc, key: VOW_WATF_Q_LV2
2025-06-21 04:55:33,231 [DEBUG] [418] call_site: 0x408348, caller: 0x401ac8, block_addr: 0x408334, key: VOW_WATF_Q_LV3
2025-06-21 04:55:33,231 [DEBUG] [419] call_site: 0x408380, caller: 0x401ac8, block_addr: 0x40836c, key: VOW_WATF_MAC_LV0
2025-06-21 04:55:33,231 [DEBUG] [420] call_site: 0x4083b8, caller: 0x401ac8, block_addr: 0x4083a4, key: VOW_WATF_MAC_LV1
2025-06-21 04:55:33,232 [DEBUG] [421] call_site: 0x4083f0, caller: 0x401ac8, block_addr: 0x4083dc, key: VOW_WATF_MAC_LV2
2025-06-21 04:55:33,232 [DEBUG] [422] call_site: 0x408428, caller: 0x401ac8, block_addr: 0x408414, key: VOW_WATF_MAC_LV3
2025-06-21 04:55:33,232 [DEBUG] [423] call_site: 0x408460, caller: 0x401ac8, block_addr: 0x40844c, key: RED_Enable
2025-06-21 04:55:33,232 [DEBUG] [424] call_site: 0x408498, caller: 0x401ac8, block_addr: 0x408484, key: CP_SUPPORT
2025-06-21 04:55:33,232 [DEBUG] [425] call_site: 0x4084d0, caller: 0x401ac8, block_addr: 0x4084bc, key: BgndScanSkipCh
2025-06-21 04:55:33,232 [DEBUG] [426] call_site: 0x408508, caller: 0x401ac8, block_addr: 0x4084f4, key: EDCCAEnable
2025-06-21 04:55:33,232 [DEBUG] [427] call_site: 0x408558, caller: 0x401ac8, block_addr: 0x408544, key: BandSteering
2025-06-21 04:55:33,232 [DEBUG] [428] call_site: 0x4085a8, caller: 0x401ac8, block_addr: 0x408594, key: BndStrgBssIdx
2025-06-21 04:55:33,232 [DEBUG] [429] call_site: 0x4085e0, caller: 0x401ac8, block_addr: 0x4085cc, key: RadioLinkSelection
2025-06-21 04:55:33,232 [DEBUG] [430] call_site: 0x40866c, caller: 0x401ac8, block_addr: 0x408664, key: -1
2025-06-21 04:55:33,232 [DEBUG] [431] call_site: 0x4086a4, caller: 0x401ac8, block_addr: 0x40869c, key: -1
2025-06-21 04:55:33,232 [DEBUG] [432] call_site: 0x4086dc, caller: 0x401ac8, block_addr: 0x4086d4, key: -1
2025-06-21 04:55:33,232 [DEBUG] [433] call_site: 0x40894c, caller: 0x408718, block_addr: 0x408930, key: -1
2025-06-21 04:55:33,232 [INFO] [+] Analysis for call sites of nvram_bufget completed in 0.11 seconds.
2025-06-21 04:55:33,236 [INFO] Initializing angr Project/CFG for '/home/firmware/Current_dataset/D-Link/DIR-878/cpio-root/bin/web'...
2025-06-21 04:55:47,620 [INFO] Successfully initialized angr Project/CFG for '/home/firmware/Current_dataset/D-Link/DIR-878/cpio-root/bin/web' in 14.38s
2025-06-21 04:55:47,630 [INFO] Creation of single set-get-graph for nvram_bufset and nvram_bufget completed in 64.94 seconds.
2025-06-21 04:55:47,634 [INFO] [Fast] Extraction success rate for 'nvram_bufset' = 50.00%
2025-06-21 04:55:47,634 [DEBUG] [1] call_site: 0x408bd4, caller: 0x408a74, block_addr: 0x408bb4, key: -1
2025-06-21 04:55:47,635 [DEBUG] [2] call_site: 0x408ca0, caller: 0x408a74, block_addr: 0x408c8c, key: WAN_MAC_ADDR
2025-06-21 04:55:47,635 [INFO] [+] Analysis for call sites of nvram_bufset completed in 0.00 seconds.
2025-06-21 04:55:47,943 [INFO] Creation of single set-get-graph for nvram_bufset and nvram_bufget completed in 0.31 seconds.
2025-06-21 04:55:48,251 [INFO] [Fast] Extraction success rate for 'nvram_safe_set' = 80.36%
2025-06-21 04:55:48,251 [DEBUG] [1] call_site: 0x42e4d8, caller: 0x42e244, block_addr: 0x42e4c0, key: remotemange_port
2025-06-21 04:55:48,251 [DEBUG] [2] call_site: 0x42e5d8, caller: 0x42e244, block_addr: 0x42e5c0, key: remotemange_https_port
2025-06-21 04:55:48,251 [DEBUG] [3] call_site: 0x42e7d4, caller: 0x42e650, block_addr: 0x42e7bc, key: PresentURL
2025-06-21 04:55:48,251 [DEBUG] [4] call_site: 0x42e8b0, caller: 0x42e650, block_addr: 0x42e890, key: http_passwd
2025-06-21 04:55:48,251 [DEBUG] [5] call_site: 0x42ee68, caller: 0x42ec9c, block_addr: 0x42ee4c, key: SysLogRemote_IPAddress
2025-06-21 04:55:48,252 [DEBUG] [6] call_site: 0x42f7a8, caller: 0x42f614, block_addr: 0x42f790, key: SysLogRemote_IPAddress
2025-06-21 04:55:48,252 [DEBUG] [7] call_site: 0x42fa20, caller: 0x42f83c, block_addr: 0x42fa08, key: SysLogMail_From
2025-06-21 04:55:48,252 [DEBUG] [8] call_site: 0x42faa0, caller: 0x42f83c, block_addr: 0x42fa88, key: SysLogMail_To
2025-06-21 04:55:48,252 [DEBUG] [9] call_site: 0x42fb20, caller: 0x42f83c, block_addr: 0x42fb08, key: SysLogMail_SMTPServerAddress
2025-06-21 04:55:48,252 [DEBUG] [10] call_site: 0x42fba0, caller: 0x42f83c, block_addr: 0x42fb88, key: SysLogMail_SMTPServerPort
2025-06-21 04:55:48,252 [DEBUG] [11] call_site: 0x42fd2c, caller: 0x42f83c, block_addr: 0x42fd14, key: SysLogMail_Auth_Name
2025-06-21 04:55:48,252 [DEBUG] [12] call_site: 0x42fe28, caller: 0x42f83c, block_addr: 0x42fe08, key: SysLogMail_Auth_Password
2025-06-21 04:55:48,252 [DEBUG] [13] call_site: 0x4300f8, caller: 0x42f83c, block_addr: 0x4300e0, key: SysLogMail_Schedule_Name
2025-06-21 04:55:48,252 [DEBUG] [14] call_site: 0x431bc8, caller: 0x431690, block_addr: 0x431bac, key: sys_reboot_schedule
2025-06-21 04:55:48,252 [DEBUG] [15] call_site: 0x43277c, caller: 0x431f30, block_addr: 0x432764, key: lan0_dhcps_staticlist
2025-06-21 04:55:48,252 [DEBUG] [16] call_site: 0x432f28, caller: 0x432e48, block_addr: 0x432f0c, key: lan_unit
2025-06-21 04:55:48,252 [DEBUG] [17] call_site: 0x432fb4, caller: 0x432e48, block_addr: 0x432f98, key: lan_unit
2025-06-21 04:55:48,252 [DEBUG] [18] call_site: 0x433034, caller: 0x432e48, block_addr: 0x433018, key: lan_unit
2025-06-21 04:55:48,252 [DEBUG] [19] call_site: 0x433724, caller: 0x4330b0, block_addr: 0x43370c, key: lan0_ipaddr
2025-06-21 04:55:48,252 [DEBUG] [20] call_site: 0x4337c0, caller: 0x4330b0, block_addr: 0x4337a8, key: lan0_netmask
2025-06-21 04:55:48,253 [DEBUG] [21] call_site: 0x43385c, caller: 0x4330b0, block_addr: 0x433844, key: lan0_management_link
2025-06-21 04:55:48,253 [DEBUG] [22] call_site: 0x433880, caller: 0x4330b0, block_addr: 0x433864, key: lan0_domain
2025-06-21 04:55:48,253 [DEBUG] [23] call_site: 0x433928, caller: 0x4330b0, block_addr: 0x433908, key: lan0_dhcps_lease
2025-06-21 04:55:48,253 [DEBUG] [24] call_site: 0x433b0c, caller: 0x4330b0, block_addr: 0x433aec, key: lan0_dhcps_start
2025-06-21 04:55:48,253 [DEBUG] [25] call_site: 0x433b98, caller: 0x4330b0, block_addr: 0x433b78, key: lan0_dhcps_end
2025-06-21 04:55:48,253 [DEBUG] [26] call_site: 0x43478c, caller: 0x4343ec, block_addr: 0x434770, key: lan0_upnp
2025-06-21 04:55:48,253 [DEBUG] [27] call_site: 0x4347b0, caller: 0x4343ec, block_addr: 0x434794, key: lan0_multicast_ipv4
2025-06-21 04:55:48,253 [DEBUG] [28] call_site: 0x4347d4, caller: 0x4343ec, block_addr: 0x4347b8, key: lan0_multicast_ipv6
2025-06-21 04:55:48,253 [DEBUG] [29] call_site: 0x434808, caller: 0x4343ec, block_addr: 0x4347f0, key: lan0_wanport_speed
2025-06-21 04:55:48,253 [DEBUG] [30] call_site: 0x439118, caller: 0x438fe0, block_addr: 0x439100, key: wan_wan0_ipaddr
2025-06-21 04:55:48,253 [DEBUG] [31] call_site: 0x43914c, caller: 0x438fe0, block_addr: 0x439134, key: wan_wan0_netmask
2025-06-21 04:55:48,253 [DEBUG] [32] call_site: 0x439180, caller: 0x438fe0, block_addr: 0x439168, key: wan_wan0_gateway
2025-06-21 04:55:48,253 [DEBUG] [33] call_site: 0x4391a8, caller: 0x438fe0, block_addr: 0x43918c, key: wan_wan0_dns
2025-06-21 04:55:48,253 [DEBUG] [34] call_site: 0x4391dc, caller: 0x438fe0, block_addr: 0x4391c4, key: wan_wan0_mtu
2025-06-21 04:55:48,253 [DEBUG] [35] call_site: 0x439210, caller: 0x438fe0, block_addr: 0x4391f8, key: wan_wan0_clone_mac
2025-06-21 04:55:48,253 [DEBUG] [36] call_site: 0x439368, caller: 0x439230, block_addr: 0x439350, key: wan_wan0_hostname
2025-06-21 04:55:48,254 [DEBUG] [37] call_site: 0x4393bc, caller: 0x439230, block_addr: 0x4393a0, key: wan_wan0_dns
2025-06-21 04:55:48,254 [DEBUG] [38] call_site: 0x4393f0, caller: 0x439230, block_addr: 0x4393d8, key: wan_wan0_mtu
2025-06-21 04:55:48,254 [DEBUG] [39] call_site: 0x439424, caller: 0x439230, block_addr: 0x43940c, key: wan_wan0_clone_mac
2025-06-21 04:55:48,254 [DEBUG] [40] call_site: 0x439528, caller: 0x439444, block_addr: 0x439510, key: wan_wan0_ipaddr
2025-06-21 04:55:48,254 [DEBUG] [41] call_site: 0x43960c, caller: 0x439444, block_addr: 0x4395ec, key: wan_wan0_dns
2025-06-21 04:55:48,254 [DEBUG] [42] call_site: 0x439640, caller: 0x439444, block_addr: 0x439628, key: wan_wan0_pppoe_mtu
2025-06-21 04:55:48,254 [DEBUG] [43] call_site: 0x439674, caller: 0x439444, block_addr: 0x43965c, key: wan_wan0_pppoe_username
2025-06-21 04:55:48,254 [DEBUG] [44] call_site: 0x4396a8, caller: 0x439444, block_addr: 0x439690, key: wan_wan0_pppoe_passwd
2025-06-21 04:55:48,254 [DEBUG] [45] call_site: 0x439704, caller: 0x439444, block_addr: 0x4396ec, key: wan_wan0_pppoe_service
2025-06-21 04:55:48,254 [DEBUG] [46] call_site: 0x439738, caller: 0x439444, block_addr: 0x439720, key: wan_wan0_pppoe_autoreconn
2025-06-21 04:55:48,254 [DEBUG] [47] call_site: 0x4397f8, caller: 0x439444, block_addr: 0x4397e0, key: wan_wan0_pppoe_idletime
2025-06-21 04:55:48,254 [DEBUG] [48] call_site: 0x43988c, caller: 0x439818, block_addr: 0x439874, key: wan_wan0_vpn_client
2025-06-21 04:55:48,254 [DEBUG] [49] call_site: 0x4398c0, caller: 0x439818, block_addr: 0x4398a8, key: wan_wan0_vpn_netmask
2025-06-21 04:55:48,254 [DEBUG] [50] call_site: 0x4398f4, caller: 0x439818, block_addr: 0x4398dc, key: wan_wan0_vpn_gateway
2025-06-21 04:55:48,254 [DEBUG] [51] call_site: 0x439988, caller: 0x439914, block_addr: 0x439970, key: wan_wan0_hostname
2025-06-21 04:55:48,255 [DEBUG] [52] call_site: 0x439be8, caller: 0x4399a8, block_addr: 0x439bcc, key: wan_wan0_vpn_dns
2025-06-21 04:55:48,255 [DEBUG] [53] call_site: 0x439c3c, caller: 0x4399a8, block_addr: 0x439c20, key: wan_wan0_dns
2025-06-21 04:55:48,255 [DEBUG] [54] call_site: 0x439cbc, caller: 0x4399a8, block_addr: 0x439ca0, key: wan_wan0_dns
2025-06-21 04:55:48,255 [DEBUG] [55] call_site: 0x439cf0, caller: 0x4399a8, block_addr: 0x439cd8, key: wan_wan0_vpn_server
2025-06-21 04:55:48,255 [DEBUG] [56] call_site: 0x439d24, caller: 0x4399a8, block_addr: 0x439d0c, key: wan_wan0_vpn_username
2025-06-21 04:55:48,255 [DEBUG] [57] call_site: 0x439d58, caller: 0x4399a8, block_addr: 0x439d40, key: wan_wan0_vpn_passwd
2025-06-21 04:55:48,255 [DEBUG] [58] call_site: 0x439db4, caller: 0x4399a8, block_addr: 0x439d9c, key: wan_wan0_vpn_autoreconn
2025-06-21 04:55:48,255 [DEBUG] [59] call_site: 0x439e74, caller: 0x4399a8, block_addr: 0x439e5c, key: wan_wan0_vpn_idletime
2025-06-21 04:55:48,255 [DEBUG] [60] call_site: 0x439ea8, caller: 0x4399a8, block_addr: 0x439e90, key: wan_wan0_vpn_mtu
2025-06-21 04:55:48,255 [DEBUG] [61] call_site: 0x43ac94, caller: 0x439ec8, block_addr: 0x43ac78, key: wifi58RootScheduleName
2025-06-21 04:55:48,255 [DEBUG] [62] call_site: 0x43acf0, caller: 0x439ec8, block_addr: 0x43acd4, key: wifi58Vap1ScheduleName
2025-06-21 04:55:48,255 [DEBUG] [63] call_site: 0x43bd60, caller: 0x43ba14, block_addr: 0x43bd48, key: PresentURL
2025-06-21 04:55:48,255 [DEBUG] [64] call_site: 0x43beac, caller: 0x43ba14, block_addr: 0x43be8c, key: http_passwd
2025-06-21 04:55:48,255 [DEBUG] [65] call_site: 0x43bedc, caller: 0x43ba14, block_addr: 0x43bec0, key: http_passwd
2025-06-21 04:55:48,255 [DEBUG] [66] call_site: 0x43e16c, caller: 0x43ba14, block_addr: 0x43e150, key: wifi58RootScheduleName
2025-06-21 04:55:48,256 [DEBUG] [67] call_site: 0x43e1c8, caller: 0x43ba14, block_addr: 0x43e1ac, key: wifi58Vap1ScheduleName
2025-06-21 04:55:48,256 [DEBUG] [68] call_site: 0x43e22c, caller: 0x43ba14, block_addr: 0x43e210, key: wifi58RootScheduleName
2025-06-21 04:55:48,256 [DEBUG] [69] call_site: 0x43f548, caller: 0x43ba14, block_addr: 0x43f52c, key: wan_wan0_clone_mac
2025-06-21 04:55:48,256 [DEBUG] [70] call_site: 0x43fc98, caller: 0x43ba14, block_addr: 0x43fc7c, key: wan_wan0_clone_mac
2025-06-21 04:55:48,256 [DEBUG] [71] call_site: 0x440424, caller: 0x43ba14, block_addr: 0x440408, key: wan_wan0_clone_mac
2025-06-21 04:55:48,256 [DEBUG] [72] call_site: 0x440824, caller: 0x43ba14, block_addr: 0x44080c, key: -1
2025-06-21 04:55:48,256 [DEBUG] [73] call_site: 0x440868, caller: 0x43ba14, block_addr: 0x440850, key: -1
2025-06-21 04:55:48,256 [DEBUG] [74] call_site: 0x4408ac, caller: 0x43ba14, block_addr: 0x440894, key: -1
2025-06-21 04:55:48,256 [DEBUG] [75] call_site: 0x442d0c, caller: 0x440968, block_addr: 0x442cf0, key: wifi58RootScheduleName
2025-06-21 04:55:48,256 [DEBUG] [76] call_site: 0x442d68, caller: 0x440968, block_addr: 0x442d4c, key: wifi58Vap1ScheduleName
2025-06-21 04:55:48,256 [DEBUG] [77] call_site: 0x442dcc, caller: 0x440968, block_addr: 0x442db0, key: wifi58RootScheduleName
2025-06-21 04:55:48,256 [DEBUG] [78] call_site: 0x443c10, caller: 0x443ae4, block_addr: 0x443bf8, key: guest_login_blocked
2025-06-21 04:55:48,256 [DEBUG] [79] call_site: 0x443e4c, caller: 0x443ae4, block_addr: 0x443e34, key: lan1_ipaddr
2025-06-21 04:55:48,256 [DEBUG] [80] call_site: 0x443e70, caller: 0x443ae4, block_addr: 0x443e54, key: lan1_netmask
2025-06-21 04:55:48,256 [DEBUG] [81] call_site: 0x443f9c, caller: 0x443ae4, block_addr: 0x443f7c, key: lan1_dhcps_lease
2025-06-21 04:55:48,256 [DEBUG] [82] call_site: 0x444088, caller: 0x443ae4, block_addr: 0x444068, key: lan1_dhcps_start
2025-06-21 04:55:48,257 [DEBUG] [83] call_site: 0x444124, caller: 0x443ae4, block_addr: 0x444104, key: lan1_dhcps_end
2025-06-21 04:55:48,257 [DEBUG] [84] call_site: 0x444e90, caller: 0x444cc4, block_addr: 0x444e78, key: DDNSProvider
2025-06-21 04:55:48,257 [DEBUG] [85] call_site: 0x444f0c, caller: 0x444cc4, block_addr: 0x444ef4, key: DDNS
2025-06-21 04:55:48,257 [DEBUG] [86] call_site: 0x444f88, caller: 0x444cc4, block_addr: 0x444f70, key: DDNSAccount
2025-06-21 04:55:48,257 [DEBUG] [87] call_site: 0x445050, caller: 0x444cc4, block_addr: 0x445030, key: DDNSPassword
2025-06-21 04:55:48,257 [DEBUG] [88] call_site: 0x4450cc, caller: 0x444cc4, block_addr: 0x4450b4, key: DDNSTimeout
2025-06-21 04:55:48,257 [DEBUG] [89] call_site: 0x445c24, caller: 0x445780, block_addr: 0x445c08, key: -1
2025-06-21 04:55:48,257 [DEBUG] [90] call_site: 0x445c7c, caller: 0x445780, block_addr: 0x445c60, key: -1
2025-06-21 04:55:48,257 [DEBUG] [91] call_site: 0x445cd4, caller: 0x445780, block_addr: 0x445cb8, key: -1
2025-06-21 04:55:48,257 [DEBUG] [92] call_site: 0x445d2c, caller: 0x445780, block_addr: 0x445d10, key: -1
2025-06-21 04:55:48,257 [DEBUG] [93] call_site: 0x445dd0, caller: 0x445780, block_addr: 0x445db4, key: -1
2025-06-21 04:55:48,257 [DEBUG] [94] call_site: 0x446034, caller: 0x445780, block_addr: 0x44601c, key: UploadBandwidth
2025-06-21 04:55:48,257 [DEBUG] [95] call_site: 0x446058, caller: 0x445780, block_addr: 0x44603c, key: DownloadBandwidth
2025-06-21 04:55:48,257 [DEBUG] [96] call_site: 0x4463a8, caller: 0x44632c, block_addr: 0x446390, key: QosManagementType
2025-06-21 04:55:48,257 [DEBUG] [97] call_site: 0x446618, caller: 0x4463e4, block_addr: 0x4465f8, key: -1
2025-06-21 04:55:48,257 [DEBUG] [98] call_site: 0x446b58, caller: 0x4469dc, block_addr: 0x446b40, key: dmz_ipaddr
2025-06-21 04:55:48,258 [DEBUG] [99] call_site: 0x446d60, caller: 0x446b94, block_addr: 0x446d44, key: dmz_ipaddr
2025-06-21 04:55:48,258 [DEBUG] [100] call_site: 0x447460, caller: 0x4471d4, block_addr: 0x447448, key: firewall_spi_enable
2025-06-21 04:55:48,258 [DEBUG] [101] call_site: 0x4474c8, caller: 0x4471d4, block_addr: 0x4474b0, key: Anti_Spoofing_enable
2025-06-21 04:55:48,258 [DEBUG] [102] call_site: 0x447530, caller: 0x4471d4, block_addr: 0x447518, key: alg_pptp_enable
2025-06-21 04:55:48,258 [DEBUG] [103] call_site: 0x447598, caller: 0x4471d4, block_addr: 0x447580, key: alg_ipsec_enable
2025-06-21 04:55:48,258 [DEBUG] [104] call_site: 0x447600, caller: 0x4471d4, block_addr: 0x4475e8, key: alg_rtsp_enable
2025-06-21 04:55:48,258 [DEBUG] [105] call_site: 0x447668, caller: 0x4471d4, block_addr: 0x447650, key: alg_sip_enable
2025-06-21 04:55:48,258 [DEBUG] [106] call_site: 0x447a00, caller: 0x447918, block_addr: 0x4479e8, key: ipv6_simple_security
2025-06-21 04:55:48,258 [DEBUG] [107] call_site: 0x447d98, caller: 0x447cb0, block_addr: 0x447d80, key: ipv6_ingress_filtering
2025-06-21 04:55:48,258 [DEBUG] [108] call_site: 0x449f24, caller: 0x448ddc, block_addr: 0x449f08, key: firewall_filter_rule
2025-06-21 04:55:48,258 [DEBUG] [109] call_site: 0x44c1b8, caller: 0x44b040, block_addr: 0x44c19c, key: firewall_ipv6_filter_rule
2025-06-21 04:55:48,258 [DEBUG] [110] call_site: 0x44cd70, caller: 0x44ca9c, block_addr: 0x44cd50, key: -1
2025-06-21 04:55:48,258 [DEBUG] [111] call_site: 0x44e090, caller: 0x44d6f4, block_addr: 0x44e074, key: portforward_rule
2025-06-21 04:55:48,258 [DEBUG] [112] call_site: 0x44e854, caller: 0x44e114, block_addr: 0x44e838, key: portforward_rule
2025-06-21 04:55:48,258 [DEBUG] [113] call_site: 0x44fa60, caller: 0x44f07c, block_addr: 0x44fa44, key: virtualserver_rule
2025-06-21 04:55:48,258 [DEBUG] [114] call_site: 0x4501ec, caller: 0x44fae4, block_addr: 0x4501d0, key: virtualserver_rule
2025-06-21 04:55:48,259 [DEBUG] [115] call_site: 0x451bd0, caller: 0x451904, block_addr: 0x451bb8, key: quickVPN_Username
2025-06-21 04:55:48,259 [DEBUG] [116] call_site: 0x451bf4, caller: 0x451904, block_addr: 0x451bd8, key: quickVPN_Password
2025-06-21 04:55:48,259 [DEBUG] [117] call_site: 0x451c18, caller: 0x451904, block_addr: 0x451bfc, key: quickVPN_PSK
2025-06-21 04:55:48,259 [DEBUG] [118] call_site: 0x451c3c, caller: 0x451904, block_addr: 0x451c20, key: quickVPN_AuthProtocol
2025-06-21 04:55:48,259 [DEBUG] [119] call_site: 0x451c60, caller: 0x451904, block_addr: 0x451c44, key: quickVPN_MPPE
2025-06-21 04:55:48,259 [DEBUG] [120] call_site: 0x45275c, caller: 0x4523a4, block_addr: 0x452744, key: url_filter_mode
2025-06-21 04:55:48,259 [DEBUG] [121] call_site: 0x452784, caller: 0x4523a4, block_addr: 0x452764, key: url_filter_rule
2025-06-21 04:55:48,259 [DEBUG] [122] call_site: 0x456fcc, caller: 0x456f58, block_addr: 0x456fb4, key: wan_wan0_vpn_client
2025-06-21 04:55:48,259 [DEBUG] [123] call_site: 0x457000, caller: 0x456f58, block_addr: 0x456fe8, key: wan_wan0_vpn_netmask
2025-06-21 04:55:48,259 [DEBUG] [124] call_site: 0x457034, caller: 0x456f58, block_addr: 0x45701c, key: wan_wan0_vpn_gateway
2025-06-21 04:55:48,259 [DEBUG] [125] call_site: 0x45718c, caller: 0x457054, block_addr: 0x457174, key: wan_wan0_ipaddr
2025-06-21 04:55:48,259 [DEBUG] [126] call_site: 0x4571c0, caller: 0x457054, block_addr: 0x4571a8, key: wan_wan0_netmask
2025-06-21 04:55:48,259 [DEBUG] [127] call_site: 0x4571f4, caller: 0x457054, block_addr: 0x4571dc, key: wan_wan0_gateway
2025-06-21 04:55:48,259 [DEBUG] [128] call_site: 0x45721c, caller: 0x457054, block_addr: 0x457200, key: wan_wan0_dns
2025-06-21 04:55:48,259 [DEBUG] [129] call_site: 0x457250, caller: 0x457054, block_addr: 0x457238, key: wan_wan0_mtu
2025-06-21 04:55:48,260 [DEBUG] [130] call_site: 0x457284, caller: 0x457054, block_addr: 0x45726c, key: wan_wan0_clone_mac
2025-06-21 04:55:48,260 [DEBUG] [131] call_site: 0x457318, caller: 0x4572a4, block_addr: 0x457300, key: wan_wan0_hostname
2025-06-21 04:55:48,260 [DEBUG] [132] call_site: 0x457470, caller: 0x457338, block_addr: 0x457458, key: wan_wan0_hostname
2025-06-21 04:55:48,260 [DEBUG] [133] call_site: 0x4574c4, caller: 0x457338, block_addr: 0x4574a8, key: wan_wan0_dns
2025-06-21 04:55:48,260 [DEBUG] [134] call_site: 0x4574f8, caller: 0x457338, block_addr: 0x4574e0, key: wan_wan0_mtu
2025-06-21 04:55:48,260 [DEBUG] [135] call_site: 0x45752c, caller: 0x457338, block_addr: 0x457514, key: wan_wan0_clone_mac
2025-06-21 04:55:48,260 [DEBUG] [136] call_site: 0x457630, caller: 0x45754c, block_addr: 0x457618, key: wan_wan0_ipaddr
2025-06-21 04:55:48,260 [DEBUG] [137] call_site: 0x457714, caller: 0x45754c, block_addr: 0x4576f4, key: wan_wan0_dns
2025-06-21 04:55:48,260 [DEBUG] [138] call_site: 0x457748, caller: 0x45754c, block_addr: 0x457730, key: wan_wan0_pppoe_mtu
2025-06-21 04:55:48,260 [DEBUG] [139] call_site: 0x45777c, caller: 0x45754c, block_addr: 0x457764, key: wan_wan0_pppoe_username
2025-06-21 04:55:48,260 [DEBUG] [140] call_site: 0x457860, caller: 0x45754c, block_addr: 0x457840, key: wan_wan0_pppoe_passwd
2025-06-21 04:55:48,260 [DEBUG] [141] call_site: 0x45788c, caller: 0x45754c, block_addr: 0x457874, key: wan_wan0_pppoe_passwd
2025-06-21 04:55:48,260 [DEBUG] [142] call_site: 0x4578e8, caller: 0x45754c, block_addr: 0x4578d0, key: wan_wan0_pppoe_service
2025-06-21 04:55:48,260 [DEBUG] [143] call_site: 0x45791c, caller: 0x45754c, block_addr: 0x457904, key: wan_wan0_pppoe_autoreconn
2025-06-21 04:55:48,260 [DEBUG] [144] call_site: 0x4579dc, caller: 0x45754c, block_addr: 0x4579c4, key: wan_wan0_pppoe_idletime
2025-06-21 04:55:48,261 [DEBUG] [145] call_site: 0x457c3c, caller: 0x4579fc, block_addr: 0x457c20, key: wan_wan0_vpn_dns
2025-06-21 04:55:48,261 [DEBUG] [146] call_site: 0x457c90, caller: 0x4579fc, block_addr: 0x457c74, key: wan_wan0_dns
2025-06-21 04:55:48,261 [DEBUG] [147] call_site: 0x457d10, caller: 0x4579fc, block_addr: 0x457cf4, key: wan_wan0_dns
2025-06-21 04:55:48,261 [DEBUG] [148] call_site: 0x457d44, caller: 0x4579fc, block_addr: 0x457d2c, key: wan_wan0_vpn_server
2025-06-21 04:55:48,261 [DEBUG] [149] call_site: 0x457d78, caller: 0x4579fc, block_addr: 0x457d60, key: wan_wan0_vpn_username
2025-06-21 04:55:48,261 [DEBUG] [150] call_site: 0x457dac, caller: 0x4579fc, block_addr: 0x457d94, key: wan_wan0_vpn_passwd
2025-06-21 04:55:48,261 [DEBUG] [151] call_site: 0x457e08, caller: 0x4579fc, block_addr: 0x457df0, key: wan_wan0_vpn_autoreconn
2025-06-21 04:55:48,261 [DEBUG] [152] call_site: 0x457ec8, caller: 0x4579fc, block_addr: 0x457eb0, key: wan_wan0_vpn_idletime
2025-06-21 04:55:48,261 [DEBUG] [153] call_site: 0x457efc, caller: 0x4579fc, block_addr: 0x457ee4, key: wan_wan0_vpn_mtu
2025-06-21 04:55:48,261 [DEBUG] [154] call_site: 0x458e04, caller: 0x457f1c, block_addr: 0x458de8, key: wan_wan0_clone_mac
2025-06-21 04:55:48,261 [DEBUG] [155] call_site: 0x459608, caller: 0x457f1c, block_addr: 0x4595ec, key: wan_wan0_clone_mac
2025-06-21 04:55:48,261 [DEBUG] [156] call_site: 0x459de4, caller: 0x457f1c, block_addr: 0x459dc8, key: wan_wan0_clone_mac
2025-06-21 04:55:48,261 [DEBUG] [157] call_site: 0x45a224, caller: 0x457f1c, block_addr: 0x45a20c, key: -1
2025-06-21 04:55:48,261 [DEBUG] [158] call_site: 0x45a268, caller: 0x457f1c, block_addr: 0x45a250, key: -1
2025-06-21 04:55:48,261 [DEBUG] [159] call_site: 0x45a2ac, caller: 0x457f1c, block_addr: 0x45a294, key: -1
2025-06-21 04:55:48,261 [DEBUG] [160] call_site: 0x45b5d4, caller: 0x45ae8c, block_addr: 0x45b5b8, key: wan_wan0_vlanidpri
2025-06-21 04:55:48,262 [DEBUG] [161] call_site: 0x45b5f8, caller: 0x45ae8c, block_addr: 0x45b5dc, key: wan_wan1_vlanidpri
2025-06-21 04:55:48,262 [DEBUG] [162] call_site: 0x45b61c, caller: 0x45ae8c, block_addr: 0x45b600, key: wan_iptv_vlanidpri
2025-06-21 04:55:48,262 [DEBUG] [163] call_site: 0x45b640, caller: 0x45ae8c, block_addr: 0x45b624, key: wan_voip_vlanidpri
2025-06-21 04:55:48,262 [DEBUG] [164] call_site: 0x45b694, caller: 0x45ae8c, block_addr: 0x45b67c, key: wan_wan0_vlanid
2025-06-21 04:55:48,262 [DEBUG] [165] call_site: 0x45b6b8, caller: 0x45ae8c, block_addr: 0x45b69c, key: wan_wan1_vlanid
2025-06-21 04:55:48,262 [DEBUG] [166] call_site: 0x45b6dc, caller: 0x45ae8c, block_addr: 0x45b6c0, key: wan_iptv_vlanid
2025-06-21 04:55:48,262 [DEBUG] [167] call_site: 0x45b700, caller: 0x45ae8c, block_addr: 0x45b6e4, key: wan_voip_vlanid
2025-06-21 04:55:48,262 [DEBUG] [168] call_site: 0x45b724, caller: 0x45ae8c, block_addr: 0x45b708, key: vlan_lan_dev1_service_mapping
2025-06-21 04:55:48,262 [DEBUG] [169] call_site: 0x45b748, caller: 0x45ae8c, block_addr: 0x45b72c, key: vlan_lan_dev2_service_mapping
2025-06-21 04:55:48,262 [DEBUG] [170] call_site: 0x45b76c, caller: 0x45ae8c, block_addr: 0x45b750, key: vlan_lan_dev3_service_mapping
2025-06-21 04:55:48,262 [DEBUG] [171] call_site: 0x45b790, caller: 0x45ae8c, block_addr: 0x45b774, key: vlan_lan_dev4_service_mapping
2025-06-21 04:55:48,262 [DEBUG] [172] call_site: 0x45b7b4, caller: 0x45ae8c, block_addr: 0x45b798, key: vlan_wlan_service_mapping
2025-06-21 04:55:48,262 [DEBUG] [173] call_site: 0x45b7d8, caller: 0x45ae8c, block_addr: 0x45b7bc, key: vlan_wlan_guest_service_mapping
2025-06-21 04:55:48,262 [DEBUG] [174] call_site: 0x45c39c, caller: 0x45ae8c, block_addr: 0x45c380, key: wan_wan_ifnames
2025-06-21 04:55:48,262 [DEBUG] [175] call_site: 0x45c430, caller: 0x45ae8c, block_addr: 0x45c410, key: wan_wan0_ifname
2025-06-21 04:55:48,262 [DEBUG] [176] call_site: 0x45c458, caller: 0x45ae8c, block_addr: 0x45c438, key: wan_wan1_ifname
2025-06-21 04:55:48,262 [DEBUG] [177] call_site: 0x45c4cc, caller: 0x45ae8c, block_addr: 0x45c4b0, key: wan_wan0_ifname
2025-06-21 04:55:48,263 [DEBUG] [178] call_site: 0x45c510, caller: 0x45ae8c, block_addr: 0x45c4f4, key: wan_wan1_ifname
2025-06-21 04:55:48,263 [DEBUG] [179] call_site: 0x45c554, caller: 0x45ae8c, block_addr: 0x45c538, key: wan_wan_ifnames
2025-06-21 04:55:48,263 [DEBUG] [180] call_site: 0x45c688, caller: 0x45ae8c, block_addr: 0x45c66c, key: lan0_port_member
2025-06-21 04:55:48,263 [DEBUG] [181] call_site: 0x45c6ac, caller: 0x45ae8c, block_addr: 0x45c690, key: lan1_port_member
2025-06-21 04:55:48,263 [DEBUG] [182] call_site: 0x45c6d0, caller: 0x45ae8c, block_addr: 0x45c6b4, key: lan2_port_member
2025-06-21 04:55:48,263 [DEBUG] [183] call_site: 0x45c6f4, caller: 0x45ae8c, block_addr: 0x45c6d8, key: lan3_port_member
2025-06-21 04:55:48,263 [DEBUG] [184] call_site: 0x45eed4, caller: 0x45e89c, block_addr: 0x45eeb8, key: mac_filter_rule
2025-06-21 04:55:48,263 [DEBUG] [185] call_site: 0x45f820, caller: 0x45f28c, block_addr: 0x45f808, key: mac_filter_rule
2025-06-21 04:55:48,263 [DEBUG] [186] call_site: 0x460048, caller: 0x45f28c, block_addr: 0x460030, key: firewall_filter_rule
2025-06-21 04:55:48,263 [DEBUG] [187] call_site: 0x460844, caller: 0x45f28c, block_addr: 0x46082c, key: firewall_ipv6_filter_rule
2025-06-21 04:55:48,263 [DEBUG] [188] call_site: 0x460f80, caller: 0x45f28c, block_addr: 0x460f68, key: portforward_rule
2025-06-21 04:55:48,263 [DEBUG] [189] call_site: 0x461764, caller: 0x45f28c, block_addr: 0x46174c, key: virtualserver_rule
2025-06-21 04:55:48,263 [DEBUG] [190] call_site: 0x462548, caller: 0x462358, block_addr: 0x462500, key: -1
2025-06-21 04:55:48,263 [DEBUG] [191] call_site: 0x4626d8, caller: 0x462358, block_addr: 0x4626b8, key: -1
2025-06-21 04:55:48,263 [DEBUG] [192] call_site: 0x46281c, caller: 0x462358, block_addr: 0x4627d4, key: -1
2025-06-21 04:55:48,263 [DEBUG] [193] call_site: 0x4689c4, caller: 0x467fd8, block_addr: 0x4689a4, key: -1
2025-06-21 04:55:48,264 [DEBUG] [194] call_site: 0x468aa8, caller: 0x467fd8, block_addr: 0x468a90, key: lan0_ipv6_ipaddr
2025-06-21 04:55:48,264 [DEBUG] [195] call_site: 0x468c14, caller: 0x467fd8, block_addr: 0x468bfc, key: lan0_ipv6_autoconf_type
2025-06-21 04:55:48,264 [DEBUG] [196] call_site: 0x468c50, caller: 0x467fd8, block_addr: 0x468c38, key: lan0_ipv6_route_lifetime
2025-06-21 04:55:48,264 [DEBUG] [197] call_site: 0x468c74, caller: 0x467fd8, block_addr: 0x468c5c, key: lan0_ipv6_dhcp_start
2025-06-21 04:55:48,264 [DEBUG] [198] call_site: 0x468c98, caller: 0x467fd8, block_addr: 0x468c7c, key: lan0_ipv6_dhcp_end
2025-06-21 04:55:48,264 [DEBUG] [199] call_site: 0x46a53c, caller: 0x469c10, block_addr: 0x46a524, key: -1
2025-06-21 04:55:48,264 [DEBUG] [200] call_site: 0x46a580, caller: 0x469c10, block_addr: 0x46a568, key: -1
2025-06-21 04:55:48,264 [DEBUG] [201] call_site: 0x46a5c4, caller: 0x469c10, block_addr: 0x46a5ac, key: -1
2025-06-21 04:55:48,264 [DEBUG] [202] call_site: 0x46a650, caller: 0x469c10, block_addr: 0x46a630, key: -1
2025-06-21 04:55:48,264 [DEBUG] [203] call_site: 0x46a6bc, caller: 0x469c10, block_addr: 0x46a6a0, key: lan0_ipv6_ipaddr
2025-06-21 04:55:48,264 [DEBUG] [204] call_site: 0x46a7a8, caller: 0x469c10, block_addr: 0x46a790, key: lan0_ipv6_autoconf_type
2025-06-21 04:55:48,264 [DEBUG] [205] call_site: 0x46a7e4, caller: 0x469c10, block_addr: 0x46a7cc, key: lan0_ipv6_route_lifetime
2025-06-21 04:55:48,264 [DEBUG] [206] call_site: 0x46a808, caller: 0x469c10, block_addr: 0x46a7f0, key: lan0_ipv6_dhcp_start
2025-06-21 04:55:48,264 [DEBUG] [207] call_site: 0x46a82c, caller: 0x469c10, block_addr: 0x46a810, key: lan0_ipv6_dhcp_end
2025-06-21 04:55:48,264 [DEBUG] [208] call_site: 0x46c128, caller: 0x46b764, block_addr: 0x46c108, key: -1
2025-06-21 04:55:48,265 [DEBUG] [209] call_site: 0x46c20c, caller: 0x46b764, block_addr: 0x46c1f4, key: lan0_ipv6_ipaddr
2025-06-21 04:55:48,265 [DEBUG] [210] call_site: 0x46c378, caller: 0x46b764, block_addr: 0x46c360, key: lan0_ipv6_autoconf_type
2025-06-21 04:55:48,265 [DEBUG] [211] call_site: 0x46c3b4, caller: 0x46b764, block_addr: 0x46c39c, key: lan0_ipv6_route_lifetime
2025-06-21 04:55:48,265 [DEBUG] [212] call_site: 0x46c3d8, caller: 0x46b764, block_addr: 0x46c3c0, key: lan0_ipv6_dhcp_start
2025-06-21 04:55:48,265 [DEBUG] [213] call_site: 0x46c3fc, caller: 0x46b764, block_addr: 0x46c3e0, key: lan0_ipv6_dhcp_end
2025-06-21 04:55:48,265 [DEBUG] [214] call_site: 0x46e970, caller: 0x46dc68, block_addr: 0x46e958, key: -1
2025-06-21 04:55:48,265 [DEBUG] [215] call_site: 0x46e9b4, caller: 0x46dc68, block_addr: 0x46e99c, key: -1
2025-06-21 04:55:48,265 [DEBUG] [216] call_site: 0x46ebd8, caller: 0x46dc68, block_addr: 0x46ebb8, key: -1
2025-06-21 04:55:48,265 [DEBUG] [217] call_site: 0x46ecbc, caller: 0x46dc68, block_addr: 0x46eca4, key: lan0_ipv6_ipaddr
2025-06-21 04:55:48,265 [DEBUG] [218] call_site: 0x46ee28, caller: 0x46dc68, block_addr: 0x46ee10, key: lan0_ipv6_autoconf_type
2025-06-21 04:55:48,265 [DEBUG] [219] call_site: 0x46ee64, caller: 0x46dc68, block_addr: 0x46ee4c, key: lan0_ipv6_route_lifetime
2025-06-21 04:55:48,265 [DEBUG] [220] call_site: 0x46ee88, caller: 0x46dc68, block_addr: 0x46ee70, key: lan0_ipv6_dhcp_start
2025-06-21 04:55:48,265 [DEBUG] [221] call_site: 0x46eeac, caller: 0x46dc68, block_addr: 0x46ee90, key: lan0_ipv6_dhcp_end
2025-06-21 04:55:48,265 [DEBUG] [222] call_site: 0x46f048, caller: 0x46dc68, block_addr: 0x46f030, key: -1
2025-06-21 04:55:48,265 [DEBUG] [223] call_site: 0x46f08c, caller: 0x46dc68, block_addr: 0x46f074, key: -1
2025-06-21 04:55:48,266 [DEBUG] [224] call_site: 0x46f0d0, caller: 0x46dc68, block_addr: 0x46f0b8, key: -1
2025-06-21 04:55:48,266 [DEBUG] [225] call_site: 0x46f11c, caller: 0x46dc68, block_addr: 0x46f0fc, key: -1
2025-06-21 04:55:48,266 [DEBUG] [226] call_site: 0x46f29c, caller: 0x46dc68, block_addr: 0x46f284, key: -1
2025-06-21 04:55:48,266 [DEBUG] [227] call_site: 0x46f2e0, caller: 0x46dc68, block_addr: 0x46f2c8, key: -1
2025-06-21 04:55:48,266 [DEBUG] [228] call_site: 0x46f324, caller: 0x46dc68, block_addr: 0x46f30c, key: -1
2025-06-21 04:55:48,266 [DEBUG] [229] call_site: 0x46f368, caller: 0x46dc68, block_addr: 0x46f350, key: -1
2025-06-21 04:55:48,266 [DEBUG] [230] call_site: 0x46f58c, caller: 0x46dc68, block_addr: 0x46f56c, key: -1
2025-06-21 04:55:48,266 [DEBUG] [231] call_site: 0x46f670, caller: 0x46dc68, block_addr: 0x46f658, key: lan0_ipv6_ipaddr
2025-06-21 04:55:48,266 [DEBUG] [232] call_site: 0x46f7dc, caller: 0x46dc68, block_addr: 0x46f7c4, key: lan0_ipv6_autoconf_type
2025-06-21 04:55:48,266 [DEBUG] [233] call_site: 0x46f818, caller: 0x46dc68, block_addr: 0x46f800, key: lan0_ipv6_route_lifetime
2025-06-21 04:55:48,266 [DEBUG] [234] call_site: 0x46f83c, caller: 0x46dc68, block_addr: 0x46f824, key: lan0_ipv6_dhcp_start
2025-06-21 04:55:48,266 [DEBUG] [235] call_site: 0x46f860, caller: 0x46dc68, block_addr: 0x46f844, key: lan0_ipv6_dhcp_end
2025-06-21 04:55:48,266 [DEBUG] [236] call_site: 0x471508, caller: 0x470bb0, block_addr: 0x4714f0, key: -1
2025-06-21 04:55:48,266 [DEBUG] [237] call_site: 0x47154c, caller: 0x470bb0, block_addr: 0x471534, key: -1
2025-06-21 04:55:48,266 [DEBUG] [238] call_site: 0x471590, caller: 0x470bb0, block_addr: 0x471578, key: -1
2025-06-21 04:55:48,266 [DEBUG] [239] call_site: 0x4715d4, caller: 0x470bb0, block_addr: 0x4715bc, key: -1
2025-06-21 04:55:48,267 [DEBUG] [240] call_site: 0x471768, caller: 0x470bb0, block_addr: 0x471748, key: -1
2025-06-21 04:55:48,267 [DEBUG] [241] call_site: 0x47184c, caller: 0x470bb0, block_addr: 0x471834, key: lan0_ipv6_ipaddr
2025-06-21 04:55:48,267 [DEBUG] [242] call_site: 0x4719b8, caller: 0x470bb0, block_addr: 0x4719a0, key: lan0_ipv6_autoconf_type
2025-06-21 04:55:48,267 [DEBUG] [243] call_site: 0x4719f4, caller: 0x470bb0, block_addr: 0x4719dc, key: lan0_ipv6_route_lifetime
2025-06-21 04:55:48,267 [DEBUG] [244] call_site: 0x471a18, caller: 0x470bb0, block_addr: 0x471a00, key: lan0_ipv6_dhcp_start
2025-06-21 04:55:48,267 [DEBUG] [245] call_site: 0x471a3c, caller: 0x470bb0, block_addr: 0x471a20, key: lan0_ipv6_dhcp_end
2025-06-21 04:55:48,267 [DEBUG] [246] call_site: 0x472ffc, caller: 0x472910, block_addr: 0x472fe4, key: -1
2025-06-21 04:55:48,267 [DEBUG] [247] call_site: 0x473040, caller: 0x472910, block_addr: 0x473028, key: -1
2025-06-21 04:55:48,267 [DEBUG] [248] call_site: 0x47322c, caller: 0x472910, block_addr: 0x47320c, key: -1
2025-06-21 04:55:48,267 [DEBUG] [249] call_site: 0x473364, caller: 0x472910, block_addr: 0x473348, key: lan0_ipv6_autoconf_type
2025-06-21 04:55:48,267 [DEBUG] [250] call_site: 0x4733a0, caller: 0x472910, block_addr: 0x473388, key: lan0_ipv6_route_lifetime
2025-06-21 04:55:48,267 [DEBUG] [251] call_site: 0x4733c4, caller: 0x472910, block_addr: 0x4733ac, key: lan0_ipv6_dhcp_start
2025-06-21 04:55:48,267 [DEBUG] [252] call_site: 0x4733e8, caller: 0x472910, block_addr: 0x4733cc, key: lan0_ipv6_dhcp_end
2025-06-21 04:55:48,267 [DEBUG] [253] call_site: 0x47515c, caller: 0x4746b0, block_addr: 0x475144, key: -1
2025-06-21 04:55:48,267 [DEBUG] [254] call_site: 0x4751a0, caller: 0x4746b0, block_addr: 0x475188, key: -1
2025-06-21 04:55:48,267 [DEBUG] [255] call_site: 0x4751e4, caller: 0x4746b0, block_addr: 0x4751cc, key: -1
2025-06-21 04:55:48,268 [DEBUG] [256] call_site: 0x475228, caller: 0x4746b0, block_addr: 0x475210, key: -1
2025-06-21 04:55:48,268 [DEBUG] [257] call_site: 0x475414, caller: 0x4746b0, block_addr: 0x4753f4, key: -1
2025-06-21 04:55:48,268 [DEBUG] [258] call_site: 0x47554c, caller: 0x4746b0, block_addr: 0x475530, key: lan0_ipv6_autoconf_type
2025-06-21 04:55:48,268 [DEBUG] [259] call_site: 0x475588, caller: 0x4746b0, block_addr: 0x475570, key: lan0_ipv6_route_lifetime
2025-06-21 04:55:48,268 [DEBUG] [260] call_site: 0x4755ac, caller: 0x4746b0, block_addr: 0x475594, key: lan0_ipv6_dhcp_start
2025-06-21 04:55:48,268 [DEBUG] [261] call_site: 0x4755d0, caller: 0x4746b0, block_addr: 0x4755b4, key: lan0_ipv6_dhcp_end
2025-06-21 04:55:48,268 [DEBUG] [262] call_site: 0x47712c, caller: 0x4768e0, block_addr: 0x47710c, key: ntp_localtime
2025-06-21 04:55:48,268 [DEBUG] [263] call_site: 0x4771a4, caller: 0x4768e0, block_addr: 0x477188, key: ntp_server
2025-06-21 04:55:48,268 [DEBUG] [264] call_site: 0x477220, caller: 0x4768e0, block_addr: 0x477208, key: ntp_timezone_num
2025-06-21 04:55:48,268 [DEBUG] [265] call_site: 0x477254, caller: 0x4768e0, block_addr: 0x477238, key: ntp_timezone
2025-06-21 04:55:48,268 [DEBUG] [266] call_site: 0x4772bc, caller: 0x4768e0, block_addr: 0x4772a4, key: ntp_DaylightSavingsUsed
2025-06-21 04:55:48,268 [DEBUG] [267] call_site: 0x4783f0, caller: 0x477c20, block_addr: 0x4783d0, key: -1
2025-06-21 04:55:48,268 [DEBUG] [268] call_site: 0x47929c, caller: 0x478abc, block_addr: 0x47927c, key: -1
2025-06-21 04:55:48,268 [DEBUG] [269] call_site: 0x4799b4, caller: 0x47970c, block_addr: 0x47999c, key: FTP_Port
2025-06-21 04:55:48,268 [DEBUG] [270] call_site: 0x4799d8, caller: 0x47970c, block_addr: 0x4799bc, key: FTP_Idletime
2025-06-21 04:55:48,268 [DEBUG] [271] call_site: 0x47c5dc, caller: 0x47c110, block_addr: 0x47c5bc, key: lan0_dhcps_staticlist
2025-06-21 04:55:48,269 [DEBUG] [272] call_site: 0x47cbd4, caller: 0x47c110, block_addr: 0x47cbbc, key: lan0_dhcps_staticlist
2025-06-21 04:55:48,269 [DEBUG] [273] call_site: 0x47defc, caller: 0x47d940, block_addr: 0x47dee0, key: lan0_dhcps_staticlist
2025-06-21 04:55:48,269 [DEBUG] [274] call_site: 0x480d9c, caller: 0x480b60, block_addr: 0x480d7c, key: -1
2025-06-21 04:55:48,269 [DEBUG] [275] call_site: 0x480e20, caller: 0x480b60, block_addr: 0x480dc8, key: -1
2025-06-21 04:55:48,269 [DEBUG] [276] call_site: 0x480ea4, caller: 0x480b60, block_addr: 0x480e4c, key: -1
2025-06-21 04:55:48,269 [DEBUG] [277] call_site: 0x480fd8, caller: 0x480b60, block_addr: 0x480fb8, key: -1
2025-06-21 04:55:48,269 [DEBUG] [278] call_site: 0x48110c, caller: 0x480b60, block_addr: 0x4810ec, key: -1
2025-06-21 04:55:48,269 [DEBUG] [279] call_site: 0x4811c4, caller: 0x480b60, block_addr: 0x4811a4, key: -1
2025-06-21 04:55:48,269 [DEBUG] [280] call_site: 0x4862c4, caller: 0x486148, block_addr: 0x4862ac, key: DLNA_DeviceName
2025-06-21 04:55:48,269 [INFO] [+] Analysis for call sites of nvram_safe_set completed in 0.14 seconds.
2025-06-21 04:55:48,729 [INFO] Initializing angr Project/CFG for '/home/firmware/Current_dataset/D-Link/DIR-878/cpio-root/bin/ntpclient'...
2025-06-21 04:55:52,190 [INFO] Successfully initialized angr Project/CFG for '/home/firmware/Current_dataset/D-Link/DIR-878/cpio-root/bin/ntpclient' in 3.46s
2025-06-21 04:55:52,194 [INFO] [Fast] Extraction success rate for 'nvram_safe_get' = 100.00%
2025-06-21 04:55:52,194 [DEBUG] [1] call_site: 0x401d84, caller: 0x4016dc, block_addr: 0x401d30, key: ntp_timezone
2025-06-21 04:55:52,194 [DEBUG] [2] call_site: 0x401da0, caller: 0x4016dc, block_addr: 0x401d8c, key: ntp_DaylightSavingsUsed
2025-06-21 04:55:52,194 [INFO] [+] Analysis for call sites of nvram_safe_get completed in 0.00 seconds.
2025-06-21 04:55:52,384 [INFO] [Fast] Extraction success rate for 'nvram_safe_get' = 75.13%
2025-06-21 04:55:52,384 [DEBUG] [1] call_site: 0x41f2b8, caller: 0x41f288, block_addr: 0x41f288, key: http_passwd
2025-06-21 04:55:52,384 [DEBUG] [2] call_site: 0x41f528, caller: 0x41f34c, block_addr: 0x41f50c, key: CAPTCHA
2025-06-21 04:55:52,384 [DEBUG] [3] call_site: 0x420708, caller: 0x4203a8, block_addr: 0x4206f0, key: IsDefaultLogin
2025-06-21 04:55:52,384 [DEBUG] [4] call_site: 0x4222f4, caller: 0x422134, block_addr: 0x4222e0, key: IsDefaultLogin
2025-06-21 04:55:52,384 [DEBUG] [5] call_site: 0x426cb0, caller: 0x426c5c, block_addr: 0x426c98, key: http_timeout
2025-06-21 04:55:52,384 [DEBUG] [6] call_site: 0x42b0d4, caller: 0x42adb0, block_addr: 0x42af7c, key: wan_wan0_ifname
2025-06-21 04:55:52,384 [DEBUG] [7] call_site: 0x42b100, caller: 0x42adb0, block_addr: 0x42b0dc, key: lan0_ifname
2025-06-21 04:55:52,384 [DEBUG] [8] call_site: 0x42d924, caller: 0x42d758, block_addr: 0x42d894, key: sw_ex_version
2025-06-21 04:55:52,384 [DEBUG] [9] call_site: 0x42d958, caller: 0x42d758, block_addr: 0x42d92c, key: hw_version
2025-06-21 04:55:52,385 [DEBUG] [10] call_site: 0x42da30, caller: 0x42d758, block_addr: 0x42da14, key: model_name
2025-06-21 04:55:52,385 [DEBUG] [11] call_site: 0x42dab8, caller: 0x42d758, block_addr: 0x42da94, key: model_name
2025-06-21 04:55:52,385 [DEBUG] [12] call_site: 0x42dc1c, caller: 0x42d758, block_addr: 0x42dbdc, key: model_name
2025-06-21 04:55:52,385 [DEBUG] [13] call_site: 0x42dc40, caller: 0x42d758, block_addr: 0x42dc24, key: model_name
2025-06-21 04:55:52,385 [DEBUG] [14] call_site: 0x42dc64, caller: 0x42d758, block_addr: 0x42dc48, key: PresentURL
2025-06-21 04:55:52,385 [DEBUG] [15] call_site: 0x42dc88, caller: 0x42d758, block_addr: 0x42dc6c, key: IsDefaultLogin
2025-06-21 04:55:52,385 [DEBUG] [16] call_site: 0x42dcec, caller: 0x42d758, block_addr: 0x42dcd8, key: CAPTCHA
2025-06-21 04:55:52,385 [DEBUG] [17] call_site: 0x42decc, caller: 0x42de5c, block_addr: 0x42de5c, key: remotemange_enable
2025-06-21 04:55:52,385 [DEBUG] [18] call_site: 0x42def0, caller: 0x42de5c, block_addr: 0x42ded4, key: remotemange_port
2025-06-21 04:55:52,385 [DEBUG] [19] call_site: 0x42df14, caller: 0x42de5c, block_addr: 0x42def8, key: https_enable
2025-06-21 04:55:52,385 [DEBUG] [20] call_site: 0x42df38, caller: 0x42de5c, block_addr: 0x42df1c, key: remotemange_https_enable
2025-06-21 04:55:52,385 [DEBUG] [21] call_site: 0x42df5c, caller: 0x42de5c, block_addr: 0x42df40, key: remotemange_https_port
2025-06-21 04:55:52,385 [DEBUG] [22] call_site: 0x42eb7c, caller: 0x42ea1c, block_addr: 0x42eb68, key: SysLogRemote_IPAddress
2025-06-21 04:55:52,385 [DEBUG] [23] call_site: 0x42edcc, caller: 0x42ec9c, block_addr: 0x42edac, key: SysLogRemote_IPAddress
2025-06-21 04:55:52,385 [DEBUG] [24] call_site: 0x42f0cc, caller: 0x42eeb8, block_addr: 0x42f0b4, key: SysLogMail_Auth_Password
2025-06-21 04:55:52,386 [DEBUG] [25] call_site: 0x42f15c, caller: 0x42eeb8, block_addr: 0x42f144, key: SysLogMail_Auth_Name
2025-06-21 04:55:52,386 [DEBUG] [26] call_site: 0x42f1c0, caller: 0x42eeb8, block_addr: 0x42f1a8, key: SysLogMail_Schedule_Name
2025-06-21 04:55:52,386 [DEBUG] [27] call_site: 0x42f224, caller: 0x42eeb8, block_addr: 0x42f20c, key: SysLogMail_From
2025-06-21 04:55:52,386 [DEBUG] [28] call_site: 0x42f288, caller: 0x42eeb8, block_addr: 0x42f270, key: SysLogMail_To
2025-06-21 04:55:52,386 [DEBUG] [29] call_site: 0x42f2ec, caller: 0x42eeb8, block_addr: 0x42f2d4, key: SysLogMail_SMTPServerAddress
2025-06-21 04:55:52,386 [DEBUG] [30] call_site: 0x42f3bc, caller: 0x42eeb8, block_addr: 0x42f3a8, key: SysLogMail_SMTPServerPort
2025-06-21 04:55:52,386 [DEBUG] [31] call_site: 0x4311f8, caller: 0x430dd0, block_addr: 0x4311e4, key: sys_reboot_schedule
2025-06-21 04:55:52,386 [DEBUG] [32] call_site: 0x4320d8, caller: 0x431f30, block_addr: 0x431ff4, key: lan0_dhcps_staticlist
2025-06-21 04:55:52,386 [DEBUG] [33] call_site: 0x432968, caller: 0x432814, block_addr: 0x432950, key: -1
2025-06-21 04:55:52,386 [DEBUG] [34] call_site: 0x432a58, caller: 0x4329ac, block_addr: 0x432a44, key: lan0_dhcps_start
2025-06-21 04:55:52,386 [DEBUG] [35] call_site: 0x432aa8, caller: 0x4329ac, block_addr: 0x432a90, key: lan0_dhcps_end
2025-06-21 04:55:52,386 [DEBUG] [36] call_site: 0x432bac, caller: 0x4329ac, block_addr: 0x432b64, key: lan0_ipaddr
2025-06-21 04:55:52,386 [DEBUG] [37] call_site: 0x432bd0, caller: 0x4329ac, block_addr: 0x432bb4, key: lan0_netmask
2025-06-21 04:55:52,386 [DEBUG] [38] call_site: 0x432bf4, caller: 0x4329ac, block_addr: 0x432bd8, key: lan0_management_link
2025-06-21 04:55:52,386 [DEBUG] [39] call_site: 0x432c18, caller: 0x4329ac, block_addr: 0x432bfc, key: lan0_domain
2025-06-21 04:55:52,387 [DEBUG] [40] call_site: 0x4331b8, caller: 0x4330b0, block_addr: 0x433198, key: lan0_ipaddr
2025-06-21 04:55:52,387 [DEBUG] [41] call_site: 0x43320c, caller: 0x4330b0, block_addr: 0x4331ec, key: lan0_netmask
2025-06-21 04:55:52,387 [DEBUG] [42] call_site: 0x433e48, caller: 0x433cf8, block_addr: 0x433e30, key: lan0_wanport_speed
2025-06-21 04:55:52,387 [DEBUG] [43] call_site: 0x434044, caller: 0x433cf8, block_addr: 0x434004, key: lan0_upnp
2025-06-21 04:55:52,387 [DEBUG] [44] call_site: 0x4340a0, caller: 0x433cf8, block_addr: 0x43408c, key: lan0_multicast_ipv4
2025-06-21 04:55:52,387 [DEBUG] [45] call_site: 0x4340fc, caller: 0x433cf8, block_addr: 0x4340e8, key: lan0_multicast_ipv6
2025-06-21 04:55:52,387 [DEBUG] [46] call_site: 0x4342a4, caller: 0x43426c, block_addr: 0x43426c, key: lan0_wanport_speed
2025-06-21 04:55:52,387 [DEBUG] [47] call_site: 0x434300, caller: 0x43426c, block_addr: 0x4342ec, key: lan0_upnp
2025-06-21 04:55:52,387 [DEBUG] [48] call_site: 0x434348, caller: 0x43426c, block_addr: 0x434334, key: lan0_multicast_ipv4
2025-06-21 04:55:52,387 [DEBUG] [49] call_site: 0x434390, caller: 0x43426c, block_addr: 0x43437c, key: lan0_multicast_ipv6
2025-06-21 04:55:52,387 [DEBUG] [50] call_site: 0x434a90, caller: 0x43493c, block_addr: 0x434a48, key: lan0_ipaddr
2025-06-21 04:55:52,387 [DEBUG] [51] call_site: 0x434ab4, caller: 0x43493c, block_addr: 0x434a98, key: lan0_netmask
2025-06-21 04:55:52,387 [DEBUG] [52] call_site: 0x434b18, caller: 0x43493c, block_addr: 0x434b04, key: lan0_mac
2025-06-21 04:55:52,387 [DEBUG] [53] call_site: 0x438278, caller: 0x437650, block_addr: 0x438264, key: wifi58RootScheduleName
2025-06-21 04:55:52,387 [DEBUG] [54] call_site: 0x4382d0, caller: 0x437650, block_addr: 0x4382bc, key: wifi58Vap1ScheduleName
2025-06-21 04:55:52,388 [DEBUG] [55] call_site: 0x438710, caller: 0x4386ac, block_addr: 0x4386ac, key: WscCusPBCEnable
2025-06-21 04:55:52,388 [DEBUG] [56] call_site: 0x438734, caller: 0x4386ac, block_addr: 0x438718, key: WscCusPINEnable
2025-06-21 04:55:52,388 [DEBUG] [57] call_site: 0x438a80, caller: 0x438a20, block_addr: 0x438a20, key: BandSteering
2025-06-21 04:55:52,388 [DEBUG] [58] call_site: 0x439fc4, caller: 0x439ec8, block_addr: 0x439fa8, key: IsDefaultLogin
2025-06-21 04:55:52,388 [DEBUG] [59] call_site: 0x43dee0, caller: 0x43ba14, block_addr: 0x43decc, key: wifi24RootScheduleName
2025-06-21 04:55:52,388 [DEBUG] [60] call_site: 0x43dfb4, caller: 0x43ba14, block_addr: 0x43dfa0, key: wifi58RootScheduleName
2025-06-21 04:55:52,388 [DEBUG] [61] call_site: 0x43eabc, caller: 0x43ba14, block_addr: 0x43eaa8, key: wan_wan0_proto
2025-06-21 04:55:52,388 [DEBUG] [62] call_site: 0x43f5c8, caller: 0x43ba14, block_addr: 0x43f5ac, key: wan_phylink
2025-06-21 04:55:52,388 [DEBUG] [63] call_site: 0x43fd18, caller: 0x43ba14, block_addr: 0x43fcfc, key: wan_phylink
2025-06-21 04:55:52,388 [DEBUG] [64] call_site: 0x4404a4, caller: 0x43ba14, block_addr: 0x440488, key: wan_phylink
2025-06-21 04:55:52,388 [DEBUG] [65] call_site: 0x442a80, caller: 0x440968, block_addr: 0x442a6c, key: wifi24RootScheduleName
2025-06-21 04:55:52,388 [DEBUG] [66] call_site: 0x442b54, caller: 0x440968, block_addr: 0x442b40, key: wifi58RootScheduleName
2025-06-21 04:55:52,388 [DEBUG] [67] call_site: 0x44371c, caller: 0x4436a8, block_addr: 0x4436a8, key: lan1_dhcps_start
2025-06-21 04:55:52,388 [DEBUG] [68] call_site: 0x44376c, caller: 0x4436a8, block_addr: 0x443754, key: lan1_dhcps_end
2025-06-21 04:55:52,388 [DEBUG] [69] call_site: 0x4438e8, caller: 0x4436a8, block_addr: 0x4438d4, key: lan1_ipaddr
2025-06-21 04:55:52,388 [DEBUG] [70] call_site: 0x44390c, caller: 0x4436a8, block_addr: 0x4438f0, key: lan1_netmask
2025-06-21 04:55:52,389 [DEBUG] [71] call_site: 0x4448ec, caller: 0x444700, block_addr: 0x4448d0, key: DDNSPassword
2025-06-21 04:55:52,389 [DEBUG] [72] call_site: 0x44497c, caller: 0x444700, block_addr: 0x444964, key: DDNSProvider
2025-06-21 04:55:52,389 [DEBUG] [73] call_site: 0x4449e0, caller: 0x444700, block_addr: 0x4449c8, key: DDNSAccount
2025-06-21 04:55:52,389 [DEBUG] [74] call_site: 0x444a44, caller: 0x444700, block_addr: 0x444a2c, key: DDNS
2025-06-21 04:55:52,389 [DEBUG] [75] call_site: 0x444ad4, caller: 0x444700, block_addr: 0x444a90, key: DDNSEnabled
2025-06-21 04:55:52,389 [DEBUG] [76] call_site: 0x444b30, caller: 0x444700, block_addr: 0x444b1c, key: DDNSTimeout
2025-06-21 04:55:52,389 [DEBUG] [77] call_site: 0x44528c, caller: 0x4451c0, block_addr: 0x44525c, key: UploadBandwidth
2025-06-21 04:55:52,389 [DEBUG] [78] call_site: 0x4452b0, caller: 0x4451c0, block_addr: 0x445294, key: DownloadBandwidth
2025-06-21 04:55:52,389 [DEBUG] [79] call_site: 0x44531c, caller: 0x4451c0, block_addr: 0x445304, key: -1
2025-06-21 04:55:52,389 [DEBUG] [80] call_site: 0x445374, caller: 0x4451c0, block_addr: 0x44535c, key: -1
2025-06-21 04:55:52,389 [DEBUG] [81] call_site: 0x4453cc, caller: 0x4451c0, block_addr: 0x4453b4, key: -1
2025-06-21 04:55:52,389 [DEBUG] [82] call_site: 0x445424, caller: 0x4451c0, block_addr: 0x44540c, key: -1
2025-06-21 04:55:52,389 [DEBUG] [83] call_site: 0x44547c, caller: 0x4451c0, block_addr: 0x445464, key: -1
2025-06-21 04:55:52,389 [DEBUG] [84] call_site: 0x446124, caller: 0x4460d0, block_addr: 0x4460d0, key: QosManagementType
2025-06-21 04:55:52,389 [DEBUG] [85] call_site: 0x446584, caller: 0x4463e4, block_addr: 0x446564, key: -1
2025-06-21 04:55:52,389 [DEBUG] [86] call_site: 0x4467ac, caller: 0x446730, block_addr: 0x446790, key: dmz_ipaddr
2025-06-21 04:55:52,390 [DEBUG] [87] call_site: 0x446cc4, caller: 0x446b94, block_addr: 0x446ca4, key: dmz_ipaddr
2025-06-21 04:55:52,390 [DEBUG] [88] call_site: 0x448050, caller: 0x447e10, block_addr: 0x448034, key: firewall_filter_mode
2025-06-21 04:55:52,390 [DEBUG] [89] call_site: 0x448074, caller: 0x447e10, block_addr: 0x448058, key: firewall_filter_rule
2025-06-21 04:55:52,390 [DEBUG] [90] call_site: 0x44a23c, caller: 0x449fa8, block_addr: 0x44a220, key: firewall_ipv6_filter_mode
2025-06-21 04:55:52,390 [DEBUG] [91] call_site: 0x44a260, caller: 0x449fa8, block_addr: 0x44a244, key: firewall_ipv6_filter_rule
2025-06-21 04:55:52,390 [DEBUG] [92] call_site: 0x44c73c, caller: 0x44c440, block_addr: 0x44c724, key: -1
2025-06-21 04:55:52,390 [DEBUG] [93] call_site: 0x44d028, caller: 0x44ceb0, block_addr: 0x44d00c, key: portforward_rule
2025-06-21 04:55:52,390 [DEBUG] [94] call_site: 0x44e348, caller: 0x44e114, block_addr: 0x44e330, key: portforward_rule
2025-06-21 04:55:52,390 [DEBUG] [95] call_site: 0x44e9b0, caller: 0x44e870, block_addr: 0x44e91c, key: virtualserver_rule
2025-06-21 04:55:52,390 [DEBUG] [96] call_site: 0x44fce0, caller: 0x44fae4, block_addr: 0x44fcc8, key: virtualserver_rule
2025-06-21 04:55:52,390 [DEBUG] [97] call_site: 0x4507d0, caller: 0x4502d0, block_addr: 0x4507b8, key: model_name
2025-06-21 04:55:52,390 [DEBUG] [98] call_site: 0x4509ec, caller: 0x4502d0, block_addr: 0x4509d4, key: model_name
2025-06-21 04:55:52,390 [DEBUG] [99] call_site: 0x450e88, caller: 0x450d90, block_addr: 0x450e6c, key: quickVPN_Username
2025-06-21 04:55:52,390 [DEBUG] [100] call_site: 0x450f00, caller: 0x450d90, block_addr: 0x450eec, key: quickVPN_Password
2025-06-21 04:55:52,390 [DEBUG] [101] call_site: 0x450f24, caller: 0x450d90, block_addr: 0x450f08, key: quickVPN_PSK
2025-06-21 04:55:52,390 [DEBUG] [102] call_site: 0x450fb4, caller: 0x450d90, block_addr: 0x450f9c, key: quickVPN_AuthProtocol
2025-06-21 04:55:52,391 [DEBUG] [103] call_site: 0x450fd8, caller: 0x450d90, block_addr: 0x450fbc, key: quickVPN_MPPE
2025-06-21 04:55:52,391 [DEBUG] [104] call_site: 0x4512a8, caller: 0x45122c, block_addr: 0x451290, key: lan0_ipaddr
2025-06-21 04:55:52,391 [DEBUG] [105] call_site: 0x451ed0, caller: 0x451d90, block_addr: 0x451eb4, key: url_filter_mode
2025-06-21 04:55:52,391 [DEBUG] [106] call_site: 0x451ef4, caller: 0x451d90, block_addr: 0x451ed8, key: url_filter_rule
2025-06-21 04:55:52,391 [DEBUG] [107] call_site: 0x452aa8, caller: 0x452a1c, block_addr: 0x452a94, key: wan_wan0_status
2025-06-21 04:55:52,391 [DEBUG] [108] call_site: 0x4530c8, caller: 0x452f50, block_addr: 0x4530ac, key: wan_wan0_status
2025-06-21 04:55:52,391 [DEBUG] [109] call_site: 0x4530ec, caller: 0x452f50, block_addr: 0x4530d0, key: wan_wan0_proto
2025-06-21 04:55:52,391 [DEBUG] [110] call_site: 0x453240, caller: 0x452f50, block_addr: 0x45322c, key: wan_wan0_pppoe_detect
2025-06-21 04:55:52,391 [DEBUG] [111] call_site: 0x4533a8, caller: 0x452f50, block_addr: 0x453394, key: wan_wan0_dhcp_detect
2025-06-21 04:55:52,391 [DEBUG] [112] call_site: 0x4536a4, caller: 0x452f50, block_addr: 0x453684, key: wan_wan0_ifname
2025-06-21 04:55:52,391 [DEBUG] [113] call_site: 0x453768, caller: 0x452f50, block_addr: 0x453748, key: wan_wan0_ifname
2025-06-21 04:55:52,391 [DEBUG] [114] call_site: 0x4542a0, caller: 0x4540b4, block_addr: 0x45428c, key: wan_wan0_status
2025-06-21 04:55:52,391 [DEBUG] [115] call_site: 0x455370, caller: 0x455058, block_addr: 0x4552f0, key: IsDefaultLogin
2025-06-21 04:55:52,391 [DEBUG] [116] call_site: 0x455458, caller: 0x455058, block_addr: 0x455444, key: wan_wan0_enable
2025-06-21 04:55:52,391 [DEBUG] [117] call_site: 0x4554c0, caller: 0x455058, block_addr: 0x4554ac, key: wan_wan0_proto
2025-06-21 04:55:52,392 [DEBUG] [118] call_site: 0x4555a8, caller: 0x455058, block_addr: 0x455570, key: wan_wan0_vpn_demand
2025-06-21 04:55:52,392 [DEBUG] [119] call_site: 0x4555cc, caller: 0x455058, block_addr: 0x4555b0, key: wan_wan0_vpn_idletime
2025-06-21 04:55:52,392 [DEBUG] [120] call_site: 0x4555f0, caller: 0x455058, block_addr: 0x4555d4, key: wan_wan0_vpn_autoreconn
2025-06-21 04:55:52,392 [DEBUG] [121] call_site: 0x4556f4, caller: 0x455058, block_addr: 0x4556e0, key: wan_wan0_vpn_basicconn
2025-06-21 04:55:52,392 [DEBUG] [122] call_site: 0x455818, caller: 0x455058, block_addr: 0x455804, key: wan_wan0_vpn_client
2025-06-21 04:55:52,392 [DEBUG] [123] call_site: 0x45584c, caller: 0x455058, block_addr: 0x455830, key: wan_wan0_vpn_netmask
2025-06-21 04:55:52,392 [DEBUG] [124] call_site: 0x455880, caller: 0x455058, block_addr: 0x455864, key: wan_wan0_vpn_gateway
2025-06-21 04:55:52,392 [DEBUG] [125] call_site: 0x4558b4, caller: 0x455058, block_addr: 0x455898, key: wan_wan0_vpn_server
2025-06-21 04:55:52,392 [DEBUG] [126] call_site: 0x4558e8, caller: 0x455058, block_addr: 0x4558cc, key: wan_wan0_dns
2025-06-21 04:55:52,392 [DEBUG] [127] call_site: 0x45590c, caller: 0x455058, block_addr: 0x4558f0, key: wan_wan0_vpn_mtu
2025-06-21 04:55:52,392 [DEBUG] [128] call_site: 0x455930, caller: 0x455058, block_addr: 0x455914, key: wan_wan0_vpn_mru
2025-06-21 04:55:52,392 [DEBUG] [129] call_site: 0x455954, caller: 0x455058, block_addr: 0x455938, key: wan_wan0_vpn_ifname
2025-06-21 04:55:52,392 [DEBUG] [130] call_site: 0x455978, caller: 0x455058, block_addr: 0x45595c, key: wan_wan0_vpn_username
2025-06-21 04:55:52,392 [DEBUG] [131] call_site: 0x45599c, caller: 0x455058, block_addr: 0x455980, key: wan_wan0_vpn_passwd
2025-06-21 04:55:52,392 [DEBUG] [132] call_site: 0x455a54, caller: 0x455058, block_addr: 0x455a40, key: wan_wan0_hwaddr
2025-06-21 04:55:52,393 [DEBUG] [133] call_site: 0x455aa8, caller: 0x455058, block_addr: 0x455a90, key: wan_wan0_dns
2025-06-21 04:55:52,393 [DEBUG] [134] call_site: 0x455afc, caller: 0x455058, block_addr: 0x455ae8, key: wan_wan0_pppoe_mtu
2025-06-21 04:55:52,393 [DEBUG] [135] call_site: 0x455b20, caller: 0x455058, block_addr: 0x455b04, key: wan_wan0_pppoe_username
2025-06-21 04:55:52,393 [DEBUG] [136] call_site: 0x455b44, caller: 0x455058, block_addr: 0x455b28, key: wan_wan0_pppoe_passwd
2025-06-21 04:55:52,393 [DEBUG] [137] call_site: 0x455bec, caller: 0x455058, block_addr: 0x455bd8, key: wan_wan0_pppoe_demand
2025-06-21 04:55:52,393 [DEBUG] [138] call_site: 0x455c10, caller: 0x455058, block_addr: 0x455bf4, key: wan_wan0_pppoe_idletime
2025-06-21 04:55:52,393 [DEBUG] [139] call_site: 0x455c34, caller: 0x455058, block_addr: 0x455c18, key: wan_wan0_pppoe_autoreconn
2025-06-21 04:55:52,393 [DEBUG] [140] call_site: 0x455c58, caller: 0x455058, block_addr: 0x455c3c, key: wan_wan0_pppoe_service
2025-06-21 04:55:52,393 [DEBUG] [141] call_site: 0x455c7c, caller: 0x455058, block_addr: 0x455c60, key: wan_wan0_pppoe_static
2025-06-21 04:55:52,393 [DEBUG] [142] call_site: 0x455ca0, caller: 0x455058, block_addr: 0x455c84, key: wan_wan0_pppoe_ifname
2025-06-21 04:55:52,393 [DEBUG] [143] call_site: 0x455d54, caller: 0x455058, block_addr: 0x455d40, key: wan_wan0_hostname
2025-06-21 04:55:52,393 [DEBUG] [144] call_site: 0x455d78, caller: 0x455058, block_addr: 0x455d5c, key: wan_wan0_mtu
2025-06-21 04:55:52,393 [DEBUG] [145] call_site: 0x455ee0, caller: 0x455058, block_addr: 0x455ecc, key: wan_wan0_mac_clone_enable
2025-06-21 04:55:52,393 [DEBUG] [146] call_site: 0x455f30, caller: 0x455058, block_addr: 0x455f1c, key: wan_wan0_clone_mac
2025-06-21 04:55:52,393 [DEBUG] [147] call_site: 0x455f60, caller: 0x455058, block_addr: 0x455f4c, key: wan_wan0_clone_mac
2025-06-21 04:55:52,393 [DEBUG] [148] call_site: 0x455f8c, caller: 0x455058, block_addr: 0x455f78, key: wan_wan0_hwaddr
2025-06-21 04:55:52,394 [DEBUG] [149] call_site: 0x455fb0, caller: 0x455058, block_addr: 0x455f9c, key: wan_wan0_ipaddr
2025-06-21 04:55:52,394 [DEBUG] [150] call_site: 0x455fd4, caller: 0x455058, block_addr: 0x455fb8, key: wan_wan0_netmask
2025-06-21 04:55:52,394 [DEBUG] [151] call_site: 0x455ff8, caller: 0x455058, block_addr: 0x455fdc, key: wan_wan0_gateway
2025-06-21 04:55:52,394 [DEBUG] [152] call_site: 0x45601c, caller: 0x455058, block_addr: 0x456000, key: wan_wan0_dns_manual
2025-06-21 04:55:52,394 [DEBUG] [153] call_site: 0x4560fc, caller: 0x455058, block_addr: 0x4560e8, key: -1
2025-06-21 04:55:52,394 [DEBUG] [154] call_site: 0x456140, caller: 0x455058, block_addr: 0x45612c, key: -1
2025-06-21 04:55:52,394 [DEBUG] [155] call_site: 0x456184, caller: 0x455058, block_addr: 0x456170, key: -1
2025-06-21 04:55:52,394 [DEBUG] [156] call_site: 0x456424, caller: 0x455058, block_addr: 0x456410, key: wan_wan0_ifname
2025-06-21 04:55:52,394 [DEBUG] [157] call_site: 0x4581a0, caller: 0x457f1c, block_addr: 0x45818c, key: wan_wan0_proto
2025-06-21 04:55:52,394 [DEBUG] [158] call_site: 0x458e84, caller: 0x457f1c, block_addr: 0x458e68, key: wan_phylink
2025-06-21 04:55:52,394 [DEBUG] [159] call_site: 0x459688, caller: 0x457f1c, block_addr: 0x45966c, key: wan_phylink
2025-06-21 04:55:52,394 [DEBUG] [160] call_site: 0x459e64, caller: 0x457f1c, block_addr: 0x459e48, key: wan_phylink
2025-06-21 04:55:52,394 [DEBUG] [161] call_site: 0x45a990, caller: 0x45a934, block_addr: 0x45a934, key: VLANEnable
2025-06-21 04:55:52,394 [DEBUG] [162] call_site: 0x45a9f8, caller: 0x45a934, block_addr: 0x45a9e0, key: VLANPriorityEnable
2025-06-21 04:55:52,394 [DEBUG] [163] call_site: 0x45aa60, caller: 0x45a934, block_addr: 0x45aa48, key: wan_wan0_vlanid
2025-06-21 04:55:52,394 [DEBUG] [164] call_site: 0x45aa84, caller: 0x45a934, block_addr: 0x45aa68, key: wan_iptv_vlanid
2025-06-21 04:55:52,394 [DEBUG] [165] call_site: 0x45aaa8, caller: 0x45a934, block_addr: 0x45aa8c, key: wan_voip_vlanid
2025-06-21 04:55:52,395 [DEBUG] [166] call_site: 0x45aacc, caller: 0x45a934, block_addr: 0x45aab0, key: wan_wan0_vlanidpri
2025-06-21 04:55:52,395 [DEBUG] [167] call_site: 0x45aaf0, caller: 0x45a934, block_addr: 0x45aad4, key: wan_iptv_vlanidpri
2025-06-21 04:55:52,395 [DEBUG] [168] call_site: 0x45ab14, caller: 0x45a934, block_addr: 0x45aaf8, key: wan_voip_vlanidpri
2025-06-21 04:55:52,395 [DEBUG] [169] call_site: 0x45ab38, caller: 0x45a934, block_addr: 0x45ab1c, key: vlan_lan_dev1_service_mapping
2025-06-21 04:55:52,395 [DEBUG] [170] call_site: 0x45ab5c, caller: 0x45a934, block_addr: 0x45ab40, key: vlan_lan_dev2_service_mapping
2025-06-21 04:55:52,395 [DEBUG] [171] call_site: 0x45ab80, caller: 0x45a934, block_addr: 0x45ab64, key: vlan_lan_dev3_service_mapping
2025-06-21 04:55:52,395 [DEBUG] [172] call_site: 0x45aba4, caller: 0x45a934, block_addr: 0x45ab88, key: vlan_lan_dev4_service_mapping
2025-06-21 04:55:52,395 [DEBUG] [173] call_site: 0x45abc8, caller: 0x45a934, block_addr: 0x45abac, key: vlan_wlan_service_mapping
2025-06-21 04:55:52,395 [DEBUG] [174] call_site: 0x45abec, caller: 0x45a934, block_addr: 0x45abd0, key: vlan_wlan_guest_service_mapping
2025-06-21 04:55:52,395 [DEBUG] [175] call_site: 0x45b068, caller: 0x45ae8c, block_addr: 0x45b04c, key: wan_wan_phy_ifname
2025-06-21 04:55:52,395 [DEBUG] [176] call_site: 0x45b08c, caller: 0x45ae8c, block_addr: 0x45b070, key: wan_wan0_vlanid
2025-06-21 04:55:52,395 [DEBUG] [177] call_site: 0x45b0b0, caller: 0x45ae8c, block_addr: 0x45b094, key: wan_iptv_vlanid
2025-06-21 04:55:52,395 [DEBUG] [178] call_site: 0x45b0d4, caller: 0x45ae8c, block_addr: 0x45b0b8, key: wan_voip_vlanid
2025-06-21 04:55:52,395 [DEBUG] [179] call_site: 0x45c0dc, caller: 0x45ae8c, block_addr: 0x45c0c4, key: wan_wan_phy_ifname_vlan_revert
2025-06-21 04:55:52,395 [DEBUG] [180] call_site: 0x45c4a8, caller: 0x45ae8c, block_addr: 0x45c490, key: wan_wan_phy_ifname
2025-06-21 04:55:52,396 [DEBUG] [181] call_site: 0x45c4ec, caller: 0x45ae8c, block_addr: 0x45c4d4, key: wan_wan_phy_ifname
2025-06-21 04:55:52,396 [DEBUG] [182] call_site: 0x45c530, caller: 0x45ae8c, block_addr: 0x45c518, key: wan_wan_phy_ifname_vlan_revert
2025-06-21 04:55:52,396 [DEBUG] [183] call_site: 0x45ce6c, caller: 0x45cc88, block_addr: 0x45ce24, key: model_name
2025-06-21 04:55:52,396 [DEBUG] [184] call_site: 0x45ce90, caller: 0x45cc88, block_addr: 0x45ce74, key: hw_version
2025-06-21 04:55:52,396 [DEBUG] [185] call_site: 0x45ceb4, caller: 0x45cc88, block_addr: 0x45ce98, key: sw_ex_version
2025-06-21 04:55:52,396 [DEBUG] [186] call_site: 0x45d590, caller: 0x45d334, block_addr: 0x45d540, key: hw_version
2025-06-21 04:55:52,396 [DEBUG] [187] call_site: 0x45d604, caller: 0x45d334, block_addr: 0x45d5bc, key: model_name
2025-06-21 04:55:52,396 [DEBUG] [188] call_site: 0x45d6c0, caller: 0x45d334, block_addr: 0x45d6a4, key: model_name
2025-06-21 04:55:52,396 [DEBUG] [189] call_site: 0x45d748, caller: 0x45d334, block_addr: 0x45d724, key: model_name
2025-06-21 04:55:52,396 [DEBUG] [190] call_site: 0x45d7d0, caller: 0x45d334, block_addr: 0x45d7ac, key: model_name
2025-06-21 04:55:52,396 [DEBUG] [191] call_site: 0x45d858, caller: 0x45d334, block_addr: 0x45d834, key: model_name
2025-06-21 04:55:52,396 [DEBUG] [192] call_site: 0x45d96c, caller: 0x45d334, block_addr: 0x45d950, key: sw_ex_version
2025-06-21 04:55:52,396 [DEBUG] [193] call_site: 0x45d9a8, caller: 0x45d334, block_addr: 0x45d974, key: lan0_ipaddr
2025-06-21 04:55:52,396 [DEBUG] [194] call_site: 0x45e378, caller: 0x45e250, block_addr: 0x45e358, key: mac_filter_mode
2025-06-21 04:55:52,396 [DEBUG] [195] call_site: 0x45e39c, caller: 0x45e250, block_addr: 0x45e380, key: mac_filter_rule
2025-06-21 04:55:52,396 [DEBUG] [196] call_site: 0x45f1f0, caller: 0x45f0b4, block_addr: 0x45f1dc, key: -1
2025-06-21 04:55:52,397 [DEBUG] [197] call_site: 0x45f394, caller: 0x45f28c, block_addr: 0x45f320, key: mac_filter_rule
2025-06-21 04:55:52,397 [DEBUG] [198] call_site: 0x45f988, caller: 0x45f28c, block_addr: 0x45f8c4, key: firewall_filter_rule
2025-06-21 04:55:52,397 [DEBUG] [199] call_site: 0x460184, caller: 0x45f28c, block_addr: 0x4600c0, key: firewall_ipv6_filter_rule
2025-06-21 04:55:52,397 [DEBUG] [200] call_site: 0x4609a0, caller: 0x45f28c, block_addr: 0x46097c, key: portforward_rule
2025-06-21 04:55:52,397 [DEBUG] [201] call_site: 0x4610a4, caller: 0x45f28c, block_addr: 0x461024, key: virtualserver_rule
2025-06-21 04:55:52,397 [DEBUG] [202] call_site: 0x46180c, caller: 0x4617d0, block_addr: 0x4617d0, key: wifi24RootScheduleName
2025-06-21 04:55:52,397 [DEBUG] [203] call_site: 0x461830, caller: 0x4617d0, block_addr: 0x461814, key: wifi58RootScheduleName
2025-06-21 04:55:52,397 [DEBUG] [204] call_site: 0x461854, caller: 0x4617d0, block_addr: 0x461838, key: SysLogMail_Schedule_Name
2025-06-21 04:55:52,397 [DEBUG] [205] call_site: 0x461b00, caller: 0x4619c0, block_addr: 0x461aec, key: -1
2025-06-21 04:55:52,397 [DEBUG] [206] call_site: 0x464010, caller: 0x463ccc, block_addr: 0x463ffc, key: -1
2025-06-21 04:55:52,397 [DEBUG] [207] call_site: 0x4640c0, caller: 0x463ccc, block_addr: 0x4640ac, key: -1
2025-06-21 04:55:52,397 [DEBUG] [208] call_site: 0x464dbc, caller: 0x464a54, block_addr: 0x464da8, key: lan0_ifname
2025-06-21 04:55:52,397 [DEBUG] [209] call_site: 0x465084, caller: 0x464a54, block_addr: 0x465070, key: -1
2025-06-21 04:55:52,397 [DEBUG] [210] call_site: 0x4650c8, caller: 0x464a54, block_addr: 0x4650b4, key: -1
2025-06-21 04:55:52,397 [DEBUG] [211] call_site: 0x465290, caller: 0x464a54, block_addr: 0x46527c, key: -1
2025-06-21 04:55:52,398 [DEBUG] [212] call_site: 0x465388, caller: 0x464a54, block_addr: 0x465374, key: lan0_ipv6_ipaddr
2025-06-21 04:55:52,398 [DEBUG] [213] call_site: 0x465490, caller: 0x464a54, block_addr: 0x46547c, key: -1
2025-06-21 04:55:52,398 [DEBUG] [214] call_site: 0x4655ac, caller: 0x464a54, block_addr: 0x465598, key: -1
2025-06-21 04:55:52,398 [DEBUG] [215] call_site: 0x4655f0, caller: 0x464a54, block_addr: 0x4655dc, key: -1
2025-06-21 04:55:52,398 [DEBUG] [216] call_site: 0x466340, caller: 0x466130, block_addr: 0x46632c, key: lan0_ipv6_ula_prefix
2025-06-21 04:55:52,398 [DEBUG] [217] call_site: 0x466364, caller: 0x466130, block_addr: 0x466348, key: lan0_ipv6_ula_prefix_length
2025-06-21 04:55:52,398 [DEBUG] [218] call_site: 0x466388, caller: 0x466130, block_addr: 0x46636c, key: lan0_ipv6_ipaddr
2025-06-21 04:55:52,398 [DEBUG] [219] call_site: 0x4664e8, caller: 0x466130, block_addr: 0x4664d4, key: lan0_ipv6_ula_prefix
2025-06-21 04:55:52,398 [DEBUG] [220] call_site: 0x46650c, caller: 0x466130, block_addr: 0x4664f0, key: lan0_ipv6_ula_prefix_length
2025-06-21 04:55:52,398 [DEBUG] [221] call_site: 0x466530, caller: 0x466130, block_addr: 0x466514, key: lan0_ipv6_ipaddr
2025-06-21 04:55:52,398 [DEBUG] [222] call_site: 0x46736c, caller: 0x467124, block_addr: 0x467358, key: lan0_ifname
2025-06-21 04:55:52,398 [DEBUG] [223] call_site: 0x46743c, caller: 0x467124, block_addr: 0x467428, key: -1
2025-06-21 04:55:52,398 [DEBUG] [224] call_site: 0x467538, caller: 0x467124, block_addr: 0x467524, key: lan0_ipv6_ipaddr
2025-06-21 04:55:52,398 [DEBUG] [225] call_site: 0x46768c, caller: 0x467124, block_addr: 0x467678, key: lan0_ipv6_autoconf_type
2025-06-21 04:55:52,398 [DEBUG] [226] call_site: 0x4676b0, caller: 0x467124, block_addr: 0x467694, key: lan0_ipv6_route_lifetime
2025-06-21 04:55:52,398 [DEBUG] [227] call_site: 0x4676d4, caller: 0x467124, block_addr: 0x4676b8, key: lan0_ipv6_dhcp_start
2025-06-21 04:55:52,399 [DEBUG] [228] call_site: 0x4676f8, caller: 0x467124, block_addr: 0x4676dc, key: lan0_ipv6_dhcp_end
2025-06-21 04:55:52,399 [DEBUG] [229] call_site: 0x4677c0, caller: 0x467124, block_addr: 0x4677ac, key: -1
2025-06-21 04:55:52,399 [DEBUG] [230] call_site: 0x4678bc, caller: 0x467124, block_addr: 0x4678a8, key: lan0_ipv6_ipaddr
2025-06-21 04:55:52,399 [DEBUG] [231] call_site: 0x467a10, caller: 0x467124, block_addr: 0x4679fc, key: lan0_ipv6_autoconf_type
2025-06-21 04:55:52,399 [DEBUG] [232] call_site: 0x467a34, caller: 0x467124, block_addr: 0x467a18, key: lan0_ipv6_route_lifetime
2025-06-21 04:55:52,399 [DEBUG] [233] call_site: 0x467a58, caller: 0x467124, block_addr: 0x467a3c, key: lan0_ipv6_dhcp_start
2025-06-21 04:55:52,399 [DEBUG] [234] call_site: 0x467a7c, caller: 0x467124, block_addr: 0x467a60, key: lan0_ipv6_dhcp_end
2025-06-21 04:55:52,399 [DEBUG] [235] call_site: 0x468f80, caller: 0x468d44, block_addr: 0x468f6c, key: lan0_ifname
2025-06-21 04:55:52,399 [DEBUG] [236] call_site: 0x469050, caller: 0x468d44, block_addr: 0x46903c, key: -1
2025-06-21 04:55:52,399 [DEBUG] [237] call_site: 0x469094, caller: 0x468d44, block_addr: 0x469080, key: -1
2025-06-21 04:55:52,399 [DEBUG] [238] call_site: 0x4690d8, caller: 0x468d44, block_addr: 0x4690c4, key: -1
2025-06-21 04:55:52,399 [DEBUG] [239] call_site: 0x46911c, caller: 0x468d44, block_addr: 0x469108, key: -1
2025-06-21 04:55:52,399 [DEBUG] [240] call_site: 0x4691a8, caller: 0x468d44, block_addr: 0x469190, key: lan0_ipv6_ipaddr
2025-06-21 04:55:52,399 [DEBUG] [241] call_site: 0x4692ac, caller: 0x468d44, block_addr: 0x469298, key: lan0_ipv6_autoconf_type
2025-06-21 04:55:52,399 [DEBUG] [242] call_site: 0x4692d0, caller: 0x468d44, block_addr: 0x4692b4, key: lan0_ipv6_route_lifetime
2025-06-21 04:55:52,399 [DEBUG] [243] call_site: 0x4692f4, caller: 0x468d44, block_addr: 0x4692d8, key: lan0_ipv6_dhcp_start
2025-06-21 04:55:52,400 [DEBUG] [244] call_site: 0x469318, caller: 0x468d44, block_addr: 0x4692fc, key: lan0_ipv6_dhcp_end
2025-06-21 04:55:52,400 [DEBUG] [245] call_site: 0x4693e0, caller: 0x468d44, block_addr: 0x4693cc, key: -1
2025-06-21 04:55:52,400 [DEBUG] [246] call_site: 0x469424, caller: 0x468d44, block_addr: 0x469410, key: -1
2025-06-21 04:55:52,400 [DEBUG] [247] call_site: 0x469468, caller: 0x468d44, block_addr: 0x469454, key: -1
2025-06-21 04:55:52,400 [DEBUG] [248] call_site: 0x4694ac, caller: 0x468d44, block_addr: 0x469498, key: -1
2025-06-21 04:55:52,400 [DEBUG] [249] call_site: 0x469538, caller: 0x468d44, block_addr: 0x469520, key: lan0_ipv6_ipaddr
2025-06-21 04:55:52,400 [DEBUG] [250] call_site: 0x46963c, caller: 0x468d44, block_addr: 0x469628, key: lan0_ipv6_autoconf_type
2025-06-21 04:55:52,400 [DEBUG] [251] call_site: 0x469660, caller: 0x468d44, block_addr: 0x469644, key: lan0_ipv6_route_lifetime
2025-06-21 04:55:52,400 [DEBUG] [252] call_site: 0x469684, caller: 0x468d44, block_addr: 0x469668, key: lan0_ipv6_dhcp_start
2025-06-21 04:55:52,400 [DEBUG] [253] call_site: 0x4696a8, caller: 0x468d44, block_addr: 0x46968c, key: lan0_ipv6_dhcp_end
2025-06-21 04:55:52,400 [DEBUG] [254] call_site: 0x46aaf8, caller: 0x46a8b0, block_addr: 0x46aae4, key: lan0_ifname
2025-06-21 04:55:52,400 [DEBUG] [255] call_site: 0x46abc8, caller: 0x46a8b0, block_addr: 0x46abb4, key: -1
2025-06-21 04:55:52,400 [DEBUG] [256] call_site: 0x46acc4, caller: 0x46a8b0, block_addr: 0x46acb0, key: lan0_ipv6_ipaddr
2025-06-21 04:55:52,400 [DEBUG] [257] call_site: 0x46ae18, caller: 0x46a8b0, block_addr: 0x46ae04, key: lan0_ipv6_autoconf_type
2025-06-21 04:55:52,400 [DEBUG] [258] call_site: 0x46ae3c, caller: 0x46a8b0, block_addr: 0x46ae20, key: lan0_ipv6_route_lifetime
2025-06-21 04:55:52,400 [DEBUG] [259] call_site: 0x46ae60, caller: 0x46a8b0, block_addr: 0x46ae44, key: lan0_ipv6_dhcp_start
2025-06-21 04:55:52,401 [DEBUG] [260] call_site: 0x46ae84, caller: 0x46a8b0, block_addr: 0x46ae68, key: lan0_ipv6_dhcp_end
2025-06-21 04:55:52,401 [DEBUG] [261] call_site: 0x46af4c, caller: 0x46a8b0, block_addr: 0x46af38, key: -1
2025-06-21 04:55:52,401 [DEBUG] [262] call_site: 0x46b048, caller: 0x46a8b0, block_addr: 0x46b034, key: lan0_ipv6_ipaddr
2025-06-21 04:55:52,401 [DEBUG] [263] call_site: 0x46b19c, caller: 0x46a8b0, block_addr: 0x46b188, key: lan0_ipv6_autoconf_type
2025-06-21 04:55:52,401 [DEBUG] [264] call_site: 0x46b1c0, caller: 0x46a8b0, block_addr: 0x46b1a4, key: lan0_ipv6_route_lifetime
2025-06-21 04:55:52,401 [DEBUG] [265] call_site: 0x46b1e4, caller: 0x46a8b0, block_addr: 0x46b1c8, key: lan0_ipv6_dhcp_start
2025-06-21 04:55:52,401 [DEBUG] [266] call_site: 0x46b208, caller: 0x46a8b0, block_addr: 0x46b1ec, key: lan0_ipv6_dhcp_end
2025-06-21 04:55:52,401 [DEBUG] [267] call_site: 0x46c778, caller: 0x46c480, block_addr: 0x46c764, key: lan0_ifname
2025-06-21 04:55:52,401 [DEBUG] [268] call_site: 0x46c82c, caller: 0x46c480, block_addr: 0x46c818, key: -1
2025-06-21 04:55:52,401 [DEBUG] [269] call_site: 0x46c870, caller: 0x46c480, block_addr: 0x46c85c, key: -1
2025-06-21 04:55:52,401 [DEBUG] [270] call_site: 0x46c8b4, caller: 0x46c480, block_addr: 0x46c8a0, key: -1
2025-06-21 04:55:52,401 [DEBUG] [271] call_site: 0x46c8f8, caller: 0x46c480, block_addr: 0x46c8e4, key: -1
2025-06-21 04:55:52,401 [DEBUG] [272] call_site: 0x46ca9c, caller: 0x46c480, block_addr: 0x46ca88, key: -1
2025-06-21 04:55:52,401 [DEBUG] [273] call_site: 0x46cae0, caller: 0x46c480, block_addr: 0x46cacc, key: -1
2025-06-21 04:55:52,401 [DEBUG] [274] call_site: 0x46cb24, caller: 0x46c480, block_addr: 0x46cb10, key: -1
2025-06-21 04:55:52,402 [DEBUG] [275] call_site: 0x46cbd8, caller: 0x46c480, block_addr: 0x46cbc4, key: -1
2025-06-21 04:55:52,402 [DEBUG] [276] call_site: 0x46ccd4, caller: 0x46c480, block_addr: 0x46ccc0, key: lan0_ipv6_ipaddr
2025-06-21 04:55:52,402 [DEBUG] [277] call_site: 0x46ce28, caller: 0x46c480, block_addr: 0x46ce14, key: lan0_ipv6_autoconf_type
2025-06-21 04:55:52,402 [DEBUG] [278] call_site: 0x46ce4c, caller: 0x46c480, block_addr: 0x46ce30, key: lan0_ipv6_route_lifetime
2025-06-21 04:55:52,402 [DEBUG] [279] call_site: 0x46ce70, caller: 0x46c480, block_addr: 0x46ce54, key: lan0_ipv6_dhcp_start
2025-06-21 04:55:52,402 [DEBUG] [280] call_site: 0x46ce94, caller: 0x46c480, block_addr: 0x46ce78, key: lan0_ipv6_dhcp_end
2025-06-21 04:55:52,402 [DEBUG] [281] call_site: 0x46cf34, caller: 0x46c480, block_addr: 0x46cf20, key: -1
2025-06-21 04:55:52,402 [DEBUG] [282] call_site: 0x46cfc8, caller: 0x46c480, block_addr: 0x46cfb4, key: -1
2025-06-21 04:55:52,402 [DEBUG] [283] call_site: 0x46d00c, caller: 0x46c480, block_addr: 0x46cff8, key: -1
2025-06-21 04:55:52,402 [DEBUG] [284] call_site: 0x46d050, caller: 0x46c480, block_addr: 0x46d03c, key: -1
2025-06-21 04:55:52,402 [DEBUG] [285] call_site: 0x46d094, caller: 0x46c480, block_addr: 0x46d080, key: -1
2025-06-21 04:55:52,402 [DEBUG] [286] call_site: 0x46d1ac, caller: 0x46c480, block_addr: 0x46d198, key: -1
2025-06-21 04:55:52,402 [DEBUG] [287] call_site: 0x46d1f0, caller: 0x46c480, block_addr: 0x46d1dc, key: -1
2025-06-21 04:55:52,402 [DEBUG] [288] call_site: 0x46d234, caller: 0x46c480, block_addr: 0x46d220, key: -1
2025-06-21 04:55:52,402 [DEBUG] [289] call_site: 0x46d2e8, caller: 0x46c480, block_addr: 0x46d2d4, key: -1
2025-06-21 04:55:52,403 [DEBUG] [290] call_site: 0x46d3e4, caller: 0x46c480, block_addr: 0x46d3d0, key: lan0_ipv6_ipaddr
2025-06-21 04:55:52,403 [DEBUG] [291] call_site: 0x46d538, caller: 0x46c480, block_addr: 0x46d524, key: lan0_ipv6_autoconf_type
2025-06-21 04:55:52,403 [DEBUG] [292] call_site: 0x46d55c, caller: 0x46c480, block_addr: 0x46d540, key: lan0_ipv6_route_lifetime
2025-06-21 04:55:52,403 [DEBUG] [293] call_site: 0x46d580, caller: 0x46c480, block_addr: 0x46d564, key: lan0_ipv6_dhcp_start
2025-06-21 04:55:52,403 [DEBUG] [294] call_site: 0x46d5a4, caller: 0x46c480, block_addr: 0x46d588, key: lan0_ipv6_dhcp_end
2025-06-21 04:55:52,403 [DEBUG] [295] call_site: 0x46df94, caller: 0x46dc68, block_addr: 0x46df80, key: -1
2025-06-21 04:55:52,403 [DEBUG] [296] call_site: 0x46fc30, caller: 0x46f9d4, block_addr: 0x46fc1c, key: lan0_ifname
2025-06-21 04:55:52,403 [DEBUG] [297] call_site: 0x46fc90, caller: 0x46f9d4, block_addr: 0x46fc7c, key: -1
2025-06-21 04:55:52,403 [DEBUG] [298] call_site: 0x46fcd4, caller: 0x46f9d4, block_addr: 0x46fcc0, key: -1
2025-06-21 04:55:52,403 [DEBUG] [299] call_site: 0x46fd18, caller: 0x46f9d4, block_addr: 0x46fd04, key: -1
2025-06-21 04:55:52,403 [DEBUG] [300] call_site: 0x46fd5c, caller: 0x46f9d4, block_addr: 0x46fd48, key: -1
2025-06-21 04:55:52,403 [DEBUG] [301] call_site: 0x46fda0, caller: 0x46f9d4, block_addr: 0x46fd8c, key: -1
2025-06-21 04:55:52,403 [DEBUG] [302] call_site: 0x46fe54, caller: 0x46f9d4, block_addr: 0x46fe40, key: -1
2025-06-21 04:55:52,403 [DEBUG] [303] call_site: 0x46ff50, caller: 0x46f9d4, block_addr: 0x46ff3c, key: lan0_ipv6_ipaddr
2025-06-21 04:55:52,403 [DEBUG] [304] call_site: 0x4700a4, caller: 0x46f9d4, block_addr: 0x470090, key: lan0_ipv6_autoconf_type
2025-06-21 04:55:52,403 [DEBUG] [305] call_site: 0x4700c8, caller: 0x46f9d4, block_addr: 0x4700ac, key: lan0_ipv6_route_lifetime
2025-06-21 04:55:52,404 [DEBUG] [306] call_site: 0x4700ec, caller: 0x46f9d4, block_addr: 0x4700d0, key: lan0_ipv6_dhcp_start
2025-06-21 04:55:52,404 [DEBUG] [307] call_site: 0x470110, caller: 0x46f9d4, block_addr: 0x4700f4, key: lan0_ipv6_dhcp_end
2025-06-21 04:55:52,404 [DEBUG] [308] call_site: 0x470168, caller: 0x46f9d4, block_addr: 0x470154, key: -1
2025-06-21 04:55:52,404 [DEBUG] [309] call_site: 0x4701ac, caller: 0x46f9d4, block_addr: 0x470198, key: -1
2025-06-21 04:55:52,404 [DEBUG] [310] call_site: 0x4701f0, caller: 0x46f9d4, block_addr: 0x4701dc, key: -1
2025-06-21 04:55:52,404 [DEBUG] [311] call_site: 0x470234, caller: 0x46f9d4, block_addr: 0x470220, key: -1
2025-06-21 04:55:52,404 [DEBUG] [312] call_site: 0x470278, caller: 0x46f9d4, block_addr: 0x470264, key: -1
2025-06-21 04:55:52,404 [DEBUG] [313] call_site: 0x47032c, caller: 0x46f9d4, block_addr: 0x470318, key: -1
2025-06-21 04:55:52,404 [DEBUG] [314] call_site: 0x470428, caller: 0x46f9d4, block_addr: 0x470414, key: lan0_ipv6_ipaddr
2025-06-21 04:55:52,404 [DEBUG] [315] call_site: 0x47057c, caller: 0x46f9d4, block_addr: 0x470568, key: lan0_ipv6_autoconf_type
2025-06-21 04:55:52,404 [DEBUG] [316] call_site: 0x4705a0, caller: 0x46f9d4, block_addr: 0x470584, key: lan0_ipv6_route_lifetime
2025-06-21 04:55:52,404 [DEBUG] [317] call_site: 0x4705c4, caller: 0x46f9d4, block_addr: 0x4705a8, key: lan0_ipv6_dhcp_start
2025-06-21 04:55:52,404 [DEBUG] [318] call_site: 0x4705e8, caller: 0x46f9d4, block_addr: 0x4705cc, key: lan0_ipv6_dhcp_end
2025-06-21 04:55:52,404 [DEBUG] [319] call_site: 0x471cf8, caller: 0x471ac0, block_addr: 0x471ce4, key: lan0_ifname
2025-06-21 04:55:52,404 [DEBUG] [320] call_site: 0x471d58, caller: 0x471ac0, block_addr: 0x471d44, key: -1
2025-06-21 04:55:52,404 [DEBUG] [321] call_site: 0x471d9c, caller: 0x471ac0, block_addr: 0x471d88, key: -1
2025-06-21 04:55:52,404 [DEBUG] [322] call_site: 0x471e50, caller: 0x471ac0, block_addr: 0x471e3c, key: -1
2025-06-21 04:55:52,405 [DEBUG] [323] call_site: 0x471efc, caller: 0x471ac0, block_addr: 0x471ee8, key: -1
2025-06-21 04:55:52,405 [DEBUG] [324] call_site: 0x472000, caller: 0x471ac0, block_addr: 0x471fec, key: lan0_ipv6_autoconf_type
2025-06-21 04:55:52,405 [DEBUG] [325] call_site: 0x472024, caller: 0x471ac0, block_addr: 0x472008, key: lan0_ipv6_route_lifetime
2025-06-21 04:55:52,405 [DEBUG] [326] call_site: 0x472048, caller: 0x471ac0, block_addr: 0x47202c, key: lan0_ipv6_dhcp_start
2025-06-21 04:55:52,405 [DEBUG] [327] call_site: 0x47206c, caller: 0x471ac0, block_addr: 0x472050, key: lan0_ipv6_dhcp_end
2025-06-21 04:55:52,405 [DEBUG] [328] call_site: 0x4720c4, caller: 0x471ac0, block_addr: 0x4720b0, key: -1
2025-06-21 04:55:52,405 [DEBUG] [329] call_site: 0x472108, caller: 0x471ac0, block_addr: 0x4720f4, key: -1
2025-06-21 04:55:52,405 [DEBUG] [330] call_site: 0x4721bc, caller: 0x471ac0, block_addr: 0x4721a8, key: -1
2025-06-21 04:55:52,405 [DEBUG] [331] call_site: 0x472268, caller: 0x471ac0, block_addr: 0x472254, key: -1
2025-06-21 04:55:52,405 [DEBUG] [332] call_site: 0x47236c, caller: 0x471ac0, block_addr: 0x472358, key: lan0_ipv6_autoconf_type
2025-06-21 04:55:52,405 [DEBUG] [333] call_site: 0x472390, caller: 0x471ac0, block_addr: 0x472374, key: lan0_ipv6_route_lifetime
2025-06-21 04:55:52,405 [DEBUG] [334] call_site: 0x4723b4, caller: 0x471ac0, block_addr: 0x472398, key: lan0_ipv6_dhcp_start
2025-06-21 04:55:52,405 [DEBUG] [335] call_site: 0x4723d8, caller: 0x471ac0, block_addr: 0x4723bc, key: lan0_ipv6_dhcp_end
2025-06-21 04:55:52,405 [DEBUG] [336] call_site: 0x4736e4, caller: 0x47346c, block_addr: 0x4736d0, key: lan0_ifname
2025-06-21 04:55:52,405 [DEBUG] [337] call_site: 0x473824, caller: 0x47346c, block_addr: 0x473810, key: -1
2025-06-21 04:55:52,406 [DEBUG] [338] call_site: 0x473868, caller: 0x47346c, block_addr: 0x473854, key: -1
2025-06-21 04:55:52,406 [DEBUG] [339] call_site: 0x4738ac, caller: 0x47346c, block_addr: 0x473898, key: -1
2025-06-21 04:55:52,406 [DEBUG] [340] call_site: 0x4738f0, caller: 0x47346c, block_addr: 0x4738dc, key: -1
2025-06-21 04:55:52,406 [DEBUG] [341] call_site: 0x473934, caller: 0x47346c, block_addr: 0x473920, key: -1
2025-06-21 04:55:52,406 [DEBUG] [342] call_site: 0x473978, caller: 0x47346c, block_addr: 0x473964, key: -1
2025-06-21 04:55:52,406 [DEBUG] [343] call_site: 0x4739fc, caller: 0x47346c, block_addr: 0x4739e8, key: -1
2025-06-21 04:55:52,406 [DEBUG] [344] call_site: 0x473a88, caller: 0x47346c, block_addr: 0x473a70, key: lan0_ipv6_ipaddr
2025-06-21 04:55:52,406 [DEBUG] [345] call_site: 0x473b8c, caller: 0x47346c, block_addr: 0x473b78, key: lan0_ipv6_autoconf_type
2025-06-21 04:55:52,406 [DEBUG] [346] call_site: 0x473bb0, caller: 0x47346c, block_addr: 0x473b94, key: lan0_ipv6_route_lifetime
2025-06-21 04:55:52,406 [DEBUG] [347] call_site: 0x473bd4, caller: 0x47346c, block_addr: 0x473bb8, key: lan0_ipv6_dhcp_start
2025-06-21 04:55:52,406 [DEBUG] [348] call_site: 0x473bf8, caller: 0x47346c, block_addr: 0x473bdc, key: lan0_ipv6_dhcp_end
2025-06-21 04:55:52,406 [DEBUG] [349] call_site: 0x473d30, caller: 0x47346c, block_addr: 0x473d1c, key: -1
2025-06-21 04:55:52,406 [DEBUG] [350] call_site: 0x473d74, caller: 0x47346c, block_addr: 0x473d60, key: -1
2025-06-21 04:55:52,406 [DEBUG] [351] call_site: 0x473db8, caller: 0x47346c, block_addr: 0x473da4, key: -1
2025-06-21 04:55:52,406 [DEBUG] [352] call_site: 0x473dfc, caller: 0x47346c, block_addr: 0x473de8, key: -1
2025-06-21 04:55:52,406 [DEBUG] [353] call_site: 0x473e40, caller: 0x47346c, block_addr: 0x473e2c, key: -1
2025-06-21 04:55:52,406 [DEBUG] [354] call_site: 0x473e84, caller: 0x47346c, block_addr: 0x473e70, key: -1
2025-06-21 04:55:52,407 [DEBUG] [355] call_site: 0x473f08, caller: 0x47346c, block_addr: 0x473ef4, key: -1
2025-06-21 04:55:52,407 [DEBUG] [356] call_site: 0x473f94, caller: 0x47346c, block_addr: 0x473f7c, key: lan0_ipv6_ipaddr
2025-06-21 04:55:52,407 [DEBUG] [357] call_site: 0x474098, caller: 0x47346c, block_addr: 0x474084, key: lan0_ipv6_autoconf_type
2025-06-21 04:55:52,407 [DEBUG] [358] call_site: 0x4740bc, caller: 0x47346c, block_addr: 0x4740a0, key: lan0_ipv6_route_lifetime
2025-06-21 04:55:52,407 [DEBUG] [359] call_site: 0x4740e0, caller: 0x47346c, block_addr: 0x4740c4, key: lan0_ipv6_dhcp_start
2025-06-21 04:55:52,407 [DEBUG] [360] call_site: 0x474104, caller: 0x47346c, block_addr: 0x4740e8, key: lan0_ipv6_dhcp_end
2025-06-21 04:55:52,407 [DEBUG] [361] call_site: 0x4762a4, caller: 0x4761cc, block_addr: 0x47627c, key: ntp_timezone
2025-06-21 04:55:52,407 [DEBUG] [362] call_site: 0x476590, caller: 0x4761cc, block_addr: 0x47657c, key: ntp_server
2025-06-21 04:55:52,407 [DEBUG] [363] call_site: 0x476640, caller: 0x4761cc, block_addr: 0x4765f8, key: ntpEnabled
2025-06-21 04:55:52,407 [DEBUG] [364] call_site: 0x47669c, caller: 0x4761cc, block_addr: 0x476688, key: ntp_timezone_num
2025-06-21 04:55:52,407 [DEBUG] [365] call_site: 0x4766cc, caller: 0x4761cc, block_addr: 0x4766b8, key: ntp_timezone_num
2025-06-21 04:55:52,407 [DEBUG] [366] call_site: 0x476700, caller: 0x4761cc, block_addr: 0x4766ec, key: ntp_DaylightSavingsUsed
2025-06-21 04:55:52,407 [DEBUG] [367] call_site: 0x476ab4, caller: 0x4768e0, block_addr: 0x476a98, key: ntp_timezone
2025-06-21 04:55:52,407 [DEBUG] [368] call_site: 0x4775e4, caller: 0x4773b0, block_addr: 0x4775cc, key: -1
2025-06-21 04:55:52,407 [DEBUG] [369] call_site: 0x478764, caller: 0x478530, block_addr: 0x47874c, key: -1
2025-06-21 04:55:52,407 [DEBUG] [370] call_site: 0x47a078, caller: 0x479f00, block_addr: 0x47a05c, key: lan0_dhcps_staticlist
2025-06-21 04:55:52,407 [DEBUG] [371] call_site: 0x47a844, caller: 0x47a754, block_addr: 0x47a7f4, key: lan0_dhcps_staticlist
2025-06-21 04:55:52,432 [DEBUG] [372] call_site: 0x47b76c, caller: 0x47acc8, block_addr: 0x47b754, key: lan0_dhcps_staticlist
2025-06-21 04:55:52,432 [DEBUG] [373] call_site: 0x47c504, caller: 0x47c110, block_addr: 0x47c4f0, key: lan0_dhcps_staticlist
2025-06-21 04:55:52,432 [DEBUG] [374] call_site: 0x47d34c, caller: 0x47ccb8, block_addr: 0x47d2fc, key: hw_version
2025-06-21 04:55:52,432 [DEBUG] [375] call_site: 0x47d3c0, caller: 0x47ccb8, block_addr: 0x47d378, key: model_name
2025-06-21 04:55:52,432 [DEBUG] [376] call_site: 0x47db80, caller: 0x47d940, block_addr: 0x47db68, key: lan0_dhcps_staticlist
2025-06-21 04:55:52,432 [DEBUG] [377] call_site: 0x480824, caller: 0x480700, block_addr: 0x480810, key: -1
2025-06-21 04:55:52,432 [DEBUG] [378] call_site: 0x482680, caller: 0x4823ac, block_addr: 0x48266c, key: -1
2025-06-21 04:55:52,432 [DEBUG] [379] call_site: 0x482730, caller: 0x4823ac, block_addr: 0x48271c, key: -1
2025-06-21 04:55:52,432 [DEBUG] [380] call_site: 0x4827a4, caller: 0x4823ac, block_addr: 0x482790, key: -1
2025-06-21 04:55:52,432 [DEBUG] [381] call_site: 0x4828a8, caller: 0x4823ac, block_addr: 0x482894, key: -1
2025-06-21 04:55:52,432 [DEBUG] [382] call_site: 0x482a38, caller: 0x4823ac, block_addr: 0x482a24, key: -1
2025-06-21 04:55:52,432 [DEBUG] [383] call_site: 0x482bc8, caller: 0x4823ac, block_addr: 0x482bb4, key: -1
2025-06-21 04:55:52,432 [DEBUG] [384] call_site: 0x4833f0, caller: 0x4832e4, block_addr: 0x4833c8, key: quickVPN_PSK
2025-06-21 04:55:52,433 [DEBUG] [385] call_site: 0x4834fc, caller: 0x4832e4, block_addr: 0x4834e8, key: -1
2025-06-21 04:55:52,433 [DEBUG] [386] call_site: 0x483588, caller: 0x4832e4, block_addr: 0x483574, key: -1
2025-06-21 04:55:52,433 [DEBUG] [387] call_site: 0x4835fc, caller: 0x4832e4, block_addr: 0x4835e8, key: -1
2025-06-21 04:55:52,433 [DEBUG] [388] call_site: 0x4848e0, caller: 0x4832e4, block_addr: 0x4848a4, key: model_name
2025-06-21 04:55:52,433 [DEBUG] [389] call_site: 0x4850fc, caller: 0x4832e4, block_addr: 0x485010, key: model_name
2025-06-21 04:55:52,433 [DEBUG] [390] call_site: 0x485f1c, caller: 0x485ea0, block_addr: 0x485f00, key: DLNA_DeviceName
2025-06-21 04:55:52,433 [INFO] [+] Analysis for call sites of nvram_safe_get completed in 0.14 seconds.
2025-06-21 04:55:52,528 [INFO] Initializing angr Project/CFG for '/home/firmware/Current_dataset/D-Link/DIR-878/cpio-root/bin/rc'...
2025-06-21 04:58:22,671 [INFO] Successfully initialized angr Project/CFG for '/home/firmware/Current_dataset/D-Link/DIR-878/cpio-root/bin/rc' in 150.14s
2025-06-21 04:58:22,934 [INFO] [Fast] Extraction success rate for 'nvram_safe_get' = 57.89%
2025-06-21 04:58:22,934 [DEBUG] [1] call_site: 0x4039d4, caller: 0x4038c4, block_addr: 0x4039bc, key: auto_bridge_action
2025-06-21 04:58:22,935 [DEBUG] [2] call_site: 0x403bec, caller: 0x4038c4, block_addr: 0x403bd8, key: landevs
2025-06-21 04:58:22,935 [DEBUG] [3] call_site: 0x403c20, caller: 0x4038c4, block_addr: 0x403c0c, key: wandevs
2025-06-21 04:58:22,935 [DEBUG] [4] call_site: 0x4041a0, caller: 0x404170, block_addr: 0x404170, key: lan1_ifnames
2025-06-21 04:58:22,935 [DEBUG] [5] call_site: 0x4044e8, caller: 0x404170, block_addr: 0x4044d4, key: lan1_ipaddr
2025-06-21 04:58:22,935 [DEBUG] [6] call_site: 0x404510, caller: 0x404170, block_addr: 0x4044fc, key: lan1_ipaddr
2025-06-21 04:58:22,935 [DEBUG] [7] call_site: 0x4046e0, caller: 0x404170, block_addr: 0x4046c8, key: -1
2025-06-21 04:58:22,935 [DEBUG] [8] call_site: 0x40472c, caller: 0x404170, block_addr: 0x404718, key: -1
2025-06-21 04:58:22,935 [DEBUG] [9] call_site: 0x4047a4, caller: 0x404170, block_addr: 0x40478c, key: -1
2025-06-21 04:58:22,935 [DEBUG] [10] call_site: 0x4047f0, caller: 0x404170, block_addr: 0x4047dc, key: -1
2025-06-21 04:58:22,935 [DEBUG] [11] call_site: 0x404938, caller: 0x404900, block_addr: 0x404900, key: restore_defaults
2025-06-21 04:58:22,935 [DEBUG] [12] call_site: 0x404abc, caller: 0x4049f4, block_addr: 0x404aa8, key: -1
2025-06-21 04:58:22,935 [DEBUG] [13] call_site: 0x404c58, caller: 0x404c30, block_addr: 0x404c30, key: timer_interval
2025-06-21 04:58:22,935 [DEBUG] [14] call_site: 0x404d84, caller: 0x404c30, block_addr: 0x404d64, key: stats_server
2025-06-21 04:58:22,935 [DEBUG] [15] call_site: 0x404f50, caller: 0x404e18, block_addr: 0x404f3c, key: time_zone
2025-06-21 04:58:22,935 [DEBUG] [16] call_site: 0x406034, caller: 0x405f50, block_addr: 0x40601c, key: console_pwd
2025-06-21 04:58:22,936 [DEBUG] [17] call_site: 0x407700, caller: 0x4076d0, block_addr: 0x4076d0, key: factory_mode
2025-06-21 04:58:22,936 [DEBUG] [18] call_site: 0x408a70, caller: 0x4079a4, block_addr: 0x408a58, key: console_loglevel
2025-06-21 04:58:22,936 [DEBUG] [19] call_site: 0x408d1c, caller: 0x408c54, block_addr: 0x408d04, key: wan_wan0_proto
2025-06-21 04:58:22,936 [DEBUG] [20] call_site: 0x408de0, caller: 0x408c54, block_addr: 0x408dc8, key: wan_wan0_ifname
2025-06-21 04:58:22,936 [DEBUG] [21] call_site: 0x408e54, caller: 0x408e20, block_addr: 0x408e20, key: wan_wan0_proto
2025-06-21 04:58:22,936 [DEBUG] [22] call_site: 0x408ed0, caller: 0x408e20, block_addr: 0x408ebc, key: wan_wan0_vpn_idletime
2025-06-21 04:58:22,936 [DEBUG] [23] call_site: 0x408f1c, caller: 0x408e20, block_addr: 0x408f08, key: wan_wan0_vpn_autoreconn
2025-06-21 04:58:22,936 [DEBUG] [24] call_site: 0x408fa4, caller: 0x408e20, block_addr: 0x408f90, key: wan_wan0_pppoe_idletime
2025-06-21 04:58:22,936 [DEBUG] [25] call_site: 0x408ff0, caller: 0x408e20, block_addr: 0x408fdc, key: wan_wan0_pppoe_autoreconn
2025-06-21 04:58:22,936 [DEBUG] [26] call_site: 0x40ad84, caller: 0x40ac68, block_addr: 0x40ad6c, key: -1
2025-06-21 04:58:22,936 [DEBUG] [27] call_site: 0x40adec, caller: 0x40ac68, block_addr: 0x40add4, key: -1
2025-06-21 04:58:22,936 [DEBUG] [28] call_site: 0x40b0d0, caller: 0x40ac68, block_addr: 0x40b0b8, key: -1
2025-06-21 04:58:22,936 [DEBUG] [29] call_site: 0x40b360, caller: 0x40b2f8, block_addr: 0x40b348, key: -1
2025-06-21 04:58:22,936 [DEBUG] [30] call_site: 0x40b684, caller: 0x40b59c, block_addr: 0x40b670, key: -1
2025-06-21 04:58:22,936 [DEBUG] [31] call_site: 0x40b730, caller: 0x40b6e0, block_addr: 0x40b71c, key: -1
2025-06-21 04:58:22,936 [DEBUG] [32] call_site: 0x40b76c, caller: 0x40b6e0, block_addr: 0x40b758, key: -1
2025-06-21 04:58:22,937 [DEBUG] [33] call_site: 0x40bc4c, caller: 0x40bbfc, block_addr: 0x40bc38, key: -1
2025-06-21 04:58:22,937 [DEBUG] [34] call_site: 0x40bc88, caller: 0x40bbfc, block_addr: 0x40bc74, key: -1
2025-06-21 04:58:22,937 [DEBUG] [35] call_site: 0x40c2b8, caller: 0x40c258, block_addr: 0x40c2a4, key: wl_wme
2025-06-21 04:58:22,937 [DEBUG] [36] call_site: 0x40c93c, caller: 0x40c8f4, block_addr: 0x40c928, key: -1
2025-06-21 04:58:22,937 [DEBUG] [37] call_site: 0x40c9d4, caller: 0x40c974, block_addr: 0x40c9bc, key: -1
2025-06-21 04:58:22,937 [DEBUG] [38] call_site: 0x40cda8, caller: 0x40cd0c, block_addr: 0x40cd88, key: lan_ipaddr
2025-06-21 04:58:22,937 [DEBUG] [39] call_site: 0x40cdcc, caller: 0x40cd0c, block_addr: 0x40cdb0, key: usb_share_host
2025-06-21 04:58:22,937 [DEBUG] [40] call_site: 0x40d1d0, caller: 0x40d084, block_addr: 0x40d1bc, key: -1
2025-06-21 04:58:22,937 [DEBUG] [41] call_site: 0x40d244, caller: 0x40d084, block_addr: 0x40d230, key: -1
2025-06-21 04:58:22,937 [DEBUG] [42] call_site: 0x40d2b8, caller: 0x40d084, block_addr: 0x40d2a4, key: -1
2025-06-21 04:58:22,937 [DEBUG] [43] call_site: 0x40d594, caller: 0x40d41c, block_addr: 0x40d580, key: -1
2025-06-21 04:58:22,937 [DEBUG] [44] call_site: 0x40d7f0, caller: 0x40d648, block_addr: 0x40d7dc, key: -1
2025-06-21 04:58:22,937 [DEBUG] [45] call_site: 0x40d864, caller: 0x40d648, block_addr: 0x40d850, key: -1
2025-06-21 04:58:22,937 [DEBUG] [46] call_site: 0x40d8d8, caller: 0x40d648, block_addr: 0x40d8c4, key: -1
2025-06-21 04:58:22,937 [DEBUG] [47] call_site: 0x40d94c, caller: 0x40d648, block_addr: 0x40d938, key: -1
2025-06-21 04:58:22,938 [DEBUG] [48] call_site: 0x40deb8, caller: 0x40dd20, block_addr: 0x40dea4, key: -1
2025-06-21 04:58:22,938 [DEBUG] [49] call_site: 0x40df74, caller: 0x40dd20, block_addr: 0x40df60, key: -1
2025-06-21 04:58:22,938 [DEBUG] [50] call_site: 0x40e350, caller: 0x40e324, block_addr: 0x40e324, key: lan_ifname
2025-06-21 04:58:22,938 [DEBUG] [51] call_site: 0x40e3e0, caller: 0x40e324, block_addr: 0x40e3c0, key: wan0_ifname
2025-06-21 04:58:22,938 [DEBUG] [52] call_site: 0x40e474, caller: 0x40e324, block_addr: 0x40e460, key: lan_ifnames
2025-06-21 04:58:22,938 [DEBUG] [53] call_site: 0x40e498, caller: 0x40e324, block_addr: 0x40e47c, key: lan_ifnames
2025-06-21 04:58:22,938 [DEBUG] [54] call_site: 0x40e6dc, caller: 0x40e324, block_addr: 0x40e6c8, key: lan_ifname
2025-06-21 04:58:22,938 [DEBUG] [55] call_site: 0x40e700, caller: 0x40e324, block_addr: 0x40e6e4, key: lan_ifnames
2025-06-21 04:58:22,938 [DEBUG] [56] call_site: 0x40e760, caller: 0x40e324, block_addr: 0x40e748, key: -1
2025-06-21 04:58:22,938 [DEBUG] [57] call_site: 0x40e7b8, caller: 0x40e324, block_addr: 0x40e7a0, key: -1
2025-06-21 04:58:22,938 [DEBUG] [58] call_site: 0x40f0dc, caller: 0x40ef5c, block_addr: 0x40f0c8, key: -1
2025-06-21 04:58:22,938 [DEBUG] [59] call_site: 0x40f120, caller: 0x40ef5c, block_addr: 0x40f10c, key: -1
2025-06-21 04:58:22,938 [DEBUG] [60] call_site: 0x40f534, caller: 0x40f43c, block_addr: 0x40f518, key: lan0_ipv6_prefix_length
2025-06-21 04:58:22,938 [DEBUG] [61] call_site: 0x40f5f8, caller: 0x40f43c, block_addr: 0x40f59c, key: lan0_ifname
2025-06-21 04:58:22,938 [DEBUG] [62] call_site: 0x40f69c, caller: 0x40f674, block_addr: 0x40f674, key: lan0_ifname
2025-06-21 04:58:22,939 [DEBUG] [63] call_site: 0x40f850, caller: 0x40f674, block_addr: 0x40f83c, key: lan0_ipv6_ula_defprefix
2025-06-21 04:58:22,939 [DEBUG] [64] call_site: 0x40f894, caller: 0x40f674, block_addr: 0x40f87c, key: lan0_ipv6_ula_defprefix
2025-06-21 04:58:22,939 [DEBUG] [65] call_site: 0x40f95c, caller: 0x40f674, block_addr: 0x40f948, key: lan0_ipv6_ula_prefix
2025-06-21 04:58:22,939 [DEBUG] [66] call_site: 0x40f9a0, caller: 0x40f674, block_addr: 0x40f988, key: lan0_ipv6_ula_prefix_length
2025-06-21 04:58:22,939 [DEBUG] [67] call_site: 0x40fb10, caller: 0x40fae8, block_addr: 0x40fae8, key: lan0_ifname
2025-06-21 04:58:22,939 [DEBUG] [68] call_site: 0x40ff44, caller: 0x40fd64, block_addr: 0x40ff30, key: -1
2025-06-21 04:58:22,939 [DEBUG] [69] call_site: 0x40ffac, caller: 0x40fd64, block_addr: 0x40ff98, key: -1
2025-06-21 04:58:22,939 [DEBUG] [70] call_site: 0x4101ec, caller: 0x40fd64, block_addr: 0x4101d8, key: -1
2025-06-21 04:58:22,939 [DEBUG] [71] call_site: 0x410288, caller: 0x40fd64, block_addr: 0x410274, key: -1
2025-06-21 04:58:22,939 [DEBUG] [72] call_site: 0x41058c, caller: 0x40fd64, block_addr: 0x410578, key: -1
2025-06-21 04:58:22,939 [DEBUG] [73] call_site: 0x4105f0, caller: 0x40fd64, block_addr: 0x4105dc, key: -1
2025-06-21 04:58:22,939 [DEBUG] [74] call_site: 0x410830, caller: 0x40fd64, block_addr: 0x41081c, key: -1
2025-06-21 04:58:22,939 [DEBUG] [75] call_site: 0x4108cc, caller: 0x40fd64, block_addr: 0x4108b8, key: -1
2025-06-21 04:58:22,939 [DEBUG] [76] call_site: 0x410bd0, caller: 0x40fd64, block_addr: 0x410bbc, key: -1
2025-06-21 04:58:22,939 [DEBUG] [77] call_site: 0x410c94, caller: 0x40fd64, block_addr: 0x410c80, key: -1
2025-06-21 04:58:22,939 [DEBUG] [78] call_site: 0x410cd8, caller: 0x40fd64, block_addr: 0x410cc4, key: -1
2025-06-21 04:58:22,940 [DEBUG] [79] call_site: 0x411354, caller: 0x411324, block_addr: 0x411324, key: wan_wan_ifnames
2025-06-21 04:58:22,940 [DEBUG] [80] call_site: 0x411378, caller: 0x411324, block_addr: 0x41135c, key: wan_wan_ifnames
2025-06-21 04:58:22,940 [DEBUG] [81] call_site: 0x411608, caller: 0x411590, block_addr: 0x4115ec, key: wan_wan0_vpn_server
2025-06-21 04:58:22,940 [DEBUG] [82] call_site: 0x411654, caller: 0x411590, block_addr: 0x411634, key: wan_wan0_vpn_static
2025-06-21 04:58:22,940 [DEBUG] [83] call_site: 0x4116a0, caller: 0x411590, block_addr: 0x411680, key: wan_wan0_vpn_client
2025-06-21 04:58:22,940 [DEBUG] [84] call_site: 0x4116ec, caller: 0x411590, block_addr: 0x4116cc, key: wan_wan0_vpn_netmask
2025-06-21 04:58:22,940 [DEBUG] [85] call_site: 0x411738, caller: 0x411590, block_addr: 0x411718, key: wan_wan0_vpn_gateway
2025-06-21 04:58:22,940 [DEBUG] [86] call_site: 0x411784, caller: 0x411590, block_addr: 0x411764, key: wan_wan0_vpn_dns
2025-06-21 04:58:22,940 [DEBUG] [87] call_site: 0x4117d0, caller: 0x411590, block_addr: 0x4117b0, key: wan_pptp_dns1
2025-06-21 04:58:22,940 [DEBUG] [88] call_site: 0x41181c, caller: 0x411590, block_addr: 0x4117fc, key: wan_pptp_dns2
2025-06-21 04:58:22,940 [DEBUG] [89] call_site: 0x411868, caller: 0x411590, block_addr: 0x411848, key: wan_wan0_vpn_username
2025-06-21 04:58:22,940 [DEBUG] [90] call_site: 0x4118b4, caller: 0x411590, block_addr: 0x411894, key: wan_wan0_vpn_passwd
2025-06-21 04:58:22,940 [DEBUG] [91] call_site: 0x411900, caller: 0x411590, block_addr: 0x4118e0, key: wan_wan0_vpn_demand
2025-06-21 04:58:22,940 [DEBUG] [92] call_site: 0x41194c, caller: 0x411590, block_addr: 0x41192c, key: wan_wan0_vpn_idletime
2025-06-21 04:58:22,940 [DEBUG] [93] call_site: 0x411998, caller: 0x411590, block_addr: 0x411978, key: wan_wan0_vpn_redialtime
2025-06-21 04:58:22,940 [DEBUG] [94] call_site: 0x4119e4, caller: 0x411590, block_addr: 0x4119c4, key: wan_wan0_vpn_mtu
2025-06-21 04:58:22,941 [DEBUG] [95] call_site: 0x411a30, caller: 0x411590, block_addr: 0x411a10, key: wan_wan0_vpn_mru
2025-06-21 04:58:22,941 [DEBUG] [96] call_site: 0x411b08, caller: 0x411a90, block_addr: 0x411aec, key: wan_wan0_vpn_client
2025-06-21 04:58:22,941 [DEBUG] [97] call_site: 0x411b54, caller: 0x411a90, block_addr: 0x411b34, key: wan_wan0_vpn_netmask
2025-06-21 04:58:22,941 [DEBUG] [98] call_site: 0x411ba0, caller: 0x411a90, block_addr: 0x411b80, key: wan_wan0_vpn_gateway
2025-06-21 04:58:22,941 [DEBUG] [99] call_site: 0x411bec, caller: 0x411a90, block_addr: 0x411bcc, key: wan_wan0_vpn_static
2025-06-21 04:58:22,941 [DEBUG] [100] call_site: 0x411c38, caller: 0x411a90, block_addr: 0x411c18, key: wan_wan0_vpn_ifname 
2025-06-21 04:58:22,941 [DEBUG] [101] call_site: 0x411c84, caller: 0x411a90, block_addr: 0x411c64, key: wan_wan0_vpn_username
2025-06-21 04:58:22,941 [DEBUG] [102] call_site: 0x411cd0, caller: 0x411a90, block_addr: 0x411cb0, key: wan_wan0_vpn_passwd
2025-06-21 04:58:22,941 [DEBUG] [103] call_site: 0x411d1c, caller: 0x411a90, block_addr: 0x411cfc, key: wan_wan0_vpn_demand
2025-06-21 04:58:22,941 [DEBUG] [104] call_site: 0x411d68, caller: 0x411a90, block_addr: 0x411d48, key: wan_wan0_vpn_idletime
2025-06-21 04:58:22,941 [DEBUG] [105] call_site: 0x411db4, caller: 0x411a90, block_addr: 0x411d94, key: wan_wan0_vpn_mtu
2025-06-21 04:58:22,941 [DEBUG] [106] call_site: 0x411e00, caller: 0x411a90, block_addr: 0x411de0, key: wan_wan0_vpn_mru
2025-06-21 04:58:22,941 [DEBUG] [107] call_site: 0x411e4c, caller: 0x411a90, block_addr: 0x411e2c, key: wan_wan0_vpn_server
2025-06-21 04:58:22,941 [DEBUG] [108] call_site: 0x411e98, caller: 0x411a90, block_addr: 0x411e78, key: wan_wan0_vpn_dns
2025-06-21 04:58:22,941 [DEBUG] [109] call_site: 0x411ee4, caller: 0x411a90, block_addr: 0x411ec4, key: wan_wan0_vpn_dns1
2025-06-21 04:58:22,941 [DEBUG] [110] call_site: 0x411f30, caller: 0x411a90, block_addr: 0x411f10, key: wan_wan0_vpn_dns2
2025-06-21 04:58:22,942 [DEBUG] [111] call_site: 0x411f7c, caller: 0x411a90, block_addr: 0x411f5c, key: wan_wan0_vpn_keepalive
2025-06-21 04:58:22,942 [DEBUG] [112] call_site: 0x413a18, caller: 0x413960, block_addr: 0x413a04, key: -1
2025-06-21 04:58:22,942 [DEBUG] [113] call_site: 0x413a5c, caller: 0x413960, block_addr: 0x413a48, key: -1
2025-06-21 04:58:22,942 [DEBUG] [114] call_site: 0x413aa0, caller: 0x413960, block_addr: 0x413a8c, key: -1
2025-06-21 04:58:22,942 [DEBUG] [115] call_site: 0x413ba4, caller: 0x413960, block_addr: 0x413b88, key: wan_wan0_ifname
2025-06-21 04:58:22,942 [DEBUG] [116] call_site: 0x413d54, caller: 0x413c30, block_addr: 0x413d40, key: -1
2025-06-21 04:58:22,942 [DEBUG] [117] call_site: 0x413d98, caller: 0x413c30, block_addr: 0x413d84, key: -1
2025-06-21 04:58:22,942 [DEBUG] [118] call_site: 0x413ddc, caller: 0x413c30, block_addr: 0x413dc8, key: -1
2025-06-21 04:58:22,942 [DEBUG] [119] call_site: 0x413e20, caller: 0x413c30, block_addr: 0x413e0c, key: -1
2025-06-21 04:58:22,942 [DEBUG] [120] call_site: 0x413e64, caller: 0x413c30, block_addr: 0x413e50, key: -1
2025-06-21 04:58:22,942 [DEBUG] [121] call_site: 0x413f90, caller: 0x413c30, block_addr: 0x413f70, key: wan_wan0_ifname
2025-06-21 04:58:22,942 [DEBUG] [122] call_site: 0x414104, caller: 0x413c30, block_addr: 0x4140f0, key: -1
2025-06-21 04:58:22,942 [DEBUG] [123] call_site: 0x414458, caller: 0x413c30, block_addr: 0x41443c, key: wan_wan0_ifname
2025-06-21 04:58:22,942 [DEBUG] [124] call_site: 0x414a30, caller: 0x413c30, block_addr: 0x414a14, key: wan_wan0_ifname
2025-06-21 04:58:22,942 [DEBUG] [125] call_site: 0x414ad0, caller: 0x413c30, block_addr: 0x414ab4, key: wan_wan0_ifname
2025-06-21 04:58:22,943 [DEBUG] [126] call_site: 0x414ec4, caller: 0x414c3c, block_addr: 0x414eb0, key: -1
2025-06-21 04:58:22,943 [DEBUG] [127] call_site: 0x415048, caller: 0x414c3c, block_addr: 0x415034, key: -1
2025-06-21 04:58:22,943 [DEBUG] [128] call_site: 0x415750, caller: 0x41547c, block_addr: 0x41573c, key: -1
2025-06-21 04:58:22,943 [DEBUG] [129] call_site: 0x415864, caller: 0x41547c, block_addr: 0x415850, key: -1
2025-06-21 04:58:22,943 [DEBUG] [130] call_site: 0x415cd0, caller: 0x41547c, block_addr: 0x415cbc, key: -1
2025-06-21 04:58:22,943 [DEBUG] [131] call_site: 0x415e7c, caller: 0x41547c, block_addr: 0x415e68, key: -1
2025-06-21 04:58:22,943 [DEBUG] [132] call_site: 0x416114, caller: 0x41547c, block_addr: 0x416100, key: -1
2025-06-21 04:58:22,943 [DEBUG] [133] call_site: 0x4162ac, caller: 0x41547c, block_addr: 0x416298, key: -1
2025-06-21 04:58:22,943 [DEBUG] [134] call_site: 0x4164c4, caller: 0x41547c, block_addr: 0x4164b0, key: -1
2025-06-21 04:58:22,943 [DEBUG] [135] call_site: 0x4165b0, caller: 0x41547c, block_addr: 0x41659c, key: -1
2025-06-21 04:58:22,943 [DEBUG] [136] call_site: 0x41664c, caller: 0x41547c, block_addr: 0x416638, key: -1
2025-06-21 04:58:22,943 [DEBUG] [137] call_site: 0x4166e8, caller: 0x41547c, block_addr: 0x4166d4, key: -1
2025-06-21 04:58:22,943 [DEBUG] [138] call_site: 0x416814, caller: 0x41547c, block_addr: 0x416800, key: -1
2025-06-21 04:58:22,943 [DEBUG] [139] call_site: 0x4168b0, caller: 0x41547c, block_addr: 0x41689c, key: -1
2025-06-21 04:58:22,943 [DEBUG] [140] call_site: 0x416abc, caller: 0x41547c, block_addr: 0x416aa8, key: -1
2025-06-21 04:58:22,944 [DEBUG] [141] call_site: 0x416b58, caller: 0x41547c, block_addr: 0x416b44, key: -1
2025-06-21 04:58:22,944 [DEBUG] [142] call_site: 0x416ec8, caller: 0x41547c, block_addr: 0x416eb4, key: -1
2025-06-21 04:58:22,944 [DEBUG] [143] call_site: 0x416f24, caller: 0x41547c, block_addr: 0x416f10, key: -1
2025-06-21 04:58:22,944 [DEBUG] [144] call_site: 0x417208, caller: 0x41547c, block_addr: 0x4171f4, key: -1
2025-06-21 04:58:22,944 [DEBUG] [145] call_site: 0x41792c, caller: 0x417804, block_addr: 0x417914, key: WorkMode
2025-06-21 04:58:22,944 [DEBUG] [146] call_site: 0x417a00, caller: 0x417804, block_addr: 0x4179e8, key: wan_wan0_status
2025-06-21 04:58:22,944 [DEBUG] [147] call_site: 0x417adc, caller: 0x417804, block_addr: 0x417ac8, key: wan_wan0_ifname
2025-06-21 04:58:22,944 [DEBUG] [148] call_site: 0x417b00, caller: 0x417804, block_addr: 0x417ae4, key: lan0_ifname
2025-06-21 04:58:22,944 [DEBUG] [149] call_site: 0x417cd8, caller: 0x417804, block_addr: 0x417cc0, key: wan_wan_count
2025-06-21 04:58:22,944 [DEBUG] [150] call_site: 0x417e0c, caller: 0x417804, block_addr: 0x417df8, key: -1
2025-06-21 04:58:22,944 [DEBUG] [151] call_site: 0x417e84, caller: 0x417804, block_addr: 0x417e70, key: -1
2025-06-21 04:58:22,944 [DEBUG] [152] call_site: 0x417ed8, caller: 0x417804, block_addr: 0x417ec4, key: -1
2025-06-21 04:58:22,944 [DEBUG] [153] call_site: 0x4182b0, caller: 0x417804, block_addr: 0x41829c, key: -1
2025-06-21 04:58:22,944 [DEBUG] [154] call_site: 0x41831c, caller: 0x417804, block_addr: 0x418308, key: -1
2025-06-21 04:58:22,944 [DEBUG] [155] call_site: 0x41838c, caller: 0x417804, block_addr: 0x418378, key: -1
2025-06-21 04:58:22,944 [DEBUG] [156] call_site: 0x4183f8, caller: 0x417804, block_addr: 0x4183e4, key: -1
2025-06-21 04:58:22,945 [DEBUG] [157] call_site: 0x4184c0, caller: 0x417804, block_addr: 0x4184ac, key: -1
2025-06-21 04:58:22,945 [DEBUG] [158] call_site: 0x41857c, caller: 0x417804, block_addr: 0x418568, key: -1
2025-06-21 04:58:22,945 [DEBUG] [159] call_site: 0x4186e0, caller: 0x417804, block_addr: 0x4186cc, key: -1
2025-06-21 04:58:22,945 [DEBUG] [160] call_site: 0x4188d8, caller: 0x417804, block_addr: 0x4188c4, key: wan_wan0_pppoe_demand
2025-06-21 04:58:22,945 [DEBUG] [161] call_site: 0x418924, caller: 0x417804, block_addr: 0x418910, key: wan_wan0_pppoe_autoreconn
2025-06-21 04:58:22,945 [DEBUG] [162] call_site: 0x418970, caller: 0x417804, block_addr: 0x41895c, key: wan_wan0_pppoe_manual_action
2025-06-21 04:58:22,945 [DEBUG] [163] call_site: 0x418a34, caller: 0x417804, block_addr: 0x418a20, key: wan_wan0_pppoe_DualAccessEn
2025-06-21 04:58:22,945 [DEBUG] [164] call_site: 0x418d3c, caller: 0x417804, block_addr: 0x418d28, key: -1
2025-06-21 04:58:22,945 [DEBUG] [165] call_site: 0x418da8, caller: 0x417804, block_addr: 0x418d94, key: -1
2025-06-21 04:58:22,945 [DEBUG] [166] call_site: 0x418e44, caller: 0x417804, block_addr: 0x418e30, key: -1
2025-06-21 04:58:22,945 [DEBUG] [167] call_site: 0x418ee0, caller: 0x417804, block_addr: 0x418ecc, key: -1
2025-06-21 04:58:22,945 [DEBUG] [168] call_site: 0x41900c, caller: 0x417804, block_addr: 0x418ff8, key: -1
2025-06-21 04:58:22,945 [DEBUG] [169] call_site: 0x4190a8, caller: 0x417804, block_addr: 0x419094, key: -1
2025-06-21 04:58:22,945 [DEBUG] [170] call_site: 0x4192e4, caller: 0x417804, block_addr: 0x4192d0, key: -1
2025-06-21 04:58:22,945 [DEBUG] [171] call_site: 0x419380, caller: 0x417804, block_addr: 0x41936c, key: -1
2025-06-21 04:58:22,945 [DEBUG] [172] call_site: 0x419950, caller: 0x417804, block_addr: 0x41993c, key: -1
2025-06-21 04:58:22,946 [DEBUG] [173] call_site: 0x419a88, caller: 0x417804, block_addr: 0x419a74, key: -1
2025-06-21 04:58:22,946 [DEBUG] [174] call_site: 0x419cb0, caller: 0x417804, block_addr: 0x419c9c, key: -1
2025-06-21 04:58:22,946 [DEBUG] [175] call_site: 0x419e20, caller: 0x417804, block_addr: 0x419e0c, key: wan_wan0_mtu
2025-06-21 04:58:22,946 [DEBUG] [176] call_site: 0x419e50, caller: 0x417804, block_addr: 0x419e3c, key: wan_wan0_mtu
2025-06-21 04:58:22,946 [DEBUG] [177] call_site: 0x419eb8, caller: 0x417804, block_addr: 0x419e80, key: wan_wan0_mtu
2025-06-21 04:58:22,946 [DEBUG] [178] call_site: 0x419f30, caller: 0x417804, block_addr: 0x419f1c, key: -1
2025-06-21 04:58:22,946 [DEBUG] [179] call_site: 0x41a1a0, caller: 0x417804, block_addr: 0x41a180, key: lan0_ifname
2025-06-21 04:58:22,946 [DEBUG] [180] call_site: 0x41a24c, caller: 0x417804, block_addr: 0x41a238, key: wan_wan0_mtu
2025-06-21 04:58:22,946 [DEBUG] [181] call_site: 0x41a27c, caller: 0x417804, block_addr: 0x41a268, key: wan_wan0_mtu
2025-06-21 04:58:22,946 [DEBUG] [182] call_site: 0x41a2e4, caller: 0x417804, block_addr: 0x41a2ac, key: wan_wan0_mtu
2025-06-21 04:58:22,946 [DEBUG] [183] call_site: 0x41a3a8, caller: 0x417804, block_addr: 0x41a394, key: -1
2025-06-21 04:58:22,946 [DEBUG] [184] call_site: 0x41a3ec, caller: 0x417804, block_addr: 0x41a3d8, key: -1
2025-06-21 04:58:22,946 [DEBUG] [185] call_site: 0x41a44c, caller: 0x417804, block_addr: 0x41a42c, key: lan0_ifname
2025-06-21 04:58:22,946 [DEBUG] [186] call_site: 0x41a504, caller: 0x417804, block_addr: 0x41a4ec, key: wan_wan0_vpn_demand
2025-06-21 04:58:22,946 [DEBUG] [187] call_site: 0x41a550, caller: 0x417804, block_addr: 0x41a53c, key: wan_wan0_vpn_autoreconn
2025-06-21 04:58:22,946 [DEBUG] [188] call_site: 0x41a59c, caller: 0x417804, block_addr: 0x41a588, key: wan_wan0_vpn_manual_action
2025-06-21 04:58:22,947 [DEBUG] [189] call_site: 0x41a64c, caller: 0x417804, block_addr: 0x41a638, key: wan_wan0_vpn_basicconn
2025-06-21 04:58:22,947 [DEBUG] [190] call_site: 0x41a80c, caller: 0x417804, block_addr: 0x41a7ec, key: wan_wan0_vpn_username
2025-06-21 04:58:22,947 [DEBUG] [191] call_site: 0x41a830, caller: 0x417804, block_addr: 0x41a814, key: wan_wan0_vpn_passwd
2025-06-21 04:58:22,947 [DEBUG] [192] call_site: 0x41a8a4, caller: 0x417804, block_addr: 0x41a884, key: wan_wan0_vpn_username
2025-06-21 04:58:22,947 [DEBUG] [193] call_site: 0x41a8c8, caller: 0x417804, block_addr: 0x41a8ac, key: wan_wan0_vpn_passwd
2025-06-21 04:58:22,947 [DEBUG] [194] call_site: 0x41aba0, caller: 0x417804, block_addr: 0x41ab80, key: wan_wan0_vpn_username
2025-06-21 04:58:22,947 [DEBUG] [195] call_site: 0x41abec, caller: 0x417804, block_addr: 0x41abcc, key: wan_wan0_vpn_passwd
2025-06-21 04:58:22,947 [DEBUG] [196] call_site: 0x41ad20, caller: 0x417804, block_addr: 0x41ad08, key: wan_wan0_vpn_demand
2025-06-21 04:58:22,947 [DEBUG] [197] call_site: 0x41ad94, caller: 0x417804, block_addr: 0x41ad7c, key: wan_wan0_vpn_redialtime
2025-06-21 04:58:22,947 [DEBUG] [198] call_site: 0x41ade0, caller: 0x417804, block_addr: 0x41adc4, key: wan_wan0_vpn_redialtime
2025-06-21 04:58:22,947 [DEBUG] [199] call_site: 0x41ae64, caller: 0x417804, block_addr: 0x41ae44, key: wan_wan0_vpn_idletime
2025-06-21 04:58:22,947 [DEBUG] [200] call_site: 0x41b07c, caller: 0x417804, block_addr: 0x41b05c, key: wan_wan0_vpn_mtu
2025-06-21 04:58:22,947 [DEBUG] [201] call_site: 0x41b0c8, caller: 0x417804, block_addr: 0x41b0a8, key: wan_wan0_vpn_mru
2025-06-21 04:58:22,947 [DEBUG] [202] call_site: 0x41b19c, caller: 0x417804, block_addr: 0x41b180, key: pptp_last_tunnel_id
2025-06-21 04:58:22,947 [DEBUG] [203] call_site: 0x41b2f4, caller: 0x417804, block_addr: 0x41b2e0, key: -1
2025-06-21 04:58:22,948 [DEBUG] [204] call_site: 0x41b318, caller: 0x417804, block_addr: 0x41b2fc, key: wan_wan0_vpn_demand
2025-06-21 04:58:22,948 [DEBUG] [205] call_site: 0x41b518, caller: 0x417804, block_addr: 0x41b504, key: -1
2025-06-21 04:58:22,948 [DEBUG] [206] call_site: 0x41b6bc, caller: 0x417804, block_addr: 0x41b6a4, key: wan_wan0_vpn_demand
2025-06-21 04:58:22,948 [DEBUG] [207] call_site: 0x41b708, caller: 0x417804, block_addr: 0x41b6f4, key: wan_wan0_vpn_autoreconn
2025-06-21 04:58:22,948 [DEBUG] [208] call_site: 0x41b754, caller: 0x417804, block_addr: 0x41b740, key: wan_wan0_vpn_manual_action
2025-06-21 04:58:22,948 [DEBUG] [209] call_site: 0x41b804, caller: 0x417804, block_addr: 0x41b7f0, key: wan_wan0_vpn_basicconn
2025-06-21 04:58:22,948 [DEBUG] [210] call_site: 0x41b9fc, caller: 0x417804, block_addr: 0x41b9dc, key: wan_wan0_vpn_username
2025-06-21 04:58:22,948 [DEBUG] [211] call_site: 0x41ba20, caller: 0x417804, block_addr: 0x41ba04, key: wan_wan0_vpn_passwd
2025-06-21 04:58:22,948 [DEBUG] [212] call_site: 0x41ba94, caller: 0x417804, block_addr: 0x41ba74, key: wan_wan0_vpn_username
2025-06-21 04:58:22,948 [DEBUG] [213] call_site: 0x41bab8, caller: 0x417804, block_addr: 0x41ba9c, key: wan_wan0_vpn_passwd
2025-06-21 04:58:22,948 [DEBUG] [214] call_site: 0x41bb2c, caller: 0x417804, block_addr: 0x41bb0c, key: wan_wan0_vpn_username
2025-06-21 04:58:22,948 [DEBUG] [215] call_site: 0x41bb50, caller: 0x417804, block_addr: 0x41bb34, key: wan_wan0_vpn_passwd
2025-06-21 04:58:22,948 [DEBUG] [216] call_site: 0x41bc2c, caller: 0x417804, block_addr: 0x41bc10, key: wan_wan0_vpn_mru
2025-06-21 04:58:22,948 [DEBUG] [217] call_site: 0x41bc70, caller: 0x417804, block_addr: 0x41bc50, key: wan_wan0_vpn_mtu
2025-06-21 04:58:22,948 [DEBUG] [218] call_site: 0x41bd10, caller: 0x417804, block_addr: 0x41bcf4, key: wan_wan0_vpn_idletime
2025-06-21 04:58:22,949 [DEBUG] [219] call_site: 0x41bde0, caller: 0x417804, block_addr: 0x41bdc0, key: wan_wan0_vpn_username
2025-06-21 04:58:22,949 [DEBUG] [220] call_site: 0x41be04, caller: 0x417804, block_addr: 0x41bde8, key: wan_wan0_vpn_passwd
2025-06-21 04:58:22,949 [DEBUG] [221] call_site: 0x41bfd4, caller: 0x417804, block_addr: 0x41bfc0, key: wan_wan0_vpn_demand
2025-06-21 04:58:22,949 [DEBUG] [222] call_site: 0x41c1a8, caller: 0x417804, block_addr: 0x41c194, key: -1
2025-06-21 04:58:22,949 [DEBUG] [223] call_site: 0x41c1cc, caller: 0x417804, block_addr: 0x41c1b0, key: wan_wan0_vpn_demand
2025-06-21 04:58:22,949 [DEBUG] [224] call_site: 0x41c3cc, caller: 0x417804, block_addr: 0x41c3b8, key: -1
2025-06-21 04:58:22,949 [DEBUG] [225] call_site: 0x41c600, caller: 0x417804, block_addr: 0x41c5e0, key: stats_server
2025-06-21 04:58:22,949 [DEBUG] [226] call_site: 0x41c868, caller: 0x41c694, block_addr: 0x41c850, key: wan_wan0_proto
2025-06-21 04:58:22,949 [DEBUG] [227] call_site: 0x41cef0, caller: 0x41c694, block_addr: 0x41cedc, key: wan_wan0_ifname
2025-06-21 04:58:22,949 [DEBUG] [228] call_site: 0x41d054, caller: 0x41c694, block_addr: 0x41d03c, key: wan_wan0_proto
2025-06-21 04:58:22,949 [DEBUG] [229] call_site: 0x41d0a0, caller: 0x41c694, block_addr: 0x41d08c, key: wan_wan_ifnames
2025-06-21 04:58:22,949 [DEBUG] [230] call_site: 0x41d0c4, caller: 0x41c694, block_addr: 0x41d0a8, key: wan_wan_ifnames
2025-06-21 04:58:22,949 [DEBUG] [231] call_site: 0x41d1a0, caller: 0x41c694, block_addr: 0x41d18c, key: wan_wan0_ifname
2025-06-21 04:58:22,949 [DEBUG] [232] call_site: 0x41d36c, caller: 0x41c694, block_addr: 0x41d354, key: wan_wan0_proto
2025-06-21 04:58:22,949 [DEBUG] [233] call_site: 0x41d3b8, caller: 0x41c694, block_addr: 0x41d3a4, key: wan_wan0_proto
2025-06-21 04:58:22,950 [DEBUG] [234] call_site: 0x41d404, caller: 0x41c694, block_addr: 0x41d3f0, key: wan_wan0_vpn_ifname
2025-06-21 04:58:22,950 [DEBUG] [235] call_site: 0x41d430, caller: 0x41c694, block_addr: 0x41d41c, key: wan_wan0_proto
2025-06-21 04:58:22,950 [DEBUG] [236] call_site: 0x41d47c, caller: 0x41c694, block_addr: 0x41d468, key: wan_wan0_pppoe_ifname
2025-06-21 04:58:22,950 [DEBUG] [237] call_site: 0x41d4a8, caller: 0x41c694, block_addr: 0x41d494, key: wan_wan0_ifname
2025-06-21 04:58:22,950 [DEBUG] [238] call_site: 0x41dd84, caller: 0x41da4c, block_addr: 0x41dd70, key: -1
2025-06-21 04:58:22,950 [DEBUG] [239] call_site: 0x41ddc4, caller: 0x41da4c, block_addr: 0x41ddb0, key: -1
2025-06-21 04:58:22,950 [DEBUG] [240] call_site: 0x41e49c, caller: 0x41e1dc, block_addr: 0x41e488, key: -1
2025-06-21 04:58:22,950 [DEBUG] [241] call_site: 0x41e998, caller: 0x41e840, block_addr: 0x41e984, key: -1
2025-06-21 04:58:22,950 [DEBUG] [242] call_site: 0x41eacc, caller: 0x41e840, block_addr: 0x41eab8, key: -1
2025-06-21 04:58:22,950 [DEBUG] [243] call_site: 0x41eb80, caller: 0x41e840, block_addr: 0x41eb6c, key: -1
2025-06-21 04:58:22,950 [DEBUG] [244] call_site: 0x41ec88, caller: 0x41e840, block_addr: 0x41ec74, key: -1
2025-06-21 04:58:22,950 [DEBUG] [245] call_site: 0x41ecf4, caller: 0x41e840, block_addr: 0x41ece0, key: -1
2025-06-21 04:58:22,950 [DEBUG] [246] call_site: 0x41f364, caller: 0x41f158, block_addr: 0x41f350, key: -1
2025-06-21 04:58:22,950 [DEBUG] [247] call_site: 0x41f4f8, caller: 0x41f158, block_addr: 0x41f4e4, key: -1
2025-06-21 04:58:22,950 [DEBUG] [248] call_site: 0x41f598, caller: 0x41f158, block_addr: 0x41f580, key: wan_phylink
2025-06-21 04:58:22,950 [DEBUG] [249] call_site: 0x41f684, caller: 0x41f158, block_addr: 0x41f670, key: -1
2025-06-21 04:58:22,951 [DEBUG] [250] call_site: 0x41f71c, caller: 0x41f158, block_addr: 0x41f708, key: -1
2025-06-21 04:58:22,951 [DEBUG] [251] call_site: 0x41f8f0, caller: 0x41f158, block_addr: 0x41f8dc, key: -1
2025-06-21 04:58:22,951 [DEBUG] [252] call_site: 0x41f988, caller: 0x41f158, block_addr: 0x41f974, key: -1
2025-06-21 04:58:22,951 [DEBUG] [253] call_site: 0x41fca8, caller: 0x41fbb4, block_addr: 0x41fc94, key: lan_ifnames
2025-06-21 04:58:22,951 [DEBUG] [254] call_site: 0x41fccc, caller: 0x41fbb4, block_addr: 0x41fcb0, key: lan_ifnames
2025-06-21 04:58:22,951 [DEBUG] [255] call_site: 0x41fe4c, caller: 0x41fbb4, block_addr: 0x41fe38, key: lan_ipaddr
2025-06-21 04:58:22,951 [DEBUG] [256] call_site: 0x4200f0, caller: 0x420060, block_addr: 0x4200dc, key: lan_gateway
2025-06-21 04:58:22,951 [DEBUG] [257] call_site: 0x420210, caller: 0x4201e8, block_addr: 0x4201e8, key: lan_ifname
2025-06-21 04:58:22,951 [DEBUG] [258] call_site: 0x4207cc, caller: 0x420724, block_addr: 0x4207b8, key: -1
2025-06-21 04:58:22,951 [DEBUG] [259] call_site: 0x420e74, caller: 0x420e4c, block_addr: 0x420e4c, key: portmap_tuple
2025-06-21 04:58:22,951 [DEBUG] [260] call_site: 0x4210ec, caller: 0x4210c4, block_addr: 0x4210c4, key: VLANEnable
2025-06-21 04:58:22,951 [DEBUG] [261] call_site: 0x421150, caller: 0x4210c4, block_addr: 0x421134, key: vlan_lan_dev1_service_mapping
2025-06-21 04:58:22,951 [DEBUG] [262] call_site: 0x421174, caller: 0x4210c4, block_addr: 0x421158, key: vlan_lan_dev2_service_mapping
2025-06-21 04:58:22,951 [DEBUG] [263] call_site: 0x421198, caller: 0x4210c4, block_addr: 0x42117c, key: vlan_lan_dev3_service_mapping
2025-06-21 04:58:22,951 [DEBUG] [264] call_site: 0x4211bc, caller: 0x4210c4, block_addr: 0x4211a0, key: vlan_lan_dev4_service_mapping
2025-06-21 04:58:22,951 [DEBUG] [265] call_site: 0x4211e0, caller: 0x4210c4, block_addr: 0x4211c4, key: vlan_wlan_service_mapping
2025-06-21 04:58:22,952 [DEBUG] [266] call_site: 0x421204, caller: 0x4210c4, block_addr: 0x4211e8, key: vlan_wlan_guest_service_mapping
2025-06-21 04:58:22,952 [DEBUG] [267] call_site: 0x4213dc, caller: 0x4210c4, block_addr: 0x4213c8, key: wan_wan_phy_ifname
2025-06-21 04:58:22,952 [DEBUG] [268] call_site: 0x421400, caller: 0x4210c4, block_addr: 0x4213e4, key: wan_wan0_vlanid
2025-06-21 04:58:22,952 [DEBUG] [269] call_site: 0x421424, caller: 0x4210c4, block_addr: 0x421408, key: wan_iptv_vlanid
2025-06-21 04:58:22,952 [DEBUG] [270] call_site: 0x421448, caller: 0x4210c4, block_addr: 0x42142c, key: wan_voip_vlanid
2025-06-21 04:58:22,952 [DEBUG] [271] call_site: 0x421490, caller: 0x4210c4, block_addr: 0x421474, key: wan_wan0_vlanidpri
2025-06-21 04:58:22,952 [DEBUG] [272] call_site: 0x4214b4, caller: 0x4210c4, block_addr: 0x421498, key: wan_iptv_vlanidpri
2025-06-21 04:58:22,952 [DEBUG] [273] call_site: 0x4214d8, caller: 0x4210c4, block_addr: 0x4214bc, key: wan_voip_vlanidpri
2025-06-21 04:58:22,952 [DEBUG] [274] call_site: 0x421db4, caller: 0x4210c4, block_addr: 0x421d84, key: lan2_ifname
2025-06-21 04:58:22,952 [DEBUG] [275] call_site: 0x42227c, caller: 0x4210c4, block_addr: 0x42224c, key: lan3_ifname
2025-06-21 04:58:22,952 [DEBUG] [276] call_site: 0x42230c, caller: 0x4222e4, block_addr: 0x4222e4, key: VLANEnable
2025-06-21 04:58:22,952 [DEBUG] [277] call_site: 0x422368, caller: 0x4222e4, block_addr: 0x422354, key: wan_wan_phy_ifname
2025-06-21 04:58:22,952 [DEBUG] [278] call_site: 0x42238c, caller: 0x4222e4, block_addr: 0x422370, key: wan_wan0_vlanid
2025-06-21 04:58:22,952 [DEBUG] [279] call_site: 0x4223b0, caller: 0x4222e4, block_addr: 0x422394, key: wan_iptv_vlanid
2025-06-21 04:58:22,952 [DEBUG] [280] call_site: 0x4223d4, caller: 0x4222e4, block_addr: 0x4223b8, key: wan_voip_vlanid
2025-06-21 04:58:22,953 [DEBUG] [281] call_site: 0x422724, caller: 0x4225b0, block_addr: 0x422710, key: lan0_ipaddr
2025-06-21 04:58:22,953 [DEBUG] [282] call_site: 0x422748, caller: 0x4225b0, block_addr: 0x42272c, key: lan0_netmask
2025-06-21 04:58:22,953 [DEBUG] [283] call_site: 0x42276c, caller: 0x4225b0, block_addr: 0x422750, key: lan1_ipaddr
2025-06-21 04:58:22,953 [DEBUG] [284] call_site: 0x422790, caller: 0x4225b0, block_addr: 0x422774, key: lan1_netmask
2025-06-21 04:58:22,953 [DEBUG] [285] call_site: 0x423034, caller: 0x4225b0, block_addr: 0x423020, key: lan0_dhcps_start
2025-06-21 04:58:22,953 [DEBUG] [286] call_site: 0x4236e4, caller: 0x4225b0, block_addr: 0x4236d0, key: lan1_dhcps_start
2025-06-21 04:58:22,953 [DEBUG] [287] call_site: 0x4237d0, caller: 0x4225b0, block_addr: 0x4237b4, key: lan0_ipaddr
2025-06-21 04:58:22,953 [DEBUG] [288] call_site: 0x423840, caller: 0x4225b0, block_addr: 0x423820, key: lan0_netmask
2025-06-21 04:58:22,953 [DEBUG] [289] call_site: 0x423b30, caller: 0x423988, block_addr: 0x423a4c, key: lan0_dhcps_staticlist
2025-06-21 04:58:22,953 [DEBUG] [290] call_site: 0x424990, caller: 0x4247c0, block_addr: 0x42497c, key: -1
2025-06-21 04:58:22,953 [DEBUG] [291] call_site: 0x424c0c, caller: 0x4247c0, block_addr: 0x424bf8, key: -1
2025-06-21 04:58:22,953 [DEBUG] [292] call_site: 0x424c4c, caller: 0x4247c0, block_addr: 0x424c38, key: -1
2025-06-21 04:58:22,953 [DEBUG] [293] call_site: 0x424c8c, caller: 0x4247c0, block_addr: 0x424c78, key: -1
2025-06-21 04:58:22,953 [DEBUG] [294] call_site: 0x424ccc, caller: 0x4247c0, block_addr: 0x424cb8, key: -1
2025-06-21 04:58:22,953 [DEBUG] [295] call_site: 0x424f1c, caller: 0x4247c0, block_addr: 0x424f08, key: -1
2025-06-21 04:58:22,953 [DEBUG] [296] call_site: 0x424f84, caller: 0x4247c0, block_addr: 0x424f70, key: -1
2025-06-21 04:58:22,954 [DEBUG] [297] call_site: 0x425078, caller: 0x4247c0, block_addr: 0x425064, key: -1
2025-06-21 04:58:22,954 [DEBUG] [298] call_site: 0x4250e0, caller: 0x4247c0, block_addr: 0x4250cc, key: -1
2025-06-21 04:58:22,954 [DEBUG] [299] call_site: 0x425148, caller: 0x4247c0, block_addr: 0x425134, key: -1
2025-06-21 04:58:22,954 [DEBUG] [300] call_site: 0x4251b0, caller: 0x4247c0, block_addr: 0x42519c, key: -1
2025-06-21 04:58:22,954 [DEBUG] [301] call_site: 0x425218, caller: 0x4247c0, block_addr: 0x425204, key: -1
2025-06-21 04:58:22,954 [DEBUG] [302] call_site: 0x42529c, caller: 0x4247c0, block_addr: 0x425280, key: -1
2025-06-21 04:58:22,954 [DEBUG] [303] call_site: 0x4252fc, caller: 0x4247c0, block_addr: 0x4252e8, key: -1
2025-06-21 04:58:22,954 [DEBUG] [304] call_site: 0x425350, caller: 0x4247c0, block_addr: 0x42533c, key: -1
2025-06-21 04:58:22,954 [DEBUG] [305] call_site: 0x42558c, caller: 0x4247c0, block_addr: 0x425540, key: wl0_ifname
2025-06-21 04:58:22,954 [DEBUG] [306] call_site: 0x4255b0, caller: 0x4247c0, block_addr: 0x425594, key: wl1_ifname
2025-06-21 04:58:22,954 [DEBUG] [307] call_site: 0x425db4, caller: 0x425b54, block_addr: 0x425da0, key: -1
2025-06-21 04:58:22,954 [DEBUG] [308] call_site: 0x425f2c, caller: 0x425b54, block_addr: 0x425f18, key: -1
2025-06-21 04:58:22,954 [DEBUG] [309] call_site: 0x425fa0, caller: 0x425b54, block_addr: 0x425f8c, key: -1
2025-06-21 04:58:22,954 [DEBUG] [310] call_site: 0x426014, caller: 0x425b54, block_addr: 0x426000, key: -1
2025-06-21 04:58:22,954 [DEBUG] [311] call_site: 0x4260fc, caller: 0x425b54, block_addr: 0x4260e8, key: -1
2025-06-21 04:58:22,955 [DEBUG] [312] call_site: 0x426258, caller: 0x425b54, block_addr: 0x426244, key: -1
2025-06-21 04:58:22,955 [DEBUG] [313] call_site: 0x426bbc, caller: 0x425b54, block_addr: 0x426ba8, key: -1
2025-06-21 04:58:22,955 [DEBUG] [314] call_site: 0x426c88, caller: 0x425b54, block_addr: 0x426c74, key: -1
2025-06-21 04:58:22,955 [DEBUG] [315] call_site: 0x426cac, caller: 0x425b54, block_addr: 0x426c90, key: -1
2025-06-21 04:58:22,955 [DEBUG] [316] call_site: 0x427424, caller: 0x427360, block_addr: 0x4273e0, key: lan0_dhcps_staticlist
2025-06-21 04:58:22,955 [DEBUG] [317] call_site: 0x4296f0, caller: 0x429570, block_addr: 0x4296dc, key: -1
2025-06-21 04:58:22,955 [DEBUG] [318] call_site: 0x429808, caller: 0x429570, block_addr: 0x4297f4, key: -1
2025-06-21 04:58:22,955 [DEBUG] [319] call_site: 0x4298fc, caller: 0x429570, block_addr: 0x4298e8, key: -1
2025-06-21 04:58:22,955 [DEBUG] [320] call_site: 0x429fa4, caller: 0x429e18, block_addr: 0x429f90, key: -1
2025-06-21 04:58:22,955 [DEBUG] [321] call_site: 0x42a0bc, caller: 0x429e18, block_addr: 0x42a0a8, key: -1
2025-06-21 04:58:22,955 [DEBUG] [322] call_site: 0x42a364, caller: 0x429e18, block_addr: 0x42a348, key: model_name
2025-06-21 04:58:22,955 [DEBUG] [323] call_site: 0x42a530, caller: 0x429e18, block_addr: 0x42a510, key: model_name
2025-06-21 04:58:22,955 [DEBUG] [324] call_site: 0x42a57c, caller: 0x429e18, block_addr: 0x42a55c, key: lan0_mac
2025-06-21 04:58:22,955 [DEBUG] [325] call_site: 0x42a5e8, caller: 0x429e18, block_addr: 0x42a5d4, key: SSID1
2025-06-21 04:58:22,955 [DEBUG] [326] call_site: 0x42a70c, caller: 0x429e18, block_addr: 0x42a6f8, key: SSID1
2025-06-21 04:58:22,955 [DEBUG] [327] call_site: 0x42b238, caller: 0x42ab94, block_addr: 0x42b224, key: -1
2025-06-21 04:58:22,956 [DEBUG] [328] call_site: 0x42b2ac, caller: 0x42ab94, block_addr: 0x42b298, key: -1
2025-06-21 04:58:22,956 [DEBUG] [329] call_site: 0x42ba14, caller: 0x42ab94, block_addr: 0x42ba00, key: sys_reboot_schedule
2025-06-21 04:58:22,956 [DEBUG] [330] call_site: 0x42d408, caller: 0x42d2cc, block_addr: 0x42d3f4, key: -1
2025-06-21 04:58:22,956 [DEBUG] [331] call_site: 0x42d58c, caller: 0x42d544, block_addr: 0x42d544, key: wifi24RootScheduleName
2025-06-21 04:58:22,956 [DEBUG] [332] call_site: 0x42d5b0, caller: 0x42d544, block_addr: 0x42d594, key: wifi58RootScheduleName
2025-06-21 04:58:22,956 [DEBUG] [333] call_site: 0x42d5d4, caller: 0x42d544, block_addr: 0x42d5b8, key: SysLogMail_Schedule_Name
2025-06-21 04:58:22,956 [DEBUG] [334] call_site: 0x42d640, caller: 0x42d544, block_addr: 0x42d624, key: sys_reboot_schedule
2025-06-21 04:58:22,956 [DEBUG] [335] call_site: 0x42ecc0, caller: 0x42ec64, block_addr: 0x42ecac, key: wifi24RootScheduleName
2025-06-21 04:58:22,956 [DEBUG] [336] call_site: 0x42ece4, caller: 0x42ec64, block_addr: 0x42ecc8, key: wifi58RootScheduleName
2025-06-21 04:58:22,956 [DEBUG] [337] call_site: 0x42ed08, caller: 0x42ec64, block_addr: 0x42ecec, key: SysLogMail_Schedule_Name
2025-06-21 04:58:22,956 [DEBUG] [338] call_site: 0x42f26c, caller: 0x42ee30, block_addr: 0x42f258, key: wan_wan0_status
2025-06-21 04:58:22,956 [DEBUG] [339] call_site: 0x42fb04, caller: 0x42ee30, block_addr: 0x42faf0, key: lan0_ipaddr
2025-06-21 04:58:22,956 [DEBUG] [340] call_site: 0x430b74, caller: 0x42ee30, block_addr: 0x430b5c, key: quickVPN_AuthProtocol
2025-06-21 04:58:22,956 [DEBUG] [341] call_site: 0x430cd4, caller: 0x42ee30, block_addr: 0x430cc0, key: quickVPN_MPPE
2025-06-21 04:58:22,956 [DEBUG] [342] call_site: 0x430e24, caller: 0x42ee30, block_addr: 0x430e08, key: lan0_ipaddr
2025-06-21 04:58:22,956 [DEBUG] [343] call_site: 0x430ec0, caller: 0x42ee30, block_addr: 0x430eac, key: -1
2025-06-21 04:58:22,957 [DEBUG] [344] call_site: 0x430f04, caller: 0x42ee30, block_addr: 0x430ef0, key: -1
2025-06-21 04:58:22,957 [DEBUG] [345] call_site: 0x431138, caller: 0x42ee30, block_addr: 0x431120, key: quickVPN_Username
2025-06-21 04:58:22,957 [DEBUG] [346] call_site: 0x43115c, caller: 0x42ee30, block_addr: 0x431140, key: quickVPN_Password
2025-06-21 04:58:22,957 [DEBUG] [347] call_site: 0x432038, caller: 0x42ee30, block_addr: 0x432024, key: quickVPN_PSK
2025-06-21 04:58:22,957 [DEBUG] [348] call_site: 0x432918, caller: 0x42ee30, block_addr: 0x4328f8, key: model_name
2025-06-21 04:58:22,957 [DEBUG] [349] call_site: 0x432bd4, caller: 0x42ee30, block_addr: 0x432bb4, key: model_name
2025-06-21 04:58:22,957 [DEBUG] [350] call_site: 0x43341c, caller: 0x433244, block_addr: 0x433408, key: -1
2025-06-21 04:58:22,957 [DEBUG] [351] call_site: 0x4338f8, caller: 0x4337dc, block_addr: 0x4338e4, key: lan0_ipv6_autoconf_type
2025-06-21 04:58:22,957 [DEBUG] [352] call_site: 0x433abc, caller: 0x4337dc, block_addr: 0x433aa8, key: lan0_ifname
2025-06-21 04:58:22,957 [DEBUG] [353] call_site: 0x433b00, caller: 0x4337dc, block_addr: 0x433aec, key: -1
2025-06-21 04:58:22,957 [DEBUG] [354] call_site: 0x433b24, caller: 0x4337dc, block_addr: 0x433b08, key: lan0_domain
2025-06-21 04:58:22,957 [DEBUG] [355] call_site: 0x433b48, caller: 0x4337dc, block_addr: 0x433b2c, key: lan0_ipv6_prefix
2025-06-21 04:58:22,957 [DEBUG] [356] call_site: 0x433b6c, caller: 0x4337dc, block_addr: 0x433b50, key: lan0_ipv6_prefix_length
2025-06-21 04:58:22,957 [DEBUG] [357] call_site: 0x433de0, caller: 0x4337dc, block_addr: 0x433dc8, key: lan0_ipv6_dhcp_start
2025-06-21 04:58:22,957 [DEBUG] [358] call_site: 0x433e04, caller: 0x4337dc, block_addr: 0x433de8, key: lan0_ipv6_dhcp_end
2025-06-21 04:58:22,958 [DEBUG] [359] call_site: 0x433f20, caller: 0x4337dc, block_addr: 0x433f0c, key: -1
2025-06-21 04:58:22,958 [DEBUG] [360] call_site: 0x434398, caller: 0x4337dc, block_addr: 0x434384, key: -1
2025-06-21 04:58:22,958 [DEBUG] [361] call_site: 0x4347b8, caller: 0x4337dc, block_addr: 0x4347a4, key: -1
2025-06-21 04:58:22,958 [DEBUG] [362] call_site: 0x434dc8, caller: 0x434cc8, block_addr: 0x434db4, key: lan0_ipv6_autoconf_type
2025-06-21 04:58:22,958 [DEBUG] [363] call_site: 0x434e70, caller: 0x434cc8, block_addr: 0x434e5c, key: lan0_ifname
2025-06-21 04:58:22,958 [DEBUG] [364] call_site: 0x434e94, caller: 0x434cc8, block_addr: 0x434e78, key: lan0_ipv6_ipaddr
2025-06-21 04:58:22,958 [DEBUG] [365] call_site: 0x434eb8, caller: 0x434cc8, block_addr: 0x434e9c, key: lan0_ipv6_prefix
2025-06-21 04:58:22,958 [DEBUG] [366] call_site: 0x434edc, caller: 0x434cc8, block_addr: 0x434ec0, key: lan0_ipv6_prefix_length
2025-06-21 04:58:22,958 [DEBUG] [367] call_site: 0x435384, caller: 0x434cc8, block_addr: 0x435370, key: -1
2025-06-21 04:58:22,958 [DEBUG] [368] call_site: 0x435b3c, caller: 0x435b10, block_addr: 0x435b10, key: lan0_ipv6_autoconf_enable
2025-06-21 04:58:22,958 [DEBUG] [369] call_site: 0x435c3c, caller: 0x435bec, block_addr: 0x435c28, key: -1
2025-06-21 04:58:22,958 [DEBUG] [370] call_site: 0x435db0, caller: 0x435cbc, block_addr: 0x435d9c, key: -1
2025-06-21 04:58:22,958 [DEBUG] [371] call_site: 0x435e3c, caller: 0x435cbc, block_addr: 0x435e28, key: -1
2025-06-21 04:58:22,958 [DEBUG] [372] call_site: 0x435ed8, caller: 0x435cbc, block_addr: 0x435ec4, key: -1
2025-06-21 04:58:22,958 [DEBUG] [373] call_site: 0x435fd4, caller: 0x435cbc, block_addr: 0x435fc0, key: -1
2025-06-21 04:58:22,959 [DEBUG] [374] call_site: 0x4362e4, caller: 0x4361f0, block_addr: 0x4362d0, key: -1
2025-06-21 04:58:22,959 [DEBUG] [375] call_site: 0x436328, caller: 0x4361f0, block_addr: 0x436314, key: -1
2025-06-21 04:58:22,959 [DEBUG] [376] call_site: 0x4363b4, caller: 0x4361f0, block_addr: 0x4363a0, key: -1
2025-06-21 04:58:22,959 [DEBUG] [377] call_site: 0x4364b0, caller: 0x4361f0, block_addr: 0x43649c, key: -1
2025-06-21 04:58:22,959 [DEBUG] [378] call_site: 0x4364f4, caller: 0x4361f0, block_addr: 0x4364e0, key: -1
2025-06-21 04:58:22,959 [DEBUG] [379] call_site: 0x436580, caller: 0x4361f0, block_addr: 0x43656c, key: -1
2025-06-21 04:58:22,959 [DEBUG] [380] call_site: 0x436664, caller: 0x4361f0, block_addr: 0x436650, key: -1
2025-06-21 04:58:22,959 [DEBUG] [381] call_site: 0x4369d8, caller: 0x4368dc, block_addr: 0x4369c4, key: -1
2025-06-21 04:58:22,959 [DEBUG] [382] call_site: 0x436a1c, caller: 0x4368dc, block_addr: 0x436a08, key: -1
2025-06-21 04:58:22,959 [DEBUG] [383] call_site: 0x436aa8, caller: 0x4368dc, block_addr: 0x436a94, key: -1
2025-06-21 04:58:22,959 [DEBUG] [384] call_site: 0x436b60, caller: 0x4368dc, block_addr: 0x436b4c, key: -1
2025-06-21 04:58:22,959 [DEBUG] [385] call_site: 0x436bd8, caller: 0x4368dc, block_addr: 0x436bc4, key: -1
2025-06-21 04:58:22,959 [DEBUG] [386] call_site: 0x436e84, caller: 0x4368dc, block_addr: 0x436e70, key: -1
2025-06-21 04:58:22,959 [DEBUG] [387] call_site: 0x43702c, caller: 0x4368dc, block_addr: 0x437018, key: -1
2025-06-21 04:58:22,959 [DEBUG] [388] call_site: 0x4371d4, caller: 0x4368dc, block_addr: 0x4371c0, key: -1
2025-06-21 04:58:22,959 [DEBUG] [389] call_site: 0x437314, caller: 0x4368dc, block_addr: 0x437300, key: -1
2025-06-21 04:58:22,960 [DEBUG] [390] call_site: 0x4373b0, caller: 0x4368dc, block_addr: 0x43739c, key: -1
2025-06-21 04:58:22,960 [DEBUG] [391] call_site: 0x437478, caller: 0x4368dc, block_addr: 0x437464, key: -1
2025-06-21 04:58:22,960 [DEBUG] [392] call_site: 0x437994, caller: 0x4378a0, block_addr: 0x437980, key: -1
2025-06-21 04:58:22,960 [DEBUG] [393] call_site: 0x437aa8, caller: 0x4378a0, block_addr: 0x437a58, key: lan0_ifname
2025-06-21 04:58:22,960 [DEBUG] [394] call_site: 0x437ff0, caller: 0x437ee0, block_addr: 0x437fd8, key: lan0_upnp
2025-06-21 04:58:22,960 [DEBUG] [395] call_site: 0x438054, caller: 0x437ee0, block_addr: 0x438040, key: wan_wan0_ifname
2025-06-21 04:58:22,960 [DEBUG] [396] call_site: 0x438078, caller: 0x437ee0, block_addr: 0x43805c, key: lan0_ifname
2025-06-21 04:58:22,960 [DEBUG] [397] call_site: 0x43809c, caller: 0x437ee0, block_addr: 0x438080, key: lan0_ipaddr
2025-06-21 04:58:22,960 [DEBUG] [398] call_site: 0x4380c0, caller: 0x437ee0, block_addr: 0x4380a4, key: model_name
2025-06-21 04:58:22,960 [DEBUG] [399] call_site: 0x438130, caller: 0x437ee0, block_addr: 0x43811c, key: model_name
2025-06-21 04:58:22,960 [DEBUG] [400] call_site: 0x438174, caller: 0x437ee0, block_addr: 0x438160, key: sw_ex_version
2025-06-21 04:58:22,960 [DEBUG] [401] call_site: 0x4385c0, caller: 0x438508, block_addr: 0x4385a4, key: lan0_ifname
2025-06-21 04:58:22,960 [DEBUG] [402] call_site: 0x438988, caller: 0x438960, block_addr: 0x438960, key: ntp_server
2025-06-21 04:58:22,960 [DEBUG] [403] call_site: 0x4389ac, caller: 0x438960, block_addr: 0x438990, key: ntp_localtime
2025-06-21 04:58:22,960 [DEBUG] [404] call_site: 0x438e50, caller: 0x438d94, block_addr: 0x438e3c, key: -1
2025-06-21 04:58:22,960 [DEBUG] [405] call_site: 0x439134, caller: 0x438f24, block_addr: 0x43911c, key: wan_wan0_proto
2025-06-21 04:58:22,961 [DEBUG] [406] call_site: 0x4391b0, caller: 0x438f24, block_addr: 0x43919c, key: wan_wan0_vpn_idletime
2025-06-21 04:58:22,961 [DEBUG] [407] call_site: 0x4391fc, caller: 0x438f24, block_addr: 0x4391e8, key: wan_wan0_vpn_autoreconn
2025-06-21 04:58:22,961 [DEBUG] [408] call_site: 0x439284, caller: 0x438f24, block_addr: 0x439270, key: wan_wan0_pppoe_idletime
2025-06-21 04:58:22,961 [DEBUG] [409] call_site: 0x4392d0, caller: 0x438f24, block_addr: 0x4392bc, key: wan_wan0_pppoe_autoreconn
2025-06-21 04:58:22,961 [DEBUG] [410] call_site: 0x439824, caller: 0x439498, block_addr: 0x439804, key: quickVPN_PSK
2025-06-21 04:58:22,961 [DEBUG] [411] call_site: 0x439a20, caller: 0x439498, block_addr: 0x439a00, key: quickVPN_Username
2025-06-21 04:58:22,961 [DEBUG] [412] call_site: 0x439a9c, caller: 0x439498, block_addr: 0x439a7c, key: quickVPN_Password
2025-06-21 04:58:22,961 [DEBUG] [413] call_site: 0x439c08, caller: 0x439498, block_addr: 0x439be8, key: model_name
2025-06-21 04:58:22,961 [DEBUG] [414] call_site: 0x439ec4, caller: 0x439498, block_addr: 0x439ea4, key: model_name
2025-06-21 04:58:22,961 [DEBUG] [415] call_site: 0x43a644, caller: 0x43a578, block_addr: 0x43a62c, key: lan0_multicast_ipv4
2025-06-21 04:58:22,961 [DEBUG] [416] call_site: 0x43a684, caller: 0x43a578, block_addr: 0x43a668, key: lan0_multicast_ipv6
2025-06-21 04:58:22,961 [DEBUG] [417] call_site: 0x43a6dc, caller: 0x43a578, block_addr: 0x43a6c8, key: lan0_ifname
2025-06-21 04:58:22,961 [DEBUG] [418] call_site: 0x43a700, caller: 0x43a578, block_addr: 0x43a6e4, key: lan1_ifname
2025-06-21 04:58:22,961 [DEBUG] [419] call_site: 0x43a724, caller: 0x43a578, block_addr: 0x43a708, key: minimum_multicast_scope
2025-06-21 04:58:22,961 [DEBUG] [420] call_site: 0x43b03c, caller: 0x43acdc, block_addr: 0x43b024, key: Radio24On
2025-06-21 04:58:22,962 [DEBUG] [421] call_site: 0x43b0d0, caller: 0x43acdc, block_addr: 0x43b0bc, key: Radio24On
2025-06-21 04:58:22,962 [DEBUG] [422] call_site: 0x43b11c, caller: 0x43acdc, block_addr: 0x43b108, key: Radio24Vap1En
2025-06-21 04:58:22,962 [DEBUG] [423] call_site: 0x43b1b0, caller: 0x43acdc, block_addr: 0x43b19c, key: BandSteering
2025-06-21 04:58:22,962 [DEBUG] [424] call_site: 0x43b35c, caller: 0x43acdc, block_addr: 0x43b348, key: WscCusPINEnable
2025-06-21 04:58:22,962 [DEBUG] [425] call_site: 0x43b438, caller: 0x43acdc, block_addr: 0x43b424, key: WscCusPINEnable
2025-06-21 04:58:22,962 [DEBUG] [426] call_site: 0x43b780, caller: 0x43b630, block_addr: 0x43b768, key: Radio24On
2025-06-21 04:58:22,962 [DEBUG] [427] call_site: 0x43b814, caller: 0x43b630, block_addr: 0x43b800, key: Radio24On
2025-06-21 04:58:22,962 [DEBUG] [428] call_site: 0x43b860, caller: 0x43b630, block_addr: 0x43b84c, key: Radio24Vap1En
2025-06-21 04:58:22,962 [DEBUG] [429] call_site: 0x43c298, caller: 0x43be68, block_addr: 0x43c280, key: -1
2025-06-21 04:58:22,962 [DEBUG] [430] call_site: 0x43ca40, caller: 0x43c620, block_addr: 0x43ca28, key: -1
2025-06-21 04:58:22,962 [DEBUG] [431] call_site: 0x43cdfc, caller: 0x43cc78, block_addr: 0x43cde8, key: -1
2025-06-21 04:58:22,962 [DEBUG] [432] call_site: 0x43ce48, caller: 0x43cc78, block_addr: 0x43ce34, key: -1
2025-06-21 04:58:22,962 [DEBUG] [433] call_site: 0x43ceac, caller: 0x43cc78, block_addr: 0x43ce94, key: -1
2025-06-21 04:58:22,962 [DEBUG] [434] call_site: 0x43d1cc, caller: 0x43cc78, block_addr: 0x43d1b0, key: lan1_ifname
2025-06-21 04:58:22,962 [DEBUG] [435] call_site: 0x43d338, caller: 0x43cc78, block_addr: 0x43d31c, key: lan0_ifname
2025-06-21 04:58:22,962 [DEBUG] [436] call_site: 0x43d514, caller: 0x43d444, block_addr: 0x43d4fc, key: -1
2025-06-21 04:58:22,963 [DEBUG] [437] call_site: 0x43d784, caller: 0x43d6c4, block_addr: 0x43d724, key: DDNSEnabled
2025-06-21 04:58:22,963 [DEBUG] [438] call_site: 0x43d7c4, caller: 0x43d6c4, block_addr: 0x43d7a8, key: DDNSProvider
2025-06-21 04:58:22,963 [DEBUG] [439] call_site: 0x43d7e8, caller: 0x43d6c4, block_addr: 0x43d7cc, key: DDNS
2025-06-21 04:58:22,963 [DEBUG] [440] call_site: 0x43d80c, caller: 0x43d6c4, block_addr: 0x43d7f0, key: DDNSAccount
2025-06-21 04:58:22,963 [DEBUG] [441] call_site: 0x43d85c, caller: 0x43d6c4, block_addr: 0x43d844, key: DDNSPassword
2025-06-21 04:58:22,963 [DEBUG] [442] call_site: 0x43d8ac, caller: 0x43d6c4, block_addr: 0x43d894, key: DDNSTimeout
2025-06-21 04:58:22,963 [DEBUG] [443] call_site: 0x43e010, caller: 0x43dfe8, block_addr: 0x43dfe8, key: DDNSProvider
2025-06-21 04:58:22,963 [DEBUG] [444] call_site: 0x43e034, caller: 0x43dfe8, block_addr: 0x43e018, key: DDNSAccount
2025-06-21 04:58:22,963 [DEBUG] [445] call_site: 0x43e058, caller: 0x43dfe8, block_addr: 0x43e03c, key: DDNSPassword
2025-06-21 04:58:22,963 [DEBUG] [446] call_site: 0x43e07c, caller: 0x43dfe8, block_addr: 0x43e060, key: DDNSTimeout
2025-06-21 04:58:22,963 [DEBUG] [447] call_site: 0x43e268, caller: 0x43dfe8, block_addr: 0x43e250, key: -1
2025-06-21 04:58:22,963 [DEBUG] [448] call_site: 0x43e7d8, caller: 0x43e614, block_addr: 0x43e7c4, key: -1
2025-06-21 04:58:22,963 [DEBUG] [449] call_site: 0x43e84c, caller: 0x43e614, block_addr: 0x43e838, key: -1
2025-06-21 04:58:22,963 [DEBUG] [450] call_site: 0x43e8cc, caller: 0x43e614, block_addr: 0x43e8b8, key: -1
2025-06-21 04:58:22,963 [DEBUG] [451] call_site: 0x43e910, caller: 0x43e614, block_addr: 0x43e8fc, key: -1
2025-06-21 04:58:22,964 [DEBUG] [452] call_site: 0x43f538, caller: 0x43f300, block_addr: 0x43f524, key: DLNA_DeviceName
2025-06-21 04:58:22,964 [DEBUG] [453] call_site: 0x43f9f0, caller: 0x43f300, block_addr: 0x43f9d0, key: lan0_ipaddr
2025-06-21 04:58:22,964 [DEBUG] [454] call_site: 0x440510, caller: 0x440498, block_addr: 0x4404f4, key: http_passwd
2025-06-21 04:58:22,964 [DEBUG] [455] call_site: 0x440688, caller: 0x440554, block_addr: 0x440674, key: -1
2025-06-21 04:58:22,964 [DEBUG] [456] call_site: 0x4406fc, caller: 0x440554, block_addr: 0x4406e8, key: -1
2025-06-21 04:58:22,964 [DEBUG] [457] call_site: 0x44077c, caller: 0x440554, block_addr: 0x440768, key: -1
2025-06-21 04:58:22,964 [DEBUG] [458] call_site: 0x440e18, caller: 0x440c58, block_addr: 0x440e04, key: -1
2025-06-21 04:58:22,964 [DEBUG] [459] call_site: 0x440e8c, caller: 0x440c58, block_addr: 0x440e78, key: -1
2025-06-21 04:58:22,964 [DEBUG] [460] call_site: 0x440f0c, caller: 0x440c58, block_addr: 0x440ef8, key: -1
2025-06-21 04:58:22,964 [DEBUG] [461] call_site: 0x441264, caller: 0x441100, block_addr: 0x441250, key: -1
2025-06-21 04:58:22,964 [DEBUG] [462] call_site: 0x4412d8, caller: 0x441100, block_addr: 0x4412c4, key: -1
2025-06-21 04:58:22,964 [DEBUG] [463] call_site: 0x441358, caller: 0x441100, block_addr: 0x441344, key: -1
2025-06-21 04:58:22,964 [DEBUG] [464] call_site: 0x4413b4, caller: 0x441100, block_addr: 0x4413a0, key: -1
2025-06-21 04:58:22,964 [DEBUG] [465] call_site: 0x441f08, caller: 0x441ee0, block_addr: 0x441ee0, key: lan0_wanport_speed
2025-06-21 04:58:22,964 [DEBUG] [466] call_site: 0x442398, caller: 0x442294, block_addr: 0x442348, key: sw_ex_version
2025-06-21 04:58:22,964 [DEBUG] [467] call_site: 0x4423cc, caller: 0x442294, block_addr: 0x4423a0, key: hw_version
2025-06-21 04:58:22,965 [DEBUG] [468] call_site: 0x442460, caller: 0x442294, block_addr: 0x442440, key: model_name
2025-06-21 04:58:22,965 [DEBUG] [469] call_site: 0x4424c0, caller: 0x442294, block_addr: 0x4424a8, key: wan_wan0_status
2025-06-21 04:58:22,965 [DEBUG] [470] call_site: 0x44255c, caller: 0x44252c, block_addr: 0x44252c, key: SysLogRemote_Enable
2025-06-21 04:58:22,965 [DEBUG] [471] call_site: 0x442580, caller: 0x44252c, block_addr: 0x442564, key: SysLogRemote_IPAddress
2025-06-21 04:58:22,965 [DEBUG] [472] call_site: 0x4427f4, caller: 0x44273c, block_addr: 0x4427d8, key: wan_wan0_status
2025-06-21 04:58:22,965 [DEBUG] [473] call_site: 0x442b04, caller: 0x44273c, block_addr: 0x442ae8, key: SysLogMail_To
2025-06-21 04:58:22,965 [DEBUG] [474] call_site: 0x443150, caller: 0x44273c, block_addr: 0x443134, key: SysLogMail_From
2025-06-21 04:58:22,965 [DEBUG] [475] call_site: 0x443174, caller: 0x44273c, block_addr: 0x443158, key: SysLogMail_Auth_Name
2025-06-21 04:58:22,965 [DEBUG] [476] call_site: 0x443198, caller: 0x44273c, block_addr: 0x44317c, key: SysLogMail_Auth_Password
2025-06-21 04:58:22,965 [DEBUG] [477] call_site: 0x4431bc, caller: 0x44273c, block_addr: 0x4431a0, key: SysLogMail_SMTPServerAddress
2025-06-21 04:58:22,965 [DEBUG] [478] call_site: 0x4431e0, caller: 0x44273c, block_addr: 0x4431c4, key: SysLogMail_SMTPServerPort
2025-06-21 04:58:22,965 [DEBUG] [479] call_site: 0x443258, caller: 0x44273c, block_addr: 0x44323c, key: SysLogMail_From
2025-06-21 04:58:22,965 [DEBUG] [480] call_site: 0x44327c, caller: 0x44273c, block_addr: 0x443260, key: SysLogMail_SMTPServerAddress
2025-06-21 04:58:22,965 [DEBUG] [481] call_site: 0x4432a0, caller: 0x44273c, block_addr: 0x443284, key: SysLogMail_SMTPServerPort
2025-06-21 04:58:22,965 [DEBUG] [482] call_site: 0x44367c, caller: 0x4435c0, block_addr: 0x443664, key: wan_phylink
2025-06-21 04:58:22,966 [DEBUG] [483] call_site: 0x4439ec, caller: 0x4439c0, block_addr: 0x4439c0, key: rc_service
2025-06-21 04:58:22,966 [DEBUG] [484] call_site: 0x445110, caller: 0x4450e4, block_addr: 0x4450e4, key: -1
2025-06-21 04:58:22,966 [DEBUG] [485] call_site: 0x445748, caller: 0x44546c, block_addr: 0x445730, key: wan_wan0_proto
2025-06-21 04:58:22,966 [DEBUG] [486] call_site: 0x445794, caller: 0x44546c, block_addr: 0x445780, key: wan_wan0_proto
2025-06-21 04:58:22,966 [DEBUG] [487] call_site: 0x4457e0, caller: 0x44546c, block_addr: 0x4457cc, key: wan_wan0_vpn_basicconn
2025-06-21 04:58:22,966 [DEBUG] [488] call_site: 0x44582c, caller: 0x44546c, block_addr: 0x445818, key: wan_wan0_proto
2025-06-21 04:58:22,966 [DEBUG] [489] call_site: 0x4459e8, caller: 0x44546c, block_addr: 0x4459d0, key: wan_wan0_dns_manual
2025-06-21 04:58:22,966 [DEBUG] [490] call_site: 0x445ff0, caller: 0x445b50, block_addr: 0x445fd8, key: wan_wan0_proto
2025-06-21 04:58:22,966 [DEBUG] [491] call_site: 0x446544, caller: 0x445b50, block_addr: 0x446530, key: -1
2025-06-21 04:58:22,966 [DEBUG] [492] call_site: 0x4466b0, caller: 0x445b50, block_addr: 0x44669c, key: -1
2025-06-21 04:58:22,966 [DEBUG] [493] call_site: 0x44681c, caller: 0x445b50, block_addr: 0x446808, key: -1
2025-06-21 04:58:22,966 [DEBUG] [494] call_site: 0x446988, caller: 0x445b50, block_addr: 0x446974, key: -1
2025-06-21 04:58:22,966 [DEBUG] [495] call_site: 0x4469ac, caller: 0x445b50, block_addr: 0x446990, key: wan_wan0_dns_manual
2025-06-21 04:58:22,966 [DEBUG] [496] call_site: 0x446b40, caller: 0x445b50, block_addr: 0x446b2c, key: -1
2025-06-21 04:58:22,966 [DEBUG] [497] call_site: 0x446cac, caller: 0x445b50, block_addr: 0x446c98, key: -1
2025-06-21 04:58:22,966 [DEBUG] [498] call_site: 0x446e18, caller: 0x445b50, block_addr: 0x446e04, key: -1
2025-06-21 04:58:22,967 [DEBUG] [499] call_site: 0x4471cc, caller: 0x445b50, block_addr: 0x4471b8, key: wan_wan0_dns_manual
2025-06-21 04:58:22,967 [DEBUG] [500] call_site: 0x4474bc, caller: 0x445b50, block_addr: 0x4474a8, key: -1
2025-06-21 04:58:22,967 [DEBUG] [501] call_site: 0x447500, caller: 0x445b50, block_addr: 0x4474ec, key: -1
2025-06-21 04:58:22,967 [DEBUG] [502] call_site: 0x4478b0, caller: 0x445b50, block_addr: 0x44789c, key: -1
2025-06-21 04:58:22,967 [DEBUG] [503] call_site: 0x4478f4, caller: 0x445b50, block_addr: 0x4478e0, key: -1
2025-06-21 04:58:22,967 [DEBUG] [504] call_site: 0x447fd0, caller: 0x447f9c, block_addr: 0x447f9c, key: lan0_ifname
2025-06-21 04:58:22,967 [DEBUG] [505] call_site: 0x448204, caller: 0x447f9c, block_addr: 0x4481f0, key: -1
2025-06-21 04:58:22,967 [DEBUG] [506] call_site: 0x448640, caller: 0x448608, block_addr: 0x448608, key: lan0_ifname
2025-06-21 04:58:22,967 [DEBUG] [507] call_site: 0x4487c4, caller: 0x448608, block_addr: 0x4487b0, key: -1
2025-06-21 04:58:22,967 [DEBUG] [508] call_site: 0x448a20, caller: 0x448608, block_addr: 0x448a0c, key: -1
2025-06-21 04:58:22,967 [DEBUG] [509] call_site: 0x449138, caller: 0x448608, block_addr: 0x449124, key: -1
2025-06-21 04:58:22,967 [DEBUG] [510] call_site: 0x449394, caller: 0x448608, block_addr: 0x449380, key: -1
2025-06-21 04:58:22,967 [DEBUG] [511] call_site: 0x4499a8, caller: 0x449974, block_addr: 0x449974, key: lan0_ifname
2025-06-21 04:58:22,967 [DEBUG] [512] call_site: 0x44ac74, caller: 0x44ac40, block_addr: 0x44ac40, key: lan0_ifname
2025-06-21 04:58:22,967 [DEBUG] [513] call_site: 0x44b978, caller: 0x44ac40, block_addr: 0x44b964, key: -1
2025-06-21 04:58:22,968 [DEBUG] [514] call_site: 0x44c7d4, caller: 0x44ac40, block_addr: 0x44c7c0, key: -1
2025-06-21 04:58:22,968 [DEBUG] [515] call_site: 0x44c894, caller: 0x44ac40, block_addr: 0x44c880, key: -1
2025-06-21 04:58:22,968 [DEBUG] [516] call_site: 0x44cb64, caller: 0x44ac40, block_addr: 0x44cb50, key: -1
2025-06-21 04:58:22,968 [DEBUG] [517] call_site: 0x44cecc, caller: 0x44ce68, block_addr: 0x44ce68, key: lan0_ifname
2025-06-21 04:58:22,968 [DEBUG] [518] call_site: 0x44d8cc, caller: 0x44ce68, block_addr: 0x44d8b8, key: -1
2025-06-21 04:58:22,968 [DEBUG] [519] call_site: 0x44e9f4, caller: 0x44e7e8, block_addr: 0x44e9e0, key: lan_ipaddr
2025-06-21 04:58:22,968 [DEBUG] [520] call_site: 0x44ea3c, caller: 0x44e7e8, block_addr: 0x44ea24, key: lan_netmask
2025-06-21 04:58:22,968 [DEBUG] [521] call_site: 0x44eac0, caller: 0x44e7e8, block_addr: 0x44eaac, key: lan_ipaddr
2025-06-21 04:58:22,968 [DEBUG] [522] call_site: 0x44eae4, caller: 0x44e7e8, block_addr: 0x44eac8, key: lan_netmask
2025-06-21 04:58:22,968 [DEBUG] [523] call_site: 0x44f47c, caller: 0x44f3e0, block_addr: 0x44f464, key: usbdisks
2025-06-21 04:58:22,968 [DEBUG] [524] call_site: 0x44f4c4, caller: 0x44f3e0, block_addr: 0x44f4b0, key: usbdisks
2025-06-21 04:58:22,968 [DEBUG] [525] call_site: 0x44f86c, caller: 0x44f748, block_addr: 0x44f858, key: usbdisks
2025-06-21 04:58:22,968 [DEBUG] [526] call_site: 0x44f8b4, caller: 0x44f748, block_addr: 0x44f8a0, key: usbdisks
2025-06-21 04:58:22,968 [DEBUG] [527] call_site: 0x44f954, caller: 0x44f748, block_addr: 0x44f93c, key: usbdisksPath
2025-06-21 04:58:22,968 [DEBUG] [528] call_site: 0x4537d8, caller: 0x453584, block_addr: 0x4537c4, key: -1
2025-06-21 04:58:22,969 [DEBUG] [529] call_site: 0x453dd8, caller: 0x453584, block_addr: 0x453dc4, key: -1
2025-06-21 04:58:22,969 [DEBUG] [530] call_site: 0x453ea0, caller: 0x453584, block_addr: 0x453e8c, key: -1
2025-06-21 04:58:22,969 [DEBUG] [531] call_site: 0x453ee4, caller: 0x453584, block_addr: 0x453ed0, key: wan_wan0_dns_manual
2025-06-21 04:58:22,969 [DEBUG] [532] call_site: 0x453f9c, caller: 0x453584, block_addr: 0x453f88, key: -1
2025-06-21 04:58:22,969 [DEBUG] [533] call_site: 0x45412c, caller: 0x453584, block_addr: 0x454118, key: -1
2025-06-21 04:58:22,969 [DEBUG] [534] call_site: 0x454198, caller: 0x453584, block_addr: 0x454184, key: -1
2025-06-21 04:58:22,969 [DEBUG] [535] call_site: 0x454204, caller: 0x453584, block_addr: 0x4541f0, key: -1
2025-06-21 04:58:22,969 [DEBUG] [536] call_site: 0x454248, caller: 0x453584, block_addr: 0x454234, key: -1
2025-06-21 04:58:22,969 [DEBUG] [537] call_site: 0x4542a8, caller: 0x453584, block_addr: 0x454294, key: -1
2025-06-21 04:58:22,969 [DEBUG] [538] call_site: 0x4542ec, caller: 0x453584, block_addr: 0x4542d8, key: -1
2025-06-21 04:58:22,969 [DEBUG] [539] call_site: 0x454370, caller: 0x453584, block_addr: 0x45435c, key: -1
2025-06-21 04:58:22,969 [DEBUG] [540] call_site: 0x454730, caller: 0x4544f0, block_addr: 0x454718, key: wan_wan0_proto
2025-06-21 04:58:22,969 [DEBUG] [541] call_site: 0x45477c, caller: 0x4544f0, block_addr: 0x454768, key: wan_wan0_pppoe_static
2025-06-21 04:58:22,969 [DEBUG] [542] call_site: 0x454860, caller: 0x4544f0, block_addr: 0x45484c, key: wan_wan0_proto
2025-06-21 04:58:22,969 [DEBUG] [543] call_site: 0x4548ac, caller: 0x4544f0, block_addr: 0x454898, key: wan_wan0_proto
2025-06-21 04:58:22,969 [DEBUG] [544] call_site: 0x4548f8, caller: 0x4544f0, block_addr: 0x4548e4, key: wan_wan0_vpn_basicconn
2025-06-21 04:58:22,970 [DEBUG] [545] call_site: 0x4549dc, caller: 0x4544f0, block_addr: 0x4549c8, key: wan_wan0_proto
2025-06-21 04:58:22,970 [DEBUG] [546] call_site: 0x454ac0, caller: 0x4544f0, block_addr: 0x454aac, key: wan_wan0_dns_manual
2025-06-21 04:58:22,970 [DEBUG] [547] call_site: 0x454d28, caller: 0x4544f0, block_addr: 0x454d14, key: -1
2025-06-21 04:58:22,970 [DEBUG] [548] call_site: 0x457fd8, caller: 0x457f7c, block_addr: 0x457fc0, key: Login
2025-06-21 04:58:22,970 [DEBUG] [549] call_site: 0x457ffc, caller: 0x457f7c, block_addr: 0x457fe0, key: Password
2025-06-21 04:58:22,970 [DEBUG] [550] call_site: 0x458d58, caller: 0x458948, block_addr: 0x458d38, key: wan_wan_phy_ifname
2025-06-21 04:58:22,970 [DEBUG] [551] call_site: 0x4596e0, caller: 0x459664, block_addr: 0x459664, key: lan0_hwaddr
2025-06-21 04:58:22,970 [INFO] [+] Analysis for call sites of nvram_safe_get completed in 0.13 seconds.
2025-06-21 04:58:23,064 [INFO] Initializing angr Project/CFG for '/home/firmware/Current_dataset/D-Link/DIR-878/cpio-root/lib/librcm.so'...
2025-06-21 04:59:25,905 [INFO] Successfully initialized angr Project/CFG for '/home/firmware/Current_dataset/D-Link/DIR-878/cpio-root/lib/librcm.so' in 62.84s
2025-06-21 04:59:26,060 [WARNING] Call site at 0x407f20 has only 0 arguments; requested index 0 is out of range.
2025-06-21 04:59:26,060 [WARNING] Call site at 0x40839c has only 0 arguments; requested index 0 is out of range.
2025-06-21 04:59:26,062 [WARNING] Call site at 0x4100b4 has only 0 arguments; requested index 0 is out of range.
2025-06-21 04:59:26,063 [WARNING] Call site at 0x411058 has only 0 arguments; requested index 0 is out of range.
2025-06-21 04:59:26,064 [WARNING] Call site at 0x4196dc has only 0 arguments; requested index 0 is out of range.
2025-06-21 04:59:26,065 [WARNING] Call site at 0x419a60 has only 0 arguments; requested index 0 is out of range.
2025-06-21 04:59:26,070 [WARNING] [Fast] Success rate too low (0.00%); switching to Ghidra for 'nvram_safe_get'
2025-06-21 05:00:26,233 [INFO] [Ghidra] Extraction success rate for 'nvram_safe_get' = 63.68%
2025-06-21 05:00:26,234 [DEBUG] [1] call_site: 0x406264, caller: 0x406184, block_addr: 0x406228, key: -1
2025-06-21 05:00:26,234 [DEBUG] [2] call_site: 0x406458, caller: 0x406430, block_addr: 0x406430, key: lan0_hwaddr
2025-06-21 05:00:26,234 [DEBUG] [3] call_site: 0x4069dc, caller: 0x406994, block_addr: 0x406994, key: lan0_ipv6_ipaddr
2025-06-21 05:00:26,234 [DEBUG] [4] call_site: 0x406a0c, caller: 0x406994, block_addr: 0x406a00, key: lan0_ipv6_prefix
2025-06-21 05:00:26,234 [DEBUG] [5] call_site: 0x406e88, caller: 0x406da8, block_addr: 0x406e4c, key: -1
2025-06-21 05:00:26,234 [DEBUG] [6] call_site: 0x406fa4, caller: 0x406ecc, block_addr: 0x406f64, key: -1
2025-06-21 05:00:26,234 [DEBUG] [7] call_site: 0x4070c0, caller: 0x406fd8, block_addr: 0x407070, key: -1
2025-06-21 05:00:26,234 [DEBUG] [8] call_site: 0x407f3c, caller: 0x407f20, block_addr: 0x407f20, key: -1
2025-06-21 05:00:26,234 [DEBUG] [9] call_site: 0x408058, caller: 0x407f60, block_addr: 0x40801c, key: -1
2025-06-21 05:00:26,234 [DEBUG] [10] call_site: 0x408228, caller: 0x4081e4, block_addr: 0x4081e4, key: lan0_ipv6_ipaddr
2025-06-21 05:00:26,234 [DEBUG] [11] call_site: 0x4083b8, caller: 0x40839c, block_addr: 0x40839c, key: -1
2025-06-21 05:00:26,234 [DEBUG] [12] call_site: 0x409a34, caller: 0x4099b8, block_addr: 0x409a24, key: -1
2025-06-21 05:00:26,234 [DEBUG] [13] call_site: 0x409fdc, caller: 0x409fa0, block_addr: 0x409fa0, key: -1
2025-06-21 05:00:26,234 [DEBUG] [14] call_site: 0x40a118, caller: 0x40a010, block_addr: 0x40a108, key: -1
2025-06-21 05:00:26,235 [DEBUG] [15] call_site: 0x40db18, caller: 0x40dad0, block_addr: 0x40db04, key: RC_ModeType
2025-06-21 05:00:26,235 [DEBUG] [16] call_site: 0x40dd28, caller: 0x40dcdc, block_addr: 0x40dd18, key: RC_ModeType
2025-06-21 05:00:26,235 [DEBUG] [17] call_site: 0x40df08, caller: 0x40dedc, block_addr: 0x40dedc, key: wan0_proto
2025-06-21 05:00:26,235 [DEBUG] [18] call_site: 0x40df40, caller: 0x40dedc, block_addr: 0x40df40, key: wan0_proto
2025-06-21 05:00:26,235 [DEBUG] [19] call_site: 0x40df78, caller: 0x40dedc, block_addr: 0x40df78, key: wan0_proto
2025-06-21 05:00:26,235 [DEBUG] [20] call_site: 0x40dfb4, caller: 0x40dedc, block_addr: 0x40dfb0, key: wan0_ifname
2025-06-21 05:00:26,235 [DEBUG] [21] call_site: 0x40dff0, caller: 0x40dedc, block_addr: 0x40dfec, key: wan0_pptp_ifname
2025-06-21 05:00:26,235 [DEBUG] [22] call_site: 0x40e008, caller: 0x40dedc, block_addr: 0x40e004, key: wan0_pppoe_ifname
2025-06-21 05:00:26,235 [DEBUG] [23] call_site: 0x40e020, caller: 0x40dedc, block_addr: 0x40e01c, key: wan0_l2tp_ifname
2025-06-21 05:00:26,235 [DEBUG] [24] call_site: 0x40e05c, caller: 0x40e034, block_addr: 0x40e034, key: usb_wan0_pppou_ifname
2025-06-21 05:00:26,235 [DEBUG] [25] call_site: 0x40e0fc, caller: 0x40e090, block_addr: 0x40e090, key: wan_wan_count
2025-06-21 05:00:26,235 [DEBUG] [26] call_site: 0x40e1b8, caller: 0x40e090, block_addr: 0x40e180, key: -1
2025-06-21 05:00:26,235 [DEBUG] [27] call_site: 0x40e220, caller: 0x40e090, block_addr: 0x40e214, key: usb_wan_count
2025-06-21 05:00:26,235 [DEBUG] [28] call_site: 0x40e2d8, caller: 0x40e090, block_addr: 0x40e2a0, key: -1
2025-06-21 05:00:26,235 [DEBUG] [29] call_site: 0x40ec94, caller: 0x40ec1c, block_addr: 0x40ec1c, key: wan_wan_count
2025-06-21 05:00:26,236 [DEBUG] [30] call_site: 0x40ee78, caller: 0x40ec1c, block_addr: 0x40ee3c, key: -1
2025-06-21 05:00:26,236 [DEBUG] [31] call_site: 0x40ef0c, caller: 0x40ec1c, block_addr: 0x40eed0, key: -1
2025-06-21 05:00:26,236 [DEBUG] [32] call_site: 0x40ef7c, caller: 0x40ec1c, block_addr: 0x40ef48, key: -1
2025-06-21 05:00:26,236 [DEBUG] [33] call_site: 0x40f03c, caller: 0x40ec1c, block_addr: 0x40f030, key: usb_wan_count
2025-06-21 05:00:26,236 [DEBUG] [34] call_site: 0x40f154, caller: 0x40ec1c, block_addr: 0x40f11c, key: -1
2025-06-21 05:00:26,236 [DEBUG] [35] call_site: 0x40f1e4, caller: 0x40ec1c, block_addr: 0x40f1a8, key: -1
2025-06-21 05:00:26,236 [DEBUG] [36] call_site: 0x40f254, caller: 0x40ec1c, block_addr: 0x40f220, key: -1
2025-06-21 05:00:26,236 [DEBUG] [37] call_site: 0x40f42c, caller: 0x40f370, block_addr: 0x40f41c, key: -1
2025-06-21 05:00:26,236 [DEBUG] [38] call_site: 0x40f500, caller: 0x40f444, block_addr: 0x40f4f0, key: -1
2025-06-21 05:00:26,236 [DEBUG] [39] call_site: 0x40f628, caller: 0x40f518, block_addr: 0x40f618, key: -1
2025-06-21 05:00:26,236 [DEBUG] [40] call_site: 0x40fab0, caller: 0x40f9bc, block_addr: 0x40faa0, key: -1
2025-06-21 05:00:26,236 [DEBUG] [41] call_site: 0x40fae8, caller: 0x40f9bc, block_addr: 0x40fad8, key: -1
2025-06-21 05:00:26,236 [DEBUG] [42] call_site: 0x40ff90, caller: 0x40ff38, block_addr: 0x40ff84, key: wan0_proto
2025-06-21 05:00:26,236 [DEBUG] [43] call_site: 0x41006c, caller: 0x40ff38, block_addr: 0x41005c, key: -1
2025-06-21 05:00:26,236 [DEBUG] [44] call_site: 0x4100b4, caller: 0x40ff38, block_addr: 0x4100b4, key: -1
2025-06-21 05:00:26,237 [DEBUG] [45] call_site: 0x4104f8, caller: 0x4103e8, block_addr: 0x4104ec, key: antiattack_antidos_enable
2025-06-21 05:00:26,237 [DEBUG] [46] call_site: 0x410584, caller: 0x4103e8, block_addr: 0x410574, key: antiattack_antidos_enable
2025-06-21 05:00:26,237 [DEBUG] [47] call_site: 0x4105bc, caller: 0x4103e8, block_addr: 0x4105b4, key: antiattack_antidos_enable
2025-06-21 05:00:26,237 [DEBUG] [48] call_site: 0x410fbc, caller: 0x4103e8, block_addr: 0x410fb4, key: antiattack_antidos_enable
2025-06-21 05:00:26,237 [DEBUG] [49] call_site: 0x411058, caller: 0x4103e8, block_addr: 0x411058, key: wan_ifnames
2025-06-21 05:00:26,237 [DEBUG] [50] call_site: 0x41152c, caller: 0x4103e8, block_addr: 0x411524, key: antiattack_antidos_enable
2025-06-21 05:00:26,237 [DEBUG] [51] call_site: 0x4115b4, caller: 0x4103e8, block_addr: 0x4115a4, key: antiattack_antidos_enable
2025-06-21 05:00:26,237 [DEBUG] [52] call_site: 0x4117fc, caller: 0x4103e8, block_addr: 0x4117f4, key: antiattack_antidos_enable
2025-06-21 05:00:26,237 [DEBUG] [53] call_site: 0x411850, caller: 0x4103e8, block_addr: 0x411848, key: antiattack_antidos_enable
2025-06-21 05:00:26,237 [DEBUG] [54] call_site: 0x411a64, caller: 0x4103e8, block_addr: 0x411a5c, key: antiattack_antidos_enable
2025-06-21 05:00:26,237 [DEBUG] [55] call_site: 0x411aec, caller: 0x4103e8, block_addr: 0x411adc, key: antiattack_antidos_enable
2025-06-21 05:00:26,237 [DEBUG] [56] call_site: 0x411e24, caller: 0x4103e8, block_addr: 0x411e18, key: wan0_ipaddr
2025-06-21 05:00:26,237 [DEBUG] [57] call_site: 0x411e3c, caller: 0x4103e8, block_addr: 0x411e2c, key: wan0_ipaddr
2025-06-21 05:00:26,237 [DEBUG] [58] call_site: 0x411e90, caller: 0x4103e8, block_addr: 0x411e80, key: wan0_ipaddr
2025-06-21 05:00:26,237 [DEBUG] [59] call_site: 0x411ea8, caller: 0x4103e8, block_addr: 0x411e98, key: wan0_ipaddr
2025-06-21 05:00:26,237 [DEBUG] [60] call_site: 0x411efc, caller: 0x4103e8, block_addr: 0x411eec, key: wan0_ipaddr
2025-06-21 05:00:26,238 [DEBUG] [61] call_site: 0x411f14, caller: 0x4103e8, block_addr: 0x411f04, key: wan0_ipaddr
2025-06-21 05:00:26,238 [DEBUG] [62] call_site: 0x411fc8, caller: 0x4103e8, block_addr: 0x411fb8, key: -1
2025-06-21 05:00:26,238 [DEBUG] [63] call_site: 0x412658, caller: 0x412230, block_addr: 0x412648, key: -1
2025-06-21 05:00:26,238 [DEBUG] [64] call_site: 0x412690, caller: 0x412230, block_addr: 0x412680, key: -1
2025-06-21 05:00:26,238 [DEBUG] [65] call_site: 0x413588, caller: 0x4134e4, block_addr: 0x413574, key: lan0_ipv6_prefix
2025-06-21 05:00:26,238 [DEBUG] [66] call_site: 0x413e30, caller: 0x413928, block_addr: 0x413e20, key: firewall_spi_enable
2025-06-21 05:00:26,238 [DEBUG] [67] call_site: 0x413e68, caller: 0x413928, block_addr: 0x413e60, key: firewall_spi_enable
2025-06-21 05:00:26,238 [DEBUG] [68] call_site: 0x413ef0, caller: 0x413928, block_addr: 0x413ee8, key: firewall_spi_enable
2025-06-21 05:00:26,238 [DEBUG] [69] call_site: 0x414538, caller: 0x413928, block_addr: 0x414528, key: -1
2025-06-21 05:00:26,238 [DEBUG] [70] call_site: 0x414570, caller: 0x413928, block_addr: 0x414560, key: -1
2025-06-21 05:00:26,238 [DEBUG] [71] call_site: 0x414888, caller: 0x413928, block_addr: 0x414878, key: -1
2025-06-21 05:00:26,238 [DEBUG] [72] call_site: 0x4148c0, caller: 0x413928, block_addr: 0x4148b0, key: -1
2025-06-21 05:00:26,238 [DEBUG] [73] call_site: 0x415178, caller: 0x415144, block_addr: 0x415144, key: ntp_DaylightSavingsOffset
2025-06-21 05:00:26,238 [DEBUG] [74] call_site: 0x415250, caller: 0x415144, block_addr: 0x41523c, key: ntp_DaylightSavingsStart
2025-06-21 05:00:26,238 [DEBUG] [75] call_site: 0x41526c, caller: 0x415144, block_addr: 0x415258, key: ntp_DaylightSavingsEnd
2025-06-21 05:00:26,238 [DEBUG] [76] call_site: 0x41545c, caller: 0x4153fc, block_addr: 0x415448, key: ntp_DaylightSavingsUsed
2025-06-21 05:00:26,239 [DEBUG] [77] call_site: 0x4154bc, caller: 0x4153fc, block_addr: 0x4154b0, key: ntp_DaylightSavingsOffset
2025-06-21 05:00:26,239 [DEBUG] [78] call_site: 0x4155b4, caller: 0x41556c, block_addr: 0x4155a0, key: ntp_timezone
2025-06-21 05:00:26,239 [DEBUG] [79] call_site: 0x4156e0, caller: 0x415690, block_addr: 0x4156d4, key: lan_reserve_config
2025-06-21 05:00:26,239 [DEBUG] [80] call_site: 0x41583c, caller: 0x4157f0, block_addr: 0x4157f0, key: lan_reserve_config
2025-06-21 05:00:26,239 [DEBUG] [81] call_site: 0x415b94, caller: 0x415b18, block_addr: 0x415b18, key: dmz_ipaddr
2025-06-21 05:00:26,239 [DEBUG] [82] call_site: 0x415bb0, caller: 0x415b18, block_addr: 0x415b9c, key: lan0_ipaddr
2025-06-21 05:00:26,239 [DEBUG] [83] call_site: 0x415bcc, caller: 0x415b18, block_addr: 0x415bb8, key: lan0_netmask
2025-06-21 05:00:26,239 [DEBUG] [84] call_site: 0x415be4, caller: 0x415b18, block_addr: 0x415bd4, key: dhcp_start
2025-06-21 05:00:26,239 [DEBUG] [85] call_site: 0x415bfc, caller: 0x415b18, block_addr: 0x415bec, key: dhcp_end
2025-06-21 05:00:26,239 [DEBUG] [86] call_site: 0x416074, caller: 0x415ff0, block_addr: 0x415ff0, key: nvpriv_mac
2025-06-21 05:00:26,239 [DEBUG] [87] call_site: 0x416388, caller: 0x41630c, block_addr: 0x41637c, key: landevs
2025-06-21 05:00:26,239 [DEBUG] [88] call_site: 0x416540, caller: 0x41630c, block_addr: 0x416534, key: wandevs
2025-06-21 05:00:26,239 [DEBUG] [89] call_site: 0x416d90, caller: 0x416c50, block_addr: 0x416d7c, key: acl_wan_ping_enable
2025-06-21 05:00:26,239 [DEBUG] [90] call_site: 0x4173a0, caller: 0x417108, block_addr: 0x417390, key: -1
2025-06-21 05:00:26,239 [DEBUG] [91] call_site: 0x4173ec, caller: 0x417108, block_addr: 0x4173e0, key: guest_login_blocked
2025-06-21 05:00:26,239 [DEBUG] [92] call_site: 0x4178b4, caller: 0x417558, block_addr: 0x4178a4, key: -1
2025-06-21 05:00:26,240 [DEBUG] [93] call_site: 0x4178ec, caller: 0x417558, block_addr: 0x4178dc, key: -1
2025-06-21 05:00:26,240 [DEBUG] [94] call_site: 0x417b54, caller: 0x417558, block_addr: 0x417b48, key: vpn_client_ip
2025-06-21 05:00:26,240 [DEBUG] [95] call_site: 0x418874, caller: 0x4186e8, block_addr: 0x418860, key: wl0.1_cafestyle
2025-06-21 05:00:26,240 [DEBUG] [96] call_site: 0x4188ac, caller: 0x4186e8, block_addr: 0x4188a0, key: wl1.1_cafestyle
2025-06-21 05:00:26,240 [DEBUG] [97] call_site: 0x418f68, caller: 0x418f40, block_addr: 0x418f40, key: alg_rtsp_enable
2025-06-21 05:00:26,240 [DEBUG] [98] call_site: 0x4190c4, caller: 0x4190a4, block_addr: 0x4190a4, key: alg_sip_enable
2025-06-21 05:00:26,240 [DEBUG] [99] call_site: 0x419134, caller: 0x41910c, block_addr: 0x41910c, key: alg_ipsec_enable
2025-06-21 05:00:26,240 [DEBUG] [100] call_site: 0x419298, caller: 0x419270, block_addr: 0x419270, key: alg_pptp_enable
2025-06-21 05:00:26,240 [DEBUG] [101] call_site: 0x419560, caller: 0x419520, block_addr: 0x419520, key: lan0_ipaddr
2025-06-21 05:00:26,240 [DEBUG] [102] call_site: 0x41957c, caller: 0x419520, block_addr: 0x419568, key: lan0_netmask
2025-06-21 05:00:26,240 [DEBUG] [103] call_site: 0x419598, caller: 0x419520, block_addr: 0x419584, key: wan0_ipaddr
2025-06-21 05:00:26,240 [DEBUG] [104] call_site: 0x4195b4, caller: 0x419520, block_addr: 0x4195a0, key: wan0_netmask
2025-06-21 05:00:26,240 [DEBUG] [105] call_site: 0x419658, caller: 0x419520, block_addr: 0x41964c, key: wan0_proto
2025-06-21 05:00:26,240 [DEBUG] [106] call_site: 0x419690, caller: 0x419520, block_addr: 0x419688, key: wan0_proto
2025-06-21 05:00:26,240 [DEBUG] [107] call_site: 0x4196dc, caller: 0x419520, block_addr: 0x4196dc, key: -1
2025-06-21 05:00:26,240 [DEBUG] [108] call_site: 0x4199e0, caller: 0x41989c, block_addr: 0x4199d0, key: -1
2025-06-21 05:00:26,241 [DEBUG] [109] call_site: 0x419a60, caller: 0x41989c, block_addr: 0x419a60, key: -1
2025-06-21 05:00:26,241 [DEBUG] [110] call_site: 0x419ab4, caller: 0x41989c, block_addr: 0x419aa4, key: -1
2025-06-21 05:00:26,241 [DEBUG] [111] call_site: 0x419e74, caller: 0x419d90, block_addr: 0x419e64, key: ftp_enable
2025-06-21 05:00:26,241 [DEBUG] [112] call_site: 0x419ea8, caller: 0x419d90, block_addr: 0x419e98, key: ftp_port
2025-06-21 05:00:26,241 [DEBUG] [113] call_site: 0x419ee0, caller: 0x419d90, block_addr: 0x419ecc, key: ftp_config
2025-06-21 05:00:26,241 [DEBUG] [114] call_site: 0x41a1c8, caller: 0x419d90, block_addr: 0x41a1b8, key: ftp_port
2025-06-21 05:00:26,241 [DEBUG] [115] call_site: 0x41a7a8, caller: 0x41a6f4, block_addr: 0x41a794, key: lan0_ipaddr
2025-06-21 05:00:26,241 [DEBUG] [116] call_site: 0x41b3c8, caller: 0x41b240, block_addr: 0x41b3b4, key: url_filter_mode
2025-06-21 05:00:26,241 [DEBUG] [117] call_site: 0x41b3e4, caller: 0x41b240, block_addr: 0x41b3d0, key: url_filter_rule
2025-06-21 05:00:26,241 [DEBUG] [118] call_site: 0x41bdf8, caller: 0x41bd7c, block_addr: 0x41bdec, key: mail_server_name
2025-06-21 05:00:26,241 [DEBUG] [119] call_site: 0x41be14, caller: 0x41bd7c, block_addr: 0x41be00, key: mail_usrname
2025-06-21 05:00:26,241 [DEBUG] [120] call_site: 0x41be30, caller: 0x41bd7c, block_addr: 0x41be1c, key: mail_password
2025-06-21 05:00:26,241 [DEBUG] [121] call_site: 0x41be4c, caller: 0x41bd7c, block_addr: 0x41be38, key: mail_to_address
2025-06-21 05:00:26,241 [DEBUG] [122] call_site: 0x41c520, caller: 0x41c4e0, block_addr: 0x41c50c, key: trigger_timeout
2025-06-21 05:00:26,241 [DEBUG] [123] call_site: 0x41ca18, caller: 0x41c58c, block_addr: 0x41ca04, key: porttrigger_rule
2025-06-21 05:00:26,241 [DEBUG] [124] call_site: 0x41d35c, caller: 0x41d2d8, block_addr: 0x41d348, key: trigger_delete_rules
2025-06-21 05:00:26,242 [DEBUG] [125] call_site: 0x41d7e8, caller: 0x41d6a8, block_addr: 0x41d7d4, key: porttrigger_enable
2025-06-21 05:00:26,242 [DEBUG] [126] call_site: 0x41e0dc, caller: 0x41e06c, block_addr: 0x41e06c, key: parent_control_enable
2025-06-21 05:00:26,242 [DEBUG] [127] call_site: 0x41e11c, caller: 0x41e06c, block_addr: 0x41e110, key: parent_rules
2025-06-21 05:00:26,242 [DEBUG] [128] call_site: 0x420440, caller: 0x4203c0, block_addr: 0x42042c, key: lan0_upnp
2025-06-21 05:00:26,242 [DEBUG] [129] call_site: 0x420c48, caller: 0x420b30, block_addr: 0x420c3c, key: lan0_ifname
2025-06-21 05:00:26,242 [DEBUG] [130] call_site: 0x420c64, caller: 0x420b30, block_addr: 0x420c50, key: lan0_ipaddr
2025-06-21 05:00:26,242 [DEBUG] [131] call_site: 0x420f4c, caller: 0x420e74, block_addr: 0x420f38, key: lan0_upnp
2025-06-21 05:00:26,242 [DEBUG] [132] call_site: 0x421c2c, caller: 0x421b00, block_addr: 0x421c20, key: lan0_upnp
2025-06-21 05:00:26,242 [DEBUG] [133] call_site: 0x422310, caller: 0x4220c0, block_addr: 0x4222fc, key: usb_wan0_modem_control_itf
2025-06-21 05:00:26,242 [DEBUG] [134] call_site: 0x422a90, caller: 0x422850, block_addr: 0x422a7c, key: usb_wan0_modem_control_itf
2025-06-21 05:00:26,242 [DEBUG] [135] call_site: 0x42328c, caller: 0x423058, block_addr: 0x423278, key: usb_wan0_modem_control_itf
2025-06-21 05:00:26,242 [DEBUG] [136] call_site: 0x423770, caller: 0x42353c, block_addr: 0x42375c, key: usb_wan0_modem_control_itf
2025-06-21 05:00:26,242 [DEBUG] [137] call_site: 0x423c30, caller: 0x4239fc, block_addr: 0x423c1c, key: usb_wan0_modem_control_itf
2025-06-21 05:00:26,242 [DEBUG] [138] call_site: 0x424c28, caller: 0x424bdc, block_addr: 0x424bdc, key: usb_wan0_modem_target_pid
2025-06-21 05:00:26,242 [DEBUG] [139] call_site: 0x424c40, caller: 0x424bdc, block_addr: 0x424c30, key: usb_wan0_modem_target_vid
2025-06-21 05:00:26,243 [DEBUG] [140] call_site: 0x425600, caller: 0x4254d8, block_addr: 0x4255ac, key: -1
2025-06-21 05:00:26,243 [DEBUG] [141] call_site: 0x4256a4, caller: 0x4254d8, block_addr: 0x42565c, key: -1
2025-06-21 05:00:26,243 [DEBUG] [142] call_site: 0x425728, caller: 0x4254d8, block_addr: 0x4256e0, key: -1
2025-06-21 05:00:26,243 [DEBUG] [143] call_site: 0x4257ac, caller: 0x4254d8, block_addr: 0x425764, key: -1
2025-06-21 05:00:26,243 [DEBUG] [144] call_site: 0x425828, caller: 0x4254d8, block_addr: 0x4257e8, key: -1
2025-06-21 05:00:26,243 [DEBUG] [145] call_site: 0x4258a0, caller: 0x4254d8, block_addr: 0x425860, key: -1
2025-06-21 05:00:26,243 [DEBUG] [146] call_site: 0x425928, caller: 0x4254d8, block_addr: 0x4258dc, key: -1
2025-06-21 05:00:26,243 [DEBUG] [147] call_site: 0x4259ac, caller: 0x4254d8, block_addr: 0x425964, key: -1
2025-06-21 05:00:26,243 [DEBUG] [148] call_site: 0x425a38, caller: 0x4254d8, block_addr: 0x4259e8, key: -1
2025-06-21 05:00:26,243 [DEBUG] [149] call_site: 0x425ac4, caller: 0x4254d8, block_addr: 0x425a74, key: -1
2025-06-21 05:00:26,243 [DEBUG] [150] call_site: 0x425b54, caller: 0x4254d8, block_addr: 0x425b00, key: -1
2025-06-21 05:00:26,243 [DEBUG] [151] call_site: 0x425f7c, caller: 0x4254d8, block_addr: 0x425f30, key: -1
2025-06-21 05:00:26,243 [DEBUG] [152] call_site: 0x426058, caller: 0x4254d8, block_addr: 0x426018, key: -1
2025-06-21 05:00:26,243 [DEBUG] [153] call_site: 0x426394, caller: 0x4254d8, block_addr: 0x426348, key: -1
2025-06-21 05:00:26,243 [DEBUG] [154] call_site: 0x426ba8, caller: 0x426a2c, block_addr: 0x426b94, key: dmz_enable
2025-06-21 05:00:26,243 [DEBUG] [155] call_site: 0x426c30, caller: 0x426a2c, block_addr: 0x426c1c, key: dmz_ipaddr
2025-06-21 05:00:26,244 [DEBUG] [156] call_site: 0x427204, caller: 0x426a2c, block_addr: 0x4271f4, key: -1
2025-06-21 05:00:26,244 [DEBUG] [157] call_site: 0x427240, caller: 0x426a2c, block_addr: 0x427230, key: -1
2025-06-21 05:00:26,244 [DEBUG] [158] call_site: 0x427b04, caller: 0x427890, block_addr: 0x427af0, key: portforward_enable
2025-06-21 05:00:26,244 [DEBUG] [159] call_site: 0x427de0, caller: 0x427890, block_addr: 0x427dd4, key: portforward_rule
2025-06-21 05:00:26,244 [DEBUG] [160] call_site: 0x428664, caller: 0x427890, block_addr: 0x428654, key: -1
2025-06-21 05:00:26,244 [DEBUG] [161] call_site: 0x4286d4, caller: 0x427890, block_addr: 0x4286c4, key: -1
2025-06-21 05:00:26,244 [DEBUG] [162] call_site: 0x429ea8, caller: 0x429c60, block_addr: 0x429e94, key: virtualserver_enable
2025-06-21 05:00:26,244 [DEBUG] [163] call_site: 0x42a184, caller: 0x429c60, block_addr: 0x42a178, key: virtualserver_rule
2025-06-21 05:00:26,244 [DEBUG] [164] call_site: 0x42ae20, caller: 0x429c60, block_addr: 0x42ae10, key: -1
2025-06-21 05:00:26,244 [DEBUG] [165] call_site: 0x42ae90, caller: 0x429c60, block_addr: 0x42ae80, key: -1
2025-06-21 05:00:26,244 [DEBUG] [166] call_site: 0x42c2b4, caller: 0x42c170, block_addr: 0x42c2a0, key: remotemange_enable
2025-06-21 05:00:26,244 [DEBUG] [167] call_site: 0x42c2d0, caller: 0x42c170, block_addr: 0x42c2bc, key: remotemange_port
2025-06-21 05:00:26,244 [DEBUG] [168] call_site: 0x42c2ec, caller: 0x42c170, block_addr: 0x42c2d8, key: remotemange_https_enable
2025-06-21 05:00:26,244 [DEBUG] [169] call_site: 0x42c308, caller: 0x42c170, block_addr: 0x42c2f4, key: remotemange_https_port
2025-06-21 05:00:26,244 [DEBUG] [170] call_site: 0x42c324, caller: 0x42c170, block_addr: 0x42c310, key: remotemange_ipaddr_start
2025-06-21 05:00:26,244 [DEBUG] [171] call_site: 0x42c340, caller: 0x42c170, block_addr: 0x42c32c, key: remotemange_ipaddr_end
2025-06-21 05:00:26,245 [DEBUG] [172] call_site: 0x42c35c, caller: 0x42c170, block_addr: 0x42c348, key: -1
2025-06-21 05:00:26,245 [DEBUG] [173] call_site: 0x42c4ac, caller: 0x42c170, block_addr: 0x42c4a0, key: lan0_ipaddr
2025-06-21 05:00:26,245 [DEBUG] [174] call_site: 0x42d008, caller: 0x42ce64, block_addr: 0x42cff4, key: ip_filter_mode
2025-06-21 05:00:26,245 [DEBUG] [175] call_site: 0x42d024, caller: 0x42ce64, block_addr: 0x42d010, key: ip_filter_rule
2025-06-21 05:00:26,245 [DEBUG] [176] call_site: 0x42d42c, caller: 0x42ce64, block_addr: 0x42d41c, key: -1
2025-06-21 05:00:26,245 [DEBUG] [177] call_site: 0x42d494, caller: 0x42ce64, block_addr: 0x42d484, key: -1
2025-06-21 05:00:26,245 [DEBUG] [178] call_site: 0x42e208, caller: 0x42e034, block_addr: 0x42e1f4, key: mac_filter_mode
2025-06-21 05:00:26,245 [DEBUG] [179] call_site: 0x42e224, caller: 0x42e034, block_addr: 0x42e210, key: mac_filter_rule
2025-06-21 05:00:26,245 [DEBUG] [180] call_site: 0x42e698, caller: 0x42e034, block_addr: 0x42e688, key: -1
2025-06-21 05:00:26,245 [DEBUG] [181] call_site: 0x42e704, caller: 0x42e034, block_addr: 0x42e6f4, key: -1
2025-06-21 05:00:26,245 [DEBUG] [182] call_site: 0x42f39c, caller: 0x42f164, block_addr: 0x42f388, key: firewall_filter_mode
2025-06-21 05:00:26,245 [DEBUG] [183] call_site: 0x42f3b8, caller: 0x42f164, block_addr: 0x42f3a4, key: firewall_filter_rule
2025-06-21 05:00:26,245 [DEBUG] [184] call_site: 0x430064, caller: 0x42f164, block_addr: 0x430054, key: -1
2025-06-21 05:00:26,245 [DEBUG] [185] call_site: 0x4300d0, caller: 0x42f164, block_addr: 0x4300c0, key: -1
2025-06-21 05:00:26,245 [DEBUG] [186] call_site: 0x4312d8, caller: 0x431080, block_addr: 0x4312c4, key: firewall_ipv6_filter_mode
2025-06-21 05:00:26,245 [DEBUG] [187] call_site: 0x4312f4, caller: 0x431080, block_addr: 0x4312e0, key: firewall_ipv6_filter_rule
2025-06-21 05:00:26,246 [DEBUG] [188] call_site: 0x431720, caller: 0x431080, block_addr: 0x4316e4, key: -1
2025-06-21 05:00:26,246 [DEBUG] [189] call_site: 0x431de0, caller: 0x431080, block_addr: 0x431d9c, key: -1
2025-06-21 05:00:26,246 [DEBUG] [190] call_site: 0x431fc0, caller: 0x431080, block_addr: 0x431fb0, key: -1
2025-06-21 05:00:26,246 [DEBUG] [191] call_site: 0x43202c, caller: 0x431080, block_addr: 0x43201c, key: -1
2025-06-21 05:00:26,246 [DEBUG] [192] call_site: 0x4330e0, caller: 0x43307c, block_addr: 0x4330cc, key: UploadBandwidth
2025-06-21 05:00:26,246 [DEBUG] [193] call_site: 0x4330fc, caller: 0x43307c, block_addr: 0x4330e8, key: UploadBandwidthUnit
2025-06-21 05:00:26,246 [DEBUG] [194] call_site: 0x433118, caller: 0x43307c, block_addr: 0x433104, key: DownloadBandwidth
2025-06-21 05:00:26,246 [DEBUG] [195] call_site: 0x433134, caller: 0x43307c, block_addr: 0x433120, key: DownloadBandwidthUnit
2025-06-21 05:00:26,246 [DEBUG] [196] call_site: 0x43396c, caller: 0x43307c, block_addr: 0x43395c, key: -1
2025-06-21 05:00:26,246 [DEBUG] [197] call_site: 0x4339a4, caller: 0x43307c, block_addr: 0x433994, key: -1
2025-06-21 05:00:26,246 [DEBUG] [198] call_site: 0x4339dc, caller: 0x43307c, block_addr: 0x4339cc, key: -1
2025-06-21 05:00:26,246 [DEBUG] [199] call_site: 0x433a10, caller: 0x43307c, block_addr: 0x433a00, key: -1
2025-06-21 05:00:26,246 [DEBUG] [200] call_site: 0x433a48, caller: 0x43307c, block_addr: 0x433a38, key: -1
2025-06-21 05:00:26,246 [DEBUG] [201] call_site: 0x433ea0, caller: 0x433e6c, block_addr: 0x433e6c, key: QosManagementType
2025-06-21 05:00:26,246 [INFO] [+] Analysis for call sites of nvram_safe_get completed in 60.22 seconds.
2025-06-21 05:00:26,248 [INFO] Initializing angr Project/CFG for '/home/firmware/Current_dataset/D-Link/DIR-878/cpio-root/usr/sbin/timer'...
2025-06-21 05:00:30,008 [INFO] Successfully initialized angr Project/CFG for '/home/firmware/Current_dataset/D-Link/DIR-878/cpio-root/usr/sbin/timer' in 3.76s
2025-06-21 05:00:30,031 [WARNING] Call site at 0x401ec0 has only 0 arguments; requested index 0 is out of range.
2025-06-21 05:00:30,033 [WARNING] [Fast] Success rate too low (0.00%); switching to Ghidra for 'nvram_safe_get'
2025-06-21 05:01:01,124 [INFO] [Ghidra] Extraction success rate for 'nvram_safe_get' = 95.45%
2025-06-21 05:01:01,124 [DEBUG] [1] call_site: 0x4014d0, caller: 0x401080, block_addr: 0x4014c4, key: SysLogMail_Schedule_Name
2025-06-21 05:01:01,124 [DEBUG] [2] call_site: 0x401e04, caller: 0x401c80, block_addr: 0x401df8, key: wan_wan0_proto
2025-06-21 05:01:01,124 [DEBUG] [3] call_site: 0x401e84, caller: 0x401c80, block_addr: 0x401e78, key: wan_wan0_pppoe_idletime
2025-06-21 05:01:01,124 [DEBUG] [4] call_site: 0x401ec0, caller: 0x401c80, block_addr: 0x401ec0, key: -1
2025-06-21 05:01:01,124 [DEBUG] [5] call_site: 0x401f14, caller: 0x401c80, block_addr: 0x401f08, key: wan_wan0_vpn_idletime
2025-06-21 05:01:01,125 [DEBUG] [6] call_site: 0x402144, caller: 0x402074, block_addr: 0x402138, key: wan_phylink
2025-06-21 05:01:01,125 [DEBUG] [7] call_site: 0x4021a4, caller: 0x402074, block_addr: 0x402198, key: wan_wan0_proto
2025-06-21 05:01:01,125 [DEBUG] [8] call_site: 0x4021c0, caller: 0x402074, block_addr: 0x4021ac, key: wan_wan0_status
2025-06-21 05:01:01,125 [DEBUG] [9] call_site: 0x402220, caller: 0x402074, block_addr: 0x402214, key: wan_wan0_vpn_demand
2025-06-21 05:01:01,125 [DEBUG] [10] call_site: 0x40223c, caller: 0x402074, block_addr: 0x402228, key: wan_wan0_vpn_manual_action
2025-06-21 05:01:01,125 [DEBUG] [11] call_site: 0x402460, caller: 0x402074, block_addr: 0x40240c, key: -1
2025-06-21 05:01:01,125 [DEBUG] [12] call_site: 0x4024e0, caller: 0x402074, block_addr: 0x4024d4, key: wan_wan0_pppoe_demand
2025-06-21 05:01:01,125 [DEBUG] [13] call_site: 0x4024fc, caller: 0x402074, block_addr: 0x4024e8, key: wan_wan0_pppoe_manual_action
2025-06-21 05:01:01,125 [DEBUG] [14] call_site: 0x402618, caller: 0x4025cc, block_addr: 0x402608, key: RC_ModeType
2025-06-21 05:01:01,125 [DEBUG] [15] call_site: 0x4027a8, caller: 0x402724, block_addr: 0x40279c, key: IsInConfiguring
2025-06-21 05:01:01,125 [DEBUG] [16] call_site: 0x402844, caller: 0x402724, block_addr: 0x402838, key: wan_wan0_proto
2025-06-21 05:01:01,125 [DEBUG] [17] call_site: 0x40287c, caller: 0x402724, block_addr: 0x402870, key: wan_wan0_pppoe_demand
2025-06-21 05:01:01,125 [DEBUG] [18] call_site: 0x4028b4, caller: 0x402724, block_addr: 0x4028a8, key: wan_wan0_pppoe_autoreconn
2025-06-21 05:01:01,125 [DEBUG] [19] call_site: 0x4029b0, caller: 0x402724, block_addr: 0x4029a4, key: wan_wan0_pppoe_DualAccessEn
2025-06-21 05:01:01,125 [DEBUG] [20] call_site: 0x4029e4, caller: 0x402724, block_addr: 0x4029dc, key: wan_wan0_proto
2025-06-21 05:01:01,126 [DEBUG] [21] call_site: 0x402a1c, caller: 0x402724, block_addr: 0x402a14, key: wan_wan0_proto
2025-06-21 05:01:01,126 [DEBUG] [22] call_site: 0x402a58, caller: 0x402724, block_addr: 0x402a50, key: wan_wan0_vpn_demand
2025-06-21 05:01:01,126 [DEBUG] [23] call_site: 0x402a90, caller: 0x402724, block_addr: 0x402a84, key: wan_wan0_vpn_autoreconn
2025-06-21 05:01:01,126 [DEBUG] [24] call_site: 0x402b04, caller: 0x402724, block_addr: 0x402afc, key: wan_wan0_proto
2025-06-21 05:01:01,126 [DEBUG] [25] call_site: 0x402b3c, caller: 0x402724, block_addr: 0x402b30, key: wan_wan0_vpn_demand
2025-06-21 05:01:01,126 [DEBUG] [26] call_site: 0x402b74, caller: 0x402724, block_addr: 0x402b68, key: wan_wan0_vpn_autoreconn
2025-06-21 05:01:01,126 [DEBUG] [27] call_site: 0x402c0c, caller: 0x402724, block_addr: 0x402c00, key: wan_wan0_pppoe_manual_action
2025-06-21 05:01:01,126 [DEBUG] [28] call_site: 0x402c4c, caller: 0x402724, block_addr: 0x402c40, key: wan_wan0_vpn_manual_action
2025-06-21 05:01:01,126 [DEBUG] [29] call_site: 0x402c8c, caller: 0x402724, block_addr: 0x402c80, key: wan_wan0_vpn_manual_action
2025-06-21 05:01:01,126 [DEBUG] [30] call_site: 0x402d20, caller: 0x402cc0, block_addr: 0x402cc0, key: self_healing_enable
2025-06-21 05:01:01,126 [DEBUG] [31] call_site: 0x402de8, caller: 0x402cc0, block_addr: 0x402ddc, key: self_healing_time
2025-06-21 05:01:01,126 [DEBUG] [32] call_site: 0x402e3c, caller: 0x402cc0, block_addr: 0x402e28, key: self_healing_day
2025-06-21 05:01:01,126 [DEBUG] [33] call_site: 0x402fd8, caller: 0x402f68, block_addr: 0x402f68, key: wlan_time_enable
2025-06-21 05:01:01,126 [DEBUG] [34] call_site: 0x4030a8, caller: 0x402f68, block_addr: 0x40309c, key: wlan_start_time
2025-06-21 05:01:01,126 [DEBUG] [35] call_site: 0x4030fc, caller: 0x402f68, block_addr: 0x4030e8, key: wlan_end_time
2025-06-21 05:01:01,127 [DEBUG] [36] call_site: 0x403150, caller: 0x402f68, block_addr: 0x40313c, key: wlan_day_time
2025-06-21 05:01:01,127 [DEBUG] [37] call_site: 0x4031d0, caller: 0x402f68, block_addr: 0x4031c4, key: wl0_radio
2025-06-21 05:01:01,127 [DEBUG] [38] call_site: 0x40320c, caller: 0x402f68, block_addr: 0x403204, key: wl1_radio
2025-06-21 05:01:01,127 [DEBUG] [39] call_site: 0x4032b8, caller: 0x402f68, block_addr: 0x4032ac, key: wl0_radio
2025-06-21 05:01:01,127 [DEBUG] [40] call_site: 0x4032f4, caller: 0x402f68, block_addr: 0x4032ec, key: wl1_radio
2025-06-21 05:01:01,127 [DEBUG] [41] call_site: 0x403440, caller: 0x4033c4, block_addr: 0x4033c4, key: parent_control_enable
2025-06-21 05:01:01,127 [DEBUG] [42] call_site: 0x4035e8, caller: 0x4033c4, block_addr: 0x4035dc, key: schedule_enable
2025-06-21 05:01:01,127 [DEBUG] [43] call_site: 0x403674, caller: 0x4033c4, block_addr: 0x403668, key: schedule_enable
2025-06-21 05:01:01,127 [DEBUG] [44] call_site: 0x403abc, caller: 0x403a50, block_addr: 0x403a50, key: parent_rules
2025-06-21 05:01:01,127 [INFO] [+] Analysis for call sites of nvram_safe_get completed in 31.10 seconds.
2025-06-21 05:01:01,133 [INFO] Creation of single set-get-graph for nvram_safe_set and nvram_safe_get completed in 313.00 seconds.
2025-06-21 05:01:01,210 [INFO] [Fast] Extraction success rate for 'nvram_safe_set' = 54.43%
2025-06-21 05:01:01,210 [DEBUG] [1] call_site: 0x403fa0, caller: 0x4038c4, block_addr: 0x403f74, key: -1
2025-06-21 05:01:01,210 [DEBUG] [2] call_site: 0x404534, caller: 0x404170, block_addr: 0x404518, key: lan1_gateway
2025-06-21 05:01:01,210 [DEBUG] [3] call_site: 0x404750, caller: 0x404170, block_addr: 0x404734, key: -1
2025-06-21 05:01:01,210 [DEBUG] [4] call_site: 0x404814, caller: 0x404170, block_addr: 0x4047f8, key: -1
2025-06-21 05:01:01,210 [DEBUG] [5] call_site: 0x408e04, caller: 0x408c54, block_addr: 0x408de8, key: wan_wan0_vpn_ifname
2025-06-21 05:01:01,210 [DEBUG] [6] call_site: 0x40f654, caller: 0x40f43c, block_addr: 0x40f638, key: lan0_ipv6_ipaddr
2025-06-21 05:01:01,210 [DEBUG] [7] call_site: 0x40f874, caller: 0x40f674, block_addr: 0x40f858, key: lan0_ipv6_prefix
2025-06-21 05:01:01,210 [DEBUG] [8] call_site: 0x40f8b8, caller: 0x40f674, block_addr: 0x40f89c, key: lan0_ipv6_ula_prefix
2025-06-21 05:01:01,211 [DEBUG] [9] call_site: 0x40f8e8, caller: 0x40f674, block_addr: 0x40f8cc, key: lan0_ipv6_prefix
2025-06-21 05:01:01,211 [DEBUG] [10] call_site: 0x40f910, caller: 0x40f674, block_addr: 0x40f8f0, key: lan0_ipv6_ula_prefix
2025-06-21 05:01:01,211 [DEBUG] [11] call_site: 0x40f980, caller: 0x40f674, block_addr: 0x40f964, key: lan0_ipv6_prefix
2025-06-21 05:01:01,211 [DEBUG] [12] call_site: 0x40f9c4, caller: 0x40f674, block_addr: 0x40f9a8, key: lan0_ipv6_prefix_length
2025-06-21 05:01:01,211 [DEBUG] [13] call_site: 0x40faa8, caller: 0x40f674, block_addr: 0x40fa90, key: lan0_ipv6_prefix
2025-06-21 05:01:01,211 [DEBUG] [14] call_site: 0x4170a8, caller: 0x41547c, block_addr: 0x417088, key: lan0_ipv6_prefix
2025-06-21 05:01:01,211 [DEBUG] [15] call_site: 0x4172e4, caller: 0x41547c, block_addr: 0x4172c4, key: -1
2025-06-21 05:01:01,211 [DEBUG] [16] call_site: 0x4173ac, caller: 0x41547c, block_addr: 0x41738c, key: lan0_ipv6_prefix
2025-06-21 05:01:01,211 [DEBUG] [17] call_site: 0x41cf14, caller: 0x41c694, block_addr: 0x41cef8, key: wan_wan0_vpn_ifname
2025-06-21 05:01:01,211 [DEBUG] [18] call_site: 0x4245e0, caller: 0x423988, block_addr: 0x4245c8, key: lan0_dhcps_staticlist
2025-06-21 05:01:01,211 [DEBUG] [19] call_site: 0x430080, caller: 0x42ee30, block_addr: 0x430060, key: vpn_client_ip
2025-06-21 05:01:01,211 [DEBUG] [20] call_site: 0x436e3c, caller: 0x4368dc, block_addr: 0x436e1c, key: -1
2025-06-21 05:01:01,211 [DEBUG] [21] call_site: 0x4375e8, caller: 0x4368dc, block_addr: 0x4375d0, key: lan0_ipv6_prefix
2025-06-21 05:01:01,211 [DEBUG] [22] call_site: 0x440538, caller: 0x440498, block_addr: 0x440518, key: USB_Account0_Password
2025-06-21 05:01:01,211 [DEBUG] [23] call_site: 0x4451c0, caller: 0x4450e4, block_addr: 0x4451ac, key: -1
2025-06-21 05:01:01,212 [DEBUG] [24] call_site: 0x446194, caller: 0x445b50, block_addr: 0x446180, key: -1
2025-06-21 05:01:01,212 [DEBUG] [25] call_site: 0x446214, caller: 0x445b50, block_addr: 0x446200, key: -1
2025-06-21 05:01:01,212 [DEBUG] [26] call_site: 0x446294, caller: 0x445b50, block_addr: 0x446280, key: -1
2025-06-21 05:01:01,212 [DEBUG] [27] call_site: 0x446314, caller: 0x445b50, block_addr: 0x446300, key: -1
2025-06-21 05:01:01,212 [DEBUG] [28] call_site: 0x4470f8, caller: 0x445b50, block_addr: 0x4470d8, key: -1
2025-06-21 05:01:01,212 [DEBUG] [29] call_site: 0x447178, caller: 0x445b50, block_addr: 0x447158, key: -1
2025-06-21 05:01:01,212 [DEBUG] [30] call_site: 0x447244, caller: 0x445b50, block_addr: 0x447224, key: -1
2025-06-21 05:01:01,212 [DEBUG] [31] call_site: 0x4472c4, caller: 0x445b50, block_addr: 0x4472a4, key: -1
2025-06-21 05:01:01,212 [DEBUG] [32] call_site: 0x4473c4, caller: 0x445b50, block_addr: 0x4473a4, key: -1
2025-06-21 05:01:01,212 [DEBUG] [33] call_site: 0x447444, caller: 0x445b50, block_addr: 0x447424, key: -1
2025-06-21 05:01:01,212 [DEBUG] [34] call_site: 0x447770, caller: 0x445b50, block_addr: 0x447750, key: -1
2025-06-21 05:01:01,212 [DEBUG] [35] call_site: 0x4477bc, caller: 0x445b50, block_addr: 0x44779c, key: -1
2025-06-21 05:01:01,212 [DEBUG] [36] call_site: 0x447808, caller: 0x445b50, block_addr: 0x4477e8, key: -1
2025-06-21 05:01:01,212 [DEBUG] [37] call_site: 0x447854, caller: 0x445b50, block_addr: 0x447834, key: -1
2025-06-21 05:01:01,212 [DEBUG] [38] call_site: 0x44a3e4, caller: 0x449974, block_addr: 0x44a3c4, key: -1
2025-06-21 05:01:01,213 [DEBUG] [39] call_site: 0x44a5b0, caller: 0x449974, block_addr: 0x44a594, key: lan0_ipv6_prefix
2025-06-21 05:01:01,213 [DEBUG] [40] call_site: 0x44a5f4, caller: 0x449974, block_addr: 0x44a5d8, key: lan0_ipv6_prefix
2025-06-21 05:01:01,213 [DEBUG] [41] call_site: 0x44a638, caller: 0x449974, block_addr: 0x44a61c, key: lan0_ipv6_prefix
2025-06-21 05:01:01,213 [DEBUG] [42] call_site: 0x44a67c, caller: 0x449974, block_addr: 0x44a660, key: lan0_ipv6_prefix
2025-06-21 05:01:01,213 [DEBUG] [43] call_site: 0x44a6ac, caller: 0x449974, block_addr: 0x44a690, key: lan0_ipv6_prefix
2025-06-21 05:01:01,213 [DEBUG] [44] call_site: 0x44a998, caller: 0x449974, block_addr: 0x44a980, key: lan0_ipv6_prefix
2025-06-21 05:01:01,213 [DEBUG] [45] call_site: 0x44ba0c, caller: 0x44ac40, block_addr: 0x44b9f4, key: -1
2025-06-21 05:01:01,213 [DEBUG] [46] call_site: 0x44bca4, caller: 0x44ac40, block_addr: 0x44bc84, key: -1
2025-06-21 05:01:01,213 [DEBUG] [47] call_site: 0x44bdb8, caller: 0x44ac40, block_addr: 0x44bda0, key: -1
2025-06-21 05:01:01,213 [DEBUG] [48] call_site: 0x44c0cc, caller: 0x44ac40, block_addr: 0x44c0ac, key: -1
2025-06-21 05:01:01,213 [DEBUG] [49] call_site: 0x44c298, caller: 0x44ac40, block_addr: 0x44c27c, key: lan0_ipv6_prefix
2025-06-21 05:01:01,213 [DEBUG] [50] call_site: 0x44c2dc, caller: 0x44ac40, block_addr: 0x44c2c0, key: lan0_ipv6_prefix
2025-06-21 05:01:01,213 [DEBUG] [51] call_site: 0x44c320, caller: 0x44ac40, block_addr: 0x44c304, key: lan0_ipv6_prefix
2025-06-21 05:01:01,213 [DEBUG] [52] call_site: 0x44c364, caller: 0x44ac40, block_addr: 0x44c348, key: lan0_ipv6_prefix
2025-06-21 05:01:01,213 [DEBUG] [53] call_site: 0x44c394, caller: 0x44ac40, block_addr: 0x44c378, key: lan0_ipv6_prefix
2025-06-21 05:01:01,214 [DEBUG] [54] call_site: 0x44c690, caller: 0x44ac40, block_addr: 0x44c678, key: lan0_ipv6_prefix
2025-06-21 05:01:01,214 [DEBUG] [55] call_site: 0x44cd0c, caller: 0x44ac40, block_addr: 0x44ccec, key: -1
2025-06-21 05:01:01,214 [DEBUG] [56] call_site: 0x44da58, caller: 0x44ce68, block_addr: 0x44da40, key: lan0_ipv6_prefix
2025-06-21 05:01:01,214 [DEBUG] [57] call_site: 0x44dae8, caller: 0x44ce68, block_addr: 0x44dac8, key: -1
2025-06-21 05:01:01,214 [DEBUG] [58] call_site: 0x44e888, caller: 0x44e7e8, block_addr: 0x44e870, key: lan_ipaddr
2025-06-21 05:01:01,214 [DEBUG] [59] call_site: 0x44e8e0, caller: 0x44e7e8, block_addr: 0x44e8c8, key: lan_netmask
2025-06-21 05:01:01,214 [DEBUG] [60] call_site: 0x44e938, caller: 0x44e7e8, block_addr: 0x44e920, key: lan_gateway
2025-06-21 05:01:01,214 [DEBUG] [61] call_site: 0x44f934, caller: 0x44f748, block_addr: 0x44f914, key: usbdisks
2025-06-21 05:01:01,214 [DEBUG] [62] call_site: 0x44f9e0, caller: 0x44f748, block_addr: 0x44f9c0, key: usbdisksPath
2025-06-21 05:01:01,214 [DEBUG] [63] call_site: 0x44fa0c, caller: 0x44f748, block_addr: 0x44f9f4, key: usbdisks
2025-06-21 05:01:01,214 [DEBUG] [64] call_site: 0x44fa68, caller: 0x44f748, block_addr: 0x44fa48, key: usbdisksPath
2025-06-21 05:01:01,214 [DEBUG] [65] call_site: 0x44fe98, caller: 0x44f748, block_addr: 0x44fe7c, key: usbdisks
2025-06-21 05:01:01,214 [DEBUG] [66] call_site: 0x44fec0, caller: 0x44f748, block_addr: 0x44fea0, key: usbdisksPath
2025-06-21 05:01:01,214 [DEBUG] [67] call_site: 0x453874, caller: 0x453584, block_addr: 0x45385c, key: -1
2025-06-21 05:01:01,214 [DEBUG] [68] call_site: 0x4538f0, caller: 0x453584, block_addr: 0x4538d8, key: -1
2025-06-21 05:01:01,214 [DEBUG] [69] call_site: 0x453a80, caller: 0x453584, block_addr: 0x453a64, key: pptp_last_tunnel_id
2025-06-21 05:01:01,215 [DEBUG] [70] call_site: 0x453b40, caller: 0x453584, block_addr: 0x453b28, key: -1
2025-06-21 05:01:01,215 [DEBUG] [71] call_site: 0x453c28, caller: 0x453584, block_addr: 0x453c10, key: -1
2025-06-21 05:01:01,215 [DEBUG] [72] call_site: 0x453f5c, caller: 0x453584, block_addr: 0x453f3c, key: -1
2025-06-21 05:01:01,215 [DEBUG] [73] call_site: 0x454710, caller: 0x4544f0, block_addr: 0x4546f8, key: -1
2025-06-21 05:01:01,215 [DEBUG] [74] call_site: 0x454f90, caller: 0x454e0c, block_addr: 0x454f78, key: -1
2025-06-21 05:01:01,215 [DEBUG] [75] call_site: 0x4598dc, caller: 0x459664, block_addr: 0x4598c4, key: -1
2025-06-21 05:01:01,215 [DEBUG] [76] call_site: 0x459a38, caller: 0x459664, block_addr: 0x459a18, key: -1
2025-06-21 05:01:01,215 [DEBUG] [77] call_site: 0x459c5c, caller: 0x459a88, block_addr: 0x459c40, key: lan0_hwaddr
2025-06-21 05:01:01,215 [DEBUG] [78] call_site: 0x459e24, caller: 0x459a88, block_addr: 0x459e08, key: wan_wan0_hwaddr
2025-06-21 05:01:01,215 [DEBUG] [79] call_site: 0x459e4c, caller: 0x459a88, block_addr: 0x459e2c, key: wan_wan1_hwaddr
2025-06-21 05:01:01,215 [INFO] [+] Analysis for call sites of nvram_safe_set completed in 0.08 seconds.
2025-06-21 05:01:02,142 [INFO] Initializing angr Project/CFG for '/home/firmware/Current_dataset/D-Link/DIR-878/cpio-root/bin/web'...
2025-06-21 05:01:16,503 [INFO] Successfully initialized angr Project/CFG for '/home/firmware/Current_dataset/D-Link/DIR-878/cpio-root/bin/web' in 14.36s
2025-06-21 05:01:16,550 [INFO] Creation of single set-get-graph for nvram_safe_set and nvram_safe_get completed in 15.42 seconds.
2025-06-21 05:01:16,553 [WARNING] Call site at 0x401f64 has only 0 arguments; requested index 1 is out of range.
2025-06-21 05:01:16,553 [WARNING] Call site at 0x401f64 has only 0 arguments; requested index 0 is out of range.
2025-06-21 05:01:16,553 [WARNING] Call site at 0x403258 has only 1 arguments; requested index 1 is out of range.
2025-06-21 05:01:16,554 [WARNING] Call site at 0x403620 has only 0 arguments; requested index 1 is out of range.
2025-06-21 05:01:16,554 [WARNING] Call site at 0x403620 has only 0 arguments; requested index 0 is out of range.
2025-06-21 05:01:16,554 [WARNING] [Fast] Success rate too low (0.00%); switching to Ghidra for 'nvram_safe_set'
2025-06-21 05:01:28,081 [INFO] [Ghidra] Extraction success rate for 'nvram_safe_set' = 100.00%
2025-06-21 05:01:28,081 [DEBUG] [1] call_site: 0x402708, caller: 0x4025cc, block_addr: 0x4026f8, key: RC_ModeType
2025-06-21 05:01:28,081 [DEBUG] [2] call_site: 0x403240, caller: 0x402f68, block_addr: 0x403238, key: -1
2025-06-21 05:01:28,081 [DEBUG] [3] call_site: 0x403258, caller: 0x402f68, block_addr: 0x403258, key: -1
2025-06-21 05:01:28,081 [DEBUG] [4] call_site: 0x403330, caller: 0x402f68, block_addr: 0x403324, key: -1
2025-06-21 05:01:28,081 [DEBUG] [5] call_site: 0x403620, caller: 0x4033c4, block_addr: 0x403620, key: schedule_enable
2025-06-21 05:01:28,081 [INFO] [+] Analysis for call sites of nvram_safe_set completed in 11.53 seconds.
2025-06-21 05:01:28,910 [INFO] Creation of single set-get-graph for nvram_safe_set and nvram_safe_get completed in 12.36 seconds.
2025-06-21 05:01:28,958 [WARNING] Call site at 0x414fe0 has only 0 arguments; requested index 1 is out of range.
2025-06-21 05:01:28,958 [WARNING] Call site at 0x414fe0 has only 0 arguments; requested index 0 is out of range.
2025-06-21 05:01:28,960 [WARNING] [Fast] Success rate too low (0.00%); switching to Ghidra for 'nvram_safe_set'
2025-06-21 05:01:44,157 [INFO] [Ghidra] Extraction success rate for 'nvram_safe_set' = 84.62%
2025-06-21 05:01:44,158 [DEBUG] [1] call_site: 0x408384, caller: 0x408338, block_addr: 0x408374, key: -1
2025-06-21 05:01:44,158 [DEBUG] [2] call_site: 0x40842c, caller: 0x4083dc, block_addr: 0x40841c, key: -1
2025-06-21 05:01:44,158 [DEBUG] [3] call_site: 0x40dc84, caller: 0x40dc5c, block_addr: 0x40dc5c, key: RC_ModeType
2025-06-21 05:01:44,158 [DEBUG] [4] call_site: 0x40de18, caller: 0x40dcdc, block_addr: 0x40de08, key: RC_ModeType
2025-06-21 05:01:44,158 [DEBUG] [5] call_site: 0x414fec, caller: 0x414f9c, block_addr: 0x414fe0, key: antiattack_antidos_enable
2025-06-21 05:01:44,158 [DEBUG] [6] call_site: 0x415114, caller: 0x415060, block_addr: 0x415100, key: ntp_localtime
2025-06-21 05:01:44,158 [DEBUG] [7] call_site: 0x4159ec, caller: 0x4157f0, block_addr: 0x4159e4, key: lan_reserve_config
2025-06-21 05:01:44,158 [DEBUG] [8] call_site: 0x415e00, caller: 0x415b18, block_addr: 0x415dec, key: lan_ipaddr
2025-06-21 05:01:44,158 [DEBUG] [9] call_site: 0x415e18, caller: 0x415b18, block_addr: 0x415e08, key: dhcp_start
2025-06-21 05:01:44,158 [DEBUG] [10] call_site: 0x415e30, caller: 0x415b18, block_addr: 0x415e20, key: dhcp_end
2025-06-21 05:01:44,158 [DEBUG] [11] call_site: 0x415f9c, caller: 0x415b18, block_addr: 0x415f8c, key: dmz_ipaddr
2025-06-21 05:01:44,158 [DEBUG] [12] call_site: 0x4164f4, caller: 0x41630c, block_addr: 0x4164ec, key: -1
2025-06-21 05:01:44,159 [DEBUG] [13] call_site: 0x416510, caller: 0x41630c, block_addr: 0x4164fc, key: lan_hwaddr
2025-06-21 05:01:44,159 [DEBUG] [14] call_site: 0x4166a4, caller: 0x41630c, block_addr: 0x41669c, key: -1
2025-06-21 05:01:44,159 [DEBUG] [15] call_site: 0x4166c4, caller: 0x41630c, block_addr: 0x4166ac, key: wan_wan0_hwaddr
2025-06-21 05:01:44,159 [DEBUG] [16] call_site: 0x4166e0, caller: 0x41630c, block_addr: 0x4166cc, key: wan_wan1_hwaddr
2025-06-21 05:01:44,159 [DEBUG] [17] call_site: 0x4249f0, caller: 0x4248d8, block_addr: 0x4249e0, key: usb_wan0_modem_vendor_name
2025-06-21 05:01:44,159 [DEBUG] [18] call_site: 0x424a0c, caller: 0x4248d8, block_addr: 0x4249f8, key: usb_wan0_modem_product_name
2025-06-21 05:01:44,159 [DEBUG] [19] call_site: 0x424a28, caller: 0x4248d8, block_addr: 0x424a14, key: usb_wan0_modem_data_itf
2025-06-21 05:01:44,159 [DEBUG] [20] call_site: 0x424a44, caller: 0x4248d8, block_addr: 0x424a30, key: usb_wan0_modem_control_itf
2025-06-21 05:01:44,159 [DEBUG] [21] call_site: 0x424a7c, caller: 0x4248d8, block_addr: 0x424a68, key: usb_wan0_modem_default_vid
2025-06-21 05:01:44,159 [DEBUG] [22] call_site: 0x424ab4, caller: 0x4248d8, block_addr: 0x424aa0, key: usb_wan0_modem_default_pid
2025-06-21 05:01:44,159 [DEBUG] [23] call_site: 0x424aec, caller: 0x4248d8, block_addr: 0x424ad8, key: usb_wan0_modem_target_vid
2025-06-21 05:01:44,159 [DEBUG] [24] call_site: 0x424b24, caller: 0x4248d8, block_addr: 0x424b10, key: usb_wan0_modem_target_pid
2025-06-21 05:01:44,159 [DEBUG] [25] call_site: 0x424b7c, caller: 0x4248d8, block_addr: 0x424b68, key: usb_wan0_modem_target_vid
2025-06-21 05:01:44,159 [DEBUG] [26] call_site: 0x424bb4, caller: 0x4248d8, block_addr: 0x424ba0, key: usb_wan0_modem_target_pid
2025-06-21 05:01:44,159 [INFO] [+] Analysis for call sites of nvram_safe_set completed in 15.22 seconds.
2025-06-21 05:01:44,208 [INFO] Creation of single set-get-graph for nvram_safe_set and nvram_safe_get completed in 15.27 seconds.
2025-06-21 05:01:44,254 [INFO] Final analyzed binary files:
/home/firmware/Current_dataset/D-Link/DIR-878/cpio-root/bin/prog.cgi
/home/firmware/Current_dataset/D-Link/DIR-878/cpio-root/bin/ralink_init
/home/firmware/Current_dataset/D-Link/DIR-878/cpio-root/bin/ntpclient
/home/firmware/Current_dataset/D-Link/DIR-878/cpio-root/bin/rc
/home/firmware/Current_dataset/D-Link/DIR-878/cpio-root/lib/librcm.so
/home/firmware/Current_dataset/D-Link/DIR-878/cpio-root/usr/sbin/timer
2025-06-21 05:01:44,254 [INFO] Creation of set-get-graph completed in 738.10 seconds.
2025-06-21 05:01:44,255 [INFO] Binary processing order generated. Total binaries: 6
2025-06-21 05:01:44,255 [DEBUG] [0] /home/firmware/Current_dataset/D-Link/DIR-878/cpio-root/bin/ralink_init
2025-06-21 05:01:44,255 [DEBUG] [1] /home/firmware/Current_dataset/D-Link/DIR-878/cpio-root/bin/ntpclient
2025-06-21 05:01:44,255 [DEBUG] [2] /home/firmware/Current_dataset/D-Link/DIR-878/cpio-root/lib/librcm.so
2025-06-21 05:01:44,255 [DEBUG] [3] /home/firmware/Current_dataset/D-Link/DIR-878/cpio-root/usr/sbin/timer
2025-06-21 05:01:44,255 [DEBUG] [4] /home/firmware/Current_dataset/D-Link/DIR-878/cpio-root/bin/rc
2025-06-21 05:01:44,255 [DEBUG] [5] /home/firmware/Current_dataset/D-Link/DIR-878/cpio-root/bin/prog.cgi
2025-06-21 05:01:44,255 [INFO] [STEP 2] finished in 738.10 seconds

2025-06-21 05:01:44,255 [DEBUG] Saving config for: /home/firmware/Current_dataset/D-Link/DIR-878/cpio-root/bin/prog.cgi
2025-06-21 05:01:44,260 [INFO] Saved AnalysisBinary config to /home/SGTaint/tmp/BinaryConfig/prog.cgi_analysis_binary_config.json
2025-06-21 05:01:44,260 [DEBUG] Saving config for: /home/firmware/Current_dataset/D-Link/DIR-878/cpio-root/bin/ralink_init
2025-06-21 05:01:44,263 [INFO] Saved AnalysisBinary config to /home/SGTaint/tmp/BinaryConfig/ralink_init_analysis_binary_config.json
2025-06-21 05:01:44,263 [DEBUG] Saving config for: /home/firmware/Current_dataset/D-Link/DIR-878/cpio-root/bin/ntpclient
2025-06-21 05:01:44,263 [INFO] Saved AnalysisBinary config to /home/SGTaint/tmp/BinaryConfig/ntpclient_analysis_binary_config.json
2025-06-21 05:01:44,263 [DEBUG] Saving config for: /home/firmware/Current_dataset/D-Link/DIR-878/cpio-root/bin/rc
2025-06-21 05:01:44,267 [INFO] Saved AnalysisBinary config to /home/SGTaint/tmp/BinaryConfig/rc_analysis_binary_config.json
2025-06-21 05:01:44,267 [DEBUG] Saving config for: /home/firmware/Current_dataset/D-Link/DIR-878/cpio-root/lib/librcm.so
2025-06-21 05:01:44,268 [INFO] Saved AnalysisBinary config to /home/SGTaint/tmp/BinaryConfig/librcm.so_analysis_binary_config.json
2025-06-21 05:01:44,268 [DEBUG] Saving config for: /home/firmware/Current_dataset/D-Link/DIR-878/cpio-root/usr/sbin/timer
2025-06-21 05:01:44,269 [INFO] Saved AnalysisBinary config to /home/SGTaint/tmp/BinaryConfig/timer_analysis_binary_config.json
2025-06-21 05:01:44,269 [INFO] [STEP 2.5] Saving configs finished in 0.01 seconds

2025-06-21 05:01:44,269 [INFO] [STEP 3] Parallel analysis of 6 binaries ...
2025-06-21 05:01:45,342 [INFO] Initializing angr Project/CFG for '/home/firmware/Current_dataset/D-Link/DIR-878/cpio-root/bin/prog.cgi'...
2025-06-21 05:01:45,342 [INFO] Initializing angr Project/CFG for '/home/firmware/Current_dataset/D-Link/DIR-878/cpio-root/bin/ralink_init'...
2025-06-21 05:01:45,343 [INFO] Initializing angr Project/CFG for '/home/firmware/Current_dataset/D-Link/DIR-878/cpio-root/bin/ntpclient'...
2025-06-21 05:01:45,343 [INFO] Initializing angr Project/CFG for '/home/firmware/Current_dataset/D-Link/DIR-878/cpio-root/bin/rc'...
2025-06-21 05:01:45,343 [INFO] Initializing angr Project/CFG for '/home/firmware/Current_dataset/D-Link/DIR-878/cpio-root/lib/librcm.so'...
2025-06-21 05:01:45,343 [INFO] Initializing angr Project/CFG for '/home/firmware/Current_dataset/D-Link/DIR-878/cpio-root/usr/sbin/timer'...
2025-06-21 05:01:48,929 [INFO] Successfully initialized angr Project/CFG for '/home/firmware/Current_dataset/D-Link/DIR-878/cpio-root/bin/ntpclient' in 3.59s
2025-06-21 05:01:48,931 [INFO] Created/Opened result files for binary at /home/SGTaint/output/vulnerable/ntpclient
2025-06-21 05:01:48,932 [INFO] Loaded AnalysisBinary config from /home/SGTaint/tmp/BinaryConfig/ntpclient_analysis_binary_config.json
2025-06-21 05:01:48,932 [INFO] Starting RDA analysis for /home/firmware/Current_dataset/D-Link/DIR-878/cpio-root/bin/ntpclient
2025-06-21 05:01:48,934 [INFO] Created and configured handler for binary '/home/firmware/Current_dataset/D-Link/DIR-878/cpio-root/bin/ntpclient'
2025-06-21 05:01:48,944 [INFO] Analyzing predecessor function sub_4016dc at 0x4016dc | XRefs: [<CFGNode 0x401d30[92]>, <CFGNode 0x401d8c[28]>]
2025-06-21 05:01:48,981 [INFO] Successfully initialized angr Project/CFG for '/home/firmware/Current_dataset/D-Link/DIR-878/cpio-root/bin/ralink_init' in 3.64s
2025-06-21 05:01:48,982 [INFO] Created/Opened result files for binary at /home/SGTaint/output/vulnerable/ralink_init
2025-06-21 05:01:48,983 [INFO] Loaded AnalysisBinary config from /home/SGTaint/tmp/BinaryConfig/ralink_init_analysis_binary_config.json
2025-06-21 05:01:48,984 [INFO] Starting RDA analysis for /home/firmware/Current_dataset/D-Link/DIR-878/cpio-root/bin/ralink_init
2025-06-21 05:01:48,985 [INFO] Created and configured handler for binary '/home/firmware/Current_dataset/D-Link/DIR-878/cpio-root/bin/ralink_init'
2025-06-21 05:01:48,988 [INFO] Starting RDA core analysis for function sub_4016dc at 0x4016dc
2025-06-21 05:01:49,069 [INFO] Analyzing predecessor function sub_401ac8 at 0x401ac8 | XRefs: [<CFGNode 0x401b0c[24]>, <CFGNode 0x401b74[16]>, <CFGNode 0x408628[16]>, <CFGNode 0x401c28[16]>]
2025-06-21 05:01:49,101 [INFO] Starting RDA core analysis for function sub_401ac8 at 0x401ac8
2025-06-21 05:01:49,181 [INFO] Successfully initialized angr Project/CFG for '/home/firmware/Current_dataset/D-Link/DIR-878/cpio-root/usr/sbin/timer' in 3.84s
2025-06-21 05:01:49,182 [INFO] Created/Opened result files for binary at /home/SGTaint/output/vulnerable/timer
2025-06-21 05:01:49,182 [INFO] Loaded AnalysisBinary config from /home/SGTaint/tmp/BinaryConfig/timer_analysis_binary_config.json
2025-06-21 05:01:49,182 [INFO] Starting RDA analysis for /home/firmware/Current_dataset/D-Link/DIR-878/cpio-root/usr/sbin/timer
2025-06-21 05:01:49,183 [INFO] Created and configured handler for binary '/home/firmware/Current_dataset/D-Link/DIR-878/cpio-root/usr/sbin/timer'
2025-06-21 05:01:49,213 [INFO] Analyzing predecessor function sub_401c80 at 0x401c80 | XRefs: [<CFGNode 0x401fc0[24]>, <CFGNode 0x401f64[8]>, <CFGNode 0x401db4[16]>, <CFGNode 0x401ff4[32]>, <CFGNode 0x402014[28]>, <CFGNode 0x402030[28]>]
2025-06-21 05:01:49,234 [WARNING] Decompiler failed for function sub_401ac8: maximum recursion depth exceeded while calling a Python object
2025-06-21 05:01:49,237 [INFO] Starting RDA core analysis for function sub_401c80 at 0x401c80
2025-06-21 05:01:49,295 [ERROR] Error analyzing function sub_401ac8 (addr=0x401ac8): maximum recursion depth exceeded while calling a Python object
Traceback (most recent call last):
  File "/home/SGTaint/tool/SGGraph/base.py", line 271, in rda_analyze
    result = run_function_with_timeout(self.rda_analyze_core, args=(caller_func,), timeout=20000)
  File "/home/SGTaint/tool/BugFinder/utils.py", line 613, in run_function_with_timeout
    raise data
RecursionError: maximum recursion depth exceeded while calling a Python object
2025-06-21 05:01:49,297 [INFO] Analyzing predecessor function sub_408718 at 0x408718 | XRefs: [<CFGNode 0x408790[16]>, <CFGNode 0x408a24[16]>]
2025-06-21 05:01:49,324 [INFO] Starting RDA core analysis for function sub_408718 at 0x408718
2025-06-21 05:01:52,329 [ERROR] Error analyzing function sub_408718 (addr=0x408718): 'NoneType' object has no attribute 'name'
Traceback (most recent call last):
  File "/home/SGTaint/tool/SGGraph/base.py", line 271, in rda_analyze
    result = run_function_with_timeout(self.rda_analyze_core, args=(caller_func,), timeout=20000)
  File "/home/SGTaint/tool/BugFinder/utils.py", line 613, in run_function_with_timeout
    raise data
AttributeError: 'NoneType' object has no attribute 'name'
2025-06-21 05:01:52,330 [INFO] Analyzing predecessor function sub_408a74 at 0x408a74 | XRefs: [<CFGNode 0x408c8c[28]>, <CFGNode 0x408bb4[40]>]
2025-06-21 05:01:52,358 [INFO] Starting RDA core analysis for function sub_408a74 at 0x408a74
2025-06-21 05:01:53,292 [INFO] RDA core analysis for sub_401c80 finished in 4s
2025-06-21 05:01:53,331 [INFO] Analyzing predecessor function main at 0x401080 | XRefs: [<CFGNode main+0x8b8 [20]>]
2025-06-21 05:01:53,353 [INFO] Starting RDA core analysis for function main at 0x401080
2025-06-21 05:01:55,292 [ERROR] Error analyzing function sub_408a74 (addr=0x408a74): 'NoneType' object has no attribute 'name'
Traceback (most recent call last):
  File "/home/SGTaint/tool/SGGraph/base.py", line 271, in rda_analyze
    result = run_function_with_timeout(self.rda_analyze_core, args=(caller_func,), timeout=20000)
  File "/home/SGTaint/tool/BugFinder/utils.py", line 613, in run_function_with_timeout
    raise data
AttributeError: 'NoneType' object has no attribute 'name'
2025-06-21 05:01:55,293 [INFO] Analyzing predecessor function main at 0x400980 | XRefs: [<CFGNode main+0xaac [28]>]
2025-06-21 05:01:55,321 [INFO] Starting RDA core analysis for function main at 0x400980
2025-06-21 05:02:07,546 [INFO] RDA core analysis for sub_4016dc finished in 18s
2025-06-21 05:02:07,653 [INFO] Analyzing predecessor function sub_4025f4 at 0x4025f4 | XRefs: [<CFGNode 0x402640[24]>]
2025-06-21 05:02:07,683 [INFO] Starting RDA core analysis for function sub_4025f4 at 0x4025f4
2025-06-21 05:02:12,909 [INFO] RDA core analysis for sub_4025f4 finished in 5s
2025-06-21 05:02:12,958 [INFO] Analyzing predecessor function sub_402330 at 0x402330 | XRefs: [<CFGNode 0x402594[28]>]
2025-06-21 05:02:12,988 [INFO] Starting RDA core analysis for function sub_402330 at 0x402330
2025-06-21 05:02:17,771 [INFO] RDA core analysis for sub_402330 finished in 4s
2025-06-21 05:02:17,820 [INFO] Analyzing predecessor function sub_401298 at 0x401298 | XRefs: [<CFGNode 0x401328[176]>]
2025-06-21 05:02:17,848 [INFO] Starting RDA core analysis for function sub_401298 at 0x401298
2025-06-21 05:02:19,262 [INFO] RDA core analysis for sub_401298 finished in 1s
2025-06-21 05:02:19,296 [INFO] Importing /home/firmware/Current_dataset/D-Link/DIR-878/cpio-root/bin/ntpclient into Ghidra project with command: /home/SGTaint/ghidra/support/analyzeHeadless /home/SGTaint/tmp/ghidra ntpclient -import /home/firmware/Current_dataset/D-Link/DIR-878/cpio-root/bin/ntpclient
2025-06-21 05:02:23,870 [INFO] RDA core analysis for main finished in 30s
2025-06-21 05:02:23,994 [INFO] Analyzing predecessor function sub_402cc0 at 0x402cc0 | XRefs: [<CFGNode 0x402cc0[104]>, <CFGNode 0x402ddc[20]>, <CFGNode 0x402e28[28]>]
2025-06-21 05:02:24,025 [INFO] Starting RDA core analysis for function sub_402cc0 at 0x402cc0
2025-06-21 05:02:25,987 [INFO] RDA core analysis for sub_402cc0 finished in 1s
2025-06-21 05:02:26,025 [INFO] Analyzing predecessor function tw_check_parental_control_time at 0x4033c4 | XRefs: [<CFGNode tw_check_parental_control_time+0x25c [8]>]
2025-06-21 05:02:26,055 [INFO] Starting RDA core analysis for function tw_check_parental_control_time at 0x4033c4
2025-06-21 05:02:27,107 [INFO] Successfully imported /home/firmware/Current_dataset/D-Link/DIR-878/cpio-root/bin/ntpclient into Ghidra project.
2025-06-21 05:02:28,910 [INFO] RDA core analysis for tw_check_parental_control_time finished in 2s
2025-06-21 05:02:28,954 [INFO] Analyzing predecessor function sub_402724 at 0x402724 | XRefs: [<CFGNode 0x40279c[20]>, <CFGNode 0x402838[20]>, <CFGNode 0x4029a4[20]>, <CFGNode 0x402870[20]>, <CFGNode 0x4028a8[20]>, <CFGNode 0x402c00[20]>, <CFGNode 0x402a14[16]>, <CFGNode 0x4029dc[16]>, <CFGNode 0x402afc[16]>, <CFGNode 0x402a50[16]>, <CFGNode 0x402a84[20]>, <CFGNode 0x402c40[20]>, <CFGNode 0x402b30[20]>, <CFGNode 0x402b68[20]>, <CFGNode 0x402c80[20]>]
2025-06-21 05:02:28,985 [INFO] Starting RDA core analysis for function sub_402724 at 0x402724
2025-06-21 05:02:35,602 [INFO] Executed Ghidra command for decompilation: /home/SGTaint/ghidra/support/analyzeHeadless /home/SGTaint/tmp/ghidra ntpclient -process ntpclient -postScript /home/SGTaint/tool/Ghidra/decompile_assist.py "0x400000"
2025-06-21 05:02:35,719 [INFO] Finished RDA analysis for /home/firmware/Current_dataset/D-Link/DIR-878/cpio-root/bin/ntpclient in 46s
2025-06-21 05:02:35,721 [INFO] [PARALLEL] Finished analysis for: /home/firmware/Current_dataset/D-Link/DIR-878/cpio-root/bin/ntpclient (1/6)
2025-06-21 05:02:37,138 [INFO] RDA core analysis for main finished in 41s
2025-06-21 05:02:37,274 [INFO] Analyzing predecessor function sub_401978 at 0x401978 | XRefs: [<CFGNode 0x401a84[28]>, <CFGNode 0x401a30[28]>]
2025-06-21 05:02:37,300 [INFO] Starting RDA core analysis for function sub_401978 at 0x401978
2025-06-21 05:02:37,529 [INFO] RDA core analysis for sub_402724 finished in 8s
2025-06-21 05:02:37,580 [INFO] Analyzing predecessor function sub_402f68 at 0x402f68 | XRefs: [<CFGNode 0x403324[20]>, <CFGNode 0x403258[8]>, <CFGNode 0x403238[16]>]
2025-06-21 05:02:37,608 [INFO] Starting RDA core analysis for function sub_402f68 at 0x402f68
2025-06-21 05:02:38,256 [INFO] RDA core analysis for sub_401978 finished in 0s
2025-06-21 05:02:38,291 [INFO] Importing /home/firmware/Current_dataset/D-Link/DIR-878/cpio-root/bin/ralink_init into Ghidra project with command: /home/SGTaint/ghidra/support/analyzeHeadless /home/SGTaint/tmp/ghidra ralink_init -import /home/firmware/Current_dataset/D-Link/DIR-878/cpio-root/bin/ralink_init
2025-06-21 05:02:41,069 [INFO] RDA core analysis for sub_402f68 finished in 3s
2025-06-21 05:02:41,114 [INFO] Analyzing predecessor function setRCWANModeType at 0x4025cc | XRefs: [<CFGNode setRCWANModeType+0x12c [24]>]
2025-06-21 05:02:41,145 [INFO] Starting RDA core analysis for function setRCWANModeType at 0x4025cc
2025-06-21 05:02:43,493 [INFO] RDA core analysis for setRCWANModeType finished in 2s
2025-06-21 05:02:43,531 [INFO] Analyzing predecessor function parse_parental_control_rules at 0x403a50 | XRefs: [<CFGNode parse_parental_control_rules [116]>]
2025-06-21 05:02:43,558 [INFO] Starting RDA core analysis for function parse_parental_control_rules at 0x403a50
2025-06-21 05:02:46,146 [INFO] Successfully imported /home/firmware/Current_dataset/D-Link/DIR-878/cpio-root/bin/ralink_init into Ghidra project.
2025-06-21 05:02:47,388 [INFO] RDA core analysis for parse_parental_control_rules finished in 3s
2025-06-21 05:02:47,441 [INFO] Analyzing predecessor function sub_402074 at 0x402074 | XRefs: [<CFGNode 0x4022e0[20]>, <CFGNode 0x4022a8[20]>, <CFGNode 0x402390[20]>, <CFGNode 0x40249c[20]>, <CFGNode 0x4024b0[28]>, <CFGNode 0x4023a4[28]>, <CFGNode 0x4022bc[28]>, <CFGNode 0x4022f4[28]>]
2025-06-21 05:02:47,470 [INFO] Starting RDA core analysis for function sub_402074 at 0x402074
2025-06-21 05:02:50,835 [INFO] Successfully initialized angr Project/CFG for '/home/firmware/Current_dataset/D-Link/DIR-878/cpio-root/lib/librcm.so' in 65.49s
2025-06-21 05:02:50,835 [INFO] Created/Opened result files for binary at /home/SGTaint/output/vulnerable/librcm.so
2025-06-21 05:02:50,836 [INFO] Loaded AnalysisBinary config from /home/SGTaint/tmp/BinaryConfig/librcm.so_analysis_binary_config.json
2025-06-21 05:02:50,836 [INFO] Starting RDA analysis for /home/firmware/Current_dataset/D-Link/DIR-878/cpio-root/lib/librcm.so
2025-06-21 05:02:50,837 [INFO] Created and configured handler for binary '/home/firmware/Current_dataset/D-Link/DIR-878/cpio-root/lib/librcm.so'
2025-06-21 05:02:51,267 [INFO] Analyzing predecessor function TW_GetFactoryMode at 0x40b184 | XRefs: [<CFGNode TW_GetFactoryMode [44]>]
2025-06-21 05:02:51,294 [INFO] Starting RDA core analysis for function TW_GetFactoryMode at 0x40b184
2025-06-21 05:02:51,529 [INFO] RDA core analysis for TW_GetFactoryMode finished in 0s
2025-06-21 05:02:51,561 [INFO] Analyzing predecessor function iptables_upnp_run at 0x421b00 | XRefs: [<CFGNode iptables_upnp_run+0x3c4 [28]>, <CFGNode iptables_upnp_run+0x404 [28]>, <CFGNode iptables_upnp_run+0x440 [24]>, <CFGNode iptables_upnp_run+0x480 [24]>]
2025-06-21 05:02:51,585 [INFO] Starting RDA core analysis for function iptables_upnp_run at 0x421b00
2025-06-21 05:02:52,687 [INFO] RDA core analysis for sub_402074 finished in 5s
2025-06-21 05:02:52,737 [INFO] Analyzing predecessor function sub_402510 at 0x402510 | XRefs: [<CFGNode 0x402584[20]>]
2025-06-21 05:02:52,767 [INFO] Starting RDA core analysis for function sub_402510 at 0x402510
2025-06-21 05:02:53,194 [INFO] RDA core analysis for sub_402510 finished in 0s
2025-06-21 05:02:53,230 [INFO] Importing /home/firmware/Current_dataset/D-Link/DIR-878/cpio-root/usr/sbin/timer into Ghidra project with command: /home/SGTaint/ghidra/support/analyzeHeadless /home/SGTaint/tmp/ghidra timer -import /home/firmware/Current_dataset/D-Link/DIR-878/cpio-root/usr/sbin/timer
2025-06-21 05:02:54,950 [INFO] Executed Ghidra command for decompilation: /home/SGTaint/ghidra/support/analyzeHeadless /home/SGTaint/tmp/ghidra ralink_init -process ralink_init -postScript /home/SGTaint/tool/Ghidra/decompile_assist.py "0x400000"
2025-06-21 05:02:55,061 [INFO] Finished RDA analysis for /home/firmware/Current_dataset/D-Link/DIR-878/cpio-root/bin/ralink_init in 66s
2025-06-21 05:02:55,063 [INFO] [PARALLEL] Finished analysis for: /home/firmware/Current_dataset/D-Link/DIR-878/cpio-root/bin/ralink_init (2/6)
2025-06-21 05:02:56,759 [INFO] Successfully imported /home/firmware/Current_dataset/D-Link/DIR-878/cpio-root/usr/sbin/timer into Ghidra project.
2025-06-21 05:03:04,814 [INFO] Executed Ghidra command for decompilation: /home/SGTaint/ghidra/support/analyzeHeadless /home/SGTaint/tmp/ghidra timer -process timer -postScript /home/SGTaint/tool/Ghidra/decompile_assist.py "0x400000"
2025-06-21 05:03:04,932 [INFO] Finished RDA analysis for /home/firmware/Current_dataset/D-Link/DIR-878/cpio-root/usr/sbin/timer in 75s
2025-06-21 05:03:04,934 [INFO] [PARALLEL] Finished analysis for: /home/firmware/Current_dataset/D-Link/DIR-878/cpio-root/usr/sbin/timer (3/6)
2025-06-21 05:03:04,942 [INFO] RDA core analysis for iptables_upnp_run finished in 13s
2025-06-21 05:03:05,043 [INFO] Analyzing predecessor function FIREWALL_IPv6_FILTER_run at 0x431080 | XRefs: [<CFGNode FIREWALL_IPv6_FILTER_run+0x148c [28]>, <CFGNode FIREWALL_IPv6_FILTER_run+0xe20 [32]>, <CFGNode FIREWALL_IPv6_FILTER_run+0x19d0 [32]>, <CFGNode FIREWALL_IPv6_FILTER_run+0x19a0 [36]>, <CFGNode FIREWALL_IPv6_FILTER_run+0x1358 [24]>, <CFGNode FIREWALL_IPv6_FILTER_run+0x1314 [24]>, <CFGNode FIREWALL_IPv6_FILTER_run+0x1708 [8]>, <CFGNode FIREWALL_IPv6_FILTER_run+0x1728 [32]>, <CFGNode FIREWALL_IPv6_FILTER_run+0x18cc [16]>, <CFGNode FIREWALL_IPv6_FILTER_run+0x1560 [20]>, <CFGNode FIREWALL_IPv6_FILTER_run+0x179c [20]>, <CFGNode FIREWALL_IPv6_FILTER_run+0x12ac [24]>, <CFGNode FIREWALL_IPv6_FILTER_run+0x1474 [12]>, <CFGNode FIREWALL_IPv6_FILTER_run+0x10c4 [16]>]
2025-06-21 05:03:05,066 [INFO] Starting RDA core analysis for function FIREWALL_IPv6_FILTER_run at 0x431080
2025-06-21 05:04:19,338 [INFO] Successfully initialized angr Project/CFG for '/home/firmware/Current_dataset/D-Link/DIR-878/cpio-root/bin/rc' in 153.99s
2025-06-21 05:04:19,339 [INFO] Created/Opened result files for binary at /home/SGTaint/output/vulnerable/rc
2025-06-21 05:04:19,340 [INFO] Loaded AnalysisBinary config from /home/SGTaint/tmp/BinaryConfig/rc_analysis_binary_config.json
2025-06-21 05:04:19,340 [INFO] Starting RDA analysis for /home/firmware/Current_dataset/D-Link/DIR-878/cpio-root/bin/rc
2025-06-21 05:04:19,340 [INFO] Created and configured handler for binary '/home/firmware/Current_dataset/D-Link/DIR-878/cpio-root/bin/rc'
2025-06-21 05:04:19,822 [INFO] Analyzing predecessor function sub_43b980 at 0x43b980 | XRefs: [<CFGNode 0x43ba50[32]>, <CFGNode 0x43ba70[36]>, <CFGNode 0x43ba94[36]>, <CFGNode 0x43bb0c[32]>, <CFGNode 0x43bbf4[32]>, <CFGNode 0x43bc14[36]>, <CFGNode 0x43bb2c[36]>]
2025-06-21 05:04:19,851 [INFO] Starting RDA core analysis for function sub_43b980 at 0x43b980
2025-06-21 05:04:21,375 [INFO] RDA core analysis for sub_43b980 finished in 1s
2025-06-21 05:04:21,427 [INFO] Analyzing predecessor function load_wifi_driver at 0x459170 | XRefs: [<CFGNode load_wifi_driver+0x44 [48]>, <CFGNode load_wifi_driver+0x74 [36]>, <CFGNode load_wifi_driver+0x3b4 [36]>, <CFGNode load_wifi_driver+0x40c [36]>, <CFGNode load_wifi_driver+0x464 [36]>, <CFGNode load_wifi_driver+0x4bc [36]>]
2025-06-21 05:04:21,467 [INFO] Starting RDA core analysis for function load_wifi_driver at 0x459170
2025-06-21 05:04:23,851 [INFO] RDA core analysis for load_wifi_driver finished in 2s
2025-06-21 05:04:23,904 [INFO] Analyzing predecessor function sub_4076d0 at 0x4076d0 | XRefs: [<CFGNode 0x4077a0[36]>, <CFGNode 0x4077c4[40]>, <CFGNode 0x4077ec[40]>, <CFGNode 0x407814[40]>, <CFGNode 0x40783c[40]>, <CFGNode 0x407864[40]>, <CFGNode 0x40788c[40]>]
2025-06-21 05:04:23,940 [INFO] Starting RDA core analysis for function sub_4076d0 at 0x4076d0
2025-06-21 05:04:25,140 [INFO] RDA core analysis for sub_4076d0 finished in 1s
2025-06-21 05:04:25,189 [INFO] Analyzing predecessor function sub_429e18 at 0x429e18 | XRefs: [<CFGNode 0x42aa2c[36]>]
2025-06-21 05:04:25,221 [INFO] Starting RDA core analysis for function sub_429e18 at 0x429e18
2025-06-21 05:04:33,932 [INFO] RDA core analysis for sub_429e18 finished in 8s
2025-06-21 05:04:34,002 [INFO] Analyzing predecessor function start_wlan at 0x43acdc | XRefs: [<CFGNode start_wlan+0xd0 [32]>, <CFGNode start_wlan+0xf0 [36]>, <CFGNode start_wlan+0x114 [36]>, <CFGNode start_wlan+0x138 [36]>, <CFGNode start_wlan+0x1b0 [32]>, <CFGNode start_wlan+0x2e0 [32]>, <CFGNode start_wlan+0x298 [32]>, <CFGNode start_wlan+0x2b8 [36]>, <CFGNode start_wlan+0x300 [36]>, <CFGNode start_wlan+0x324 [36]>, <CFGNode start_wlan+0x398 [32]>, <CFGNode start_wlan+0x478 [32]>, <CFGNode start_wlan+0x50c [32]>, <CFGNode start_wlan+0x6b8 [32]>, <CFGNode start_wlan+0x824 [32]>, <CFGNode start_wlan+0x794 [32]>, <CFGNode start_wlan+0x7b4 [36]>, <CFGNode start_wlan+0x7d8 [36]>, <CFGNode start_wlan+0x7fc [36]>, <CFGNode start_wlan+0x844 [36]>, <CFGNode start_wlan+0x868 [36]>, <CFGNode start_wlan+0x88c [36]>, <CFGNode start_wlan+0x6d8 [36]>, <CFGNode start_wlan+0x6fc [36]>, <CFGNode start_wlan+0x720 [36]>, <CFGNode start_wlan+0x548 [36]>, <CFGNode start_wlan+0x56c [36]>, <CFGNode start_wlan+0x590 [36]>, <CFGNode start_wlan+0x5b4 [36]>, <CFGNode start_wlan+0x5d8 [36]>, <CFGNode start_wlan+0x5fc [36]>, <CFGNode start_wlan+0x620 [36]>, <CFGNode start_wlan+0x644 [36]>, <CFGNode start_wlan+0x498 [36]>, <CFGNode start_wlan+0x3b8 [36]>, <CFGNode start_wlan+0x1d0 [36]>]
2025-06-21 05:04:34,034 [INFO] Starting RDA core analysis for function start_wlan at 0x43acdc
2025-06-21 05:04:38,075 [INFO] RDA core analysis for start_wlan finished in 4s
2025-06-21 05:04:38,134 [INFO] Analyzing predecessor function start_wan at 0x417804 | XRefs: [<CFGNode start_wan+0x834 [36]>, <CFGNode start_wan+0x3f88 [36]>, <CFGNode start_wan+0x464c [40]>, <CFGNode start_wan+0x2dd0 [36]>, <CFGNode start_wan+0x3a18 [40]>, <CFGNode start_wan+0x2b24 [36]>, <CFGNode start_wan+0x2904 [36]>, <CFGNode start_wan+0x11a4 [36]>, <CFGNode start_wan+0x1290 [36]>, <CFGNode start_wan+0x1c90 [36]>, <CFGNode start_wan+0x1e50 [36]>, <CFGNode start_wan+0x20ac [36]>]
2025-06-21 05:04:38,165 [INFO] Starting RDA core analysis for function start_wan at 0x417804
2025-06-21 05:04:44,755 [INFO] Successfully initialized angr Project/CFG for '/home/firmware/Current_dataset/D-Link/DIR-878/cpio-root/bin/prog.cgi' in 179.41s
2025-06-21 05:04:44,756 [INFO] Created/Opened result files for binary at /home/SGTaint/output/vulnerable/prog.cgi
2025-06-21 05:04:44,757 [INFO] Loaded AnalysisBinary config from /home/SGTaint/tmp/BinaryConfig/prog.cgi_analysis_binary_config.json
2025-06-21 05:04:44,757 [INFO] Starting RDA analysis for /home/firmware/Current_dataset/D-Link/DIR-878/cpio-root/bin/prog.cgi
2025-06-21 05:04:44,758 [INFO] Created and configured handler for binary '/home/firmware/Current_dataset/D-Link/DIR-878/cpio-root/bin/prog.cgi'
2025-06-21 05:04:45,343 [INFO] Analyzing predecessor function sub_418f68 at 0x418f68 | XRefs: [<CFGNode 0x418fbc[40]>]
2025-06-21 05:04:45,377 [INFO] Starting RDA core analysis for function sub_418f68 at 0x418f68
2025-06-21 05:04:48,465 [INFO] RDA core analysis for sub_418f68 finished in 3s
2025-06-21 05:04:48,520 [INFO] Analyzing predecessor function sub_4191bc at 0x4191bc | XRefs: [<CFGNode 0x419210[40]>]
2025-06-21 05:04:48,550 [INFO] Starting RDA core analysis for function sub_4191bc at 0x4191bc
2025-06-21 05:04:51,560 [INFO] RDA core analysis for sub_4191bc finished in 3s
2025-06-21 05:04:51,615 [INFO] Analyzing predecessor function sub_428bd8 at 0x428bd8 | XRefs: [<CFGNode 0x428ce4[28]>]
2025-06-21 05:04:51,644 [INFO] Starting RDA core analysis for function sub_428bd8 at 0x428bd8
2025-06-21 05:04:53,660 [INFO] RDA core analysis for sub_428bd8 finished in 2s
2025-06-21 05:04:53,711 [INFO] Analyzing predecessor function sub_445780 at 0x445780 | XRefs: [<CFGNode 0x445898[44]>, <CFGNode 0x44601c[32]>, <CFGNode 0x44603c[36]>, <CFGNode 0x445e5c[40]>, <CFGNode 0x445eb8[40]>, <CFGNode 0x445f14[40]>, <CFGNode 0x445f70[40]>, <CFGNode 0x445fcc[40]>, <CFGNode 0x445c08[36]>, <CFGNode 0x445c60[36]>, <CFGNode 0x445cb8[36]>, <CFGNode 0x445d10[36]>, <CFGNode 0x445d5c[36]>, <CFGNode 0x445db4[36]>]
2025-06-21 05:04:53,739 [INFO] Starting RDA core analysis for function sub_445780 at 0x445780
2025-06-21 05:05:02,102 [INFO] RDA core analysis for sub_445780 finished in 8s
2025-06-21 05:05:02,169 [INFO] Analyzing predecessor function sub_436f84 at 0x436f84 | XRefs: [<CFGNode 0x4370c0[32]>, <CFGNode 0x4370e0[40]>, <CFGNode 0x4372a4[32]>]
2025-06-21 05:05:02,198 [INFO] Starting RDA core analysis for function sub_436f84 at 0x436f84
2025-06-21 05:05:09,902 [ERROR] Error analyzing function FIREWALL_IPv6_FILTER_run (addr=0x431080): 'MemoryLocation' object has no attribute 'reg_offset'
Traceback (most recent call last):
  File "/home/SGTaint/tool/SGGraph/base.py", line 271, in rda_analyze
    result = run_function_with_timeout(self.rda_analyze_core, args=(caller_func,), timeout=20000)
  File "/home/SGTaint/tool/BugFinder/utils.py", line 613, in run_function_with_timeout
    raise data
AttributeError: 'MemoryLocation' object has no attribute 'reg_offset'
2025-06-21 05:05:09,904 [INFO] Analyzing predecessor function sub_406184 at 0x406184 | XRefs: [<CFGNode 0x406184[140]>, <CFGNode 0x4062f0[24]>, <CFGNode 0x406378[16]>]
2025-06-21 05:05:09,928 [INFO] Starting RDA core analysis for function sub_406184 at 0x406184
2025-06-21 05:05:11,339 [ERROR] Error analyzing function sub_436f84 (addr=0x436f84): list index out of range
Traceback (most recent call last):
  File "/home/SGTaint/tool/SGGraph/base.py", line 271, in rda_analyze
    result = run_function_with_timeout(self.rda_analyze_core, args=(caller_func,), timeout=20000)
  File "/home/SGTaint/tool/BugFinder/utils.py", line 613, in run_function_with_timeout
    raise data
IndexError: list index out of range
2025-06-21 05:05:11,342 [INFO] Analyzing predecessor function sub_451904 at 0x451904 | XRefs: [<CFGNode 0x451b90[36]>, <CFGNode 0x451b60[36]>, <CFGNode 0x451bb8[32]>, <CFGNode 0x451bd8[36]>, <CFGNode 0x451bfc[36]>, <CFGNode 0x451c20[36]>, <CFGNode 0x451c44[36]>]
2025-06-21 05:05:11,371 [INFO] Starting RDA core analysis for function sub_451904 at 0x451904
2025-06-21 05:05:14,415 [ERROR] Error analyzing function sub_406184 (addr=0x406184): 'ConditionalJump' object has no attribute 'args'
Traceback (most recent call last):
  File "/home/SGTaint/tool/SGGraph/base.py", line 271, in rda_analyze
    result = run_function_with_timeout(self.rda_analyze_core, args=(caller_func,), timeout=20000)
  File "/home/SGTaint/tool/BugFinder/utils.py", line 613, in run_function_with_timeout
    raise data
AttributeError: 'ConditionalJump' object has no attribute 'args'
2025-06-21 05:05:14,416 [INFO] Analyzing predecessor function WLAN_guest_login_block at 0x417108 | XRefs: [<CFGNode WLAN_guest_login_block+0x8c [24]>, <CFGNode WLAN_guest_login_block+0xc4 [24]>, <CFGNode WLAN_guest_login_block+0xfc [24]>, <CFGNode WLAN_guest_login_block+0x134 [24]>, <CFGNode WLAN_guest_login_block+0x16c [24]>, <CFGNode WLAN_guest_login_block+0x1a4 [24]>, <CFGNode WLAN_guest_login_block+0x1dc [24]>, <CFGNode WLAN_guest_login_block+0x214 [24]>, <CFGNode WLAN_guest_login_block+0x3f0 [24]>, <CFGNode WLAN_guest_login_block+0x424 [24]>, <CFGNode WLAN_guest_login_block+0x328 [24]>, <CFGNode WLAN_guest_login_block+0x360 [24]>, <CFGNode WLAN_guest_login_block+0x398 [24]>]
2025-06-21 05:05:14,438 [INFO] Starting RDA core analysis for function WLAN_guest_login_block at 0x417108
2025-06-21 05:05:19,732 [INFO] RDA core analysis for sub_451904 finished in 8s
2025-06-21 05:05:19,817 [INFO] Analyzing predecessor function sub_45ae8c at 0x45ae8c | XRefs: [<CFGNode 0x45c46c[36]>, <CFGNode 0x45b360[36]>, <CFGNode 0x45b654[36]>, <CFGNode 0x45b594[36]>, <CFGNode 0x45b5b8[36]>, <CFGNode 0x45b5dc[36]>, <CFGNode 0x45b600[36]>, <CFGNode 0x45b624[36]>, <CFGNode 0x45b67c[32]>, <CFGNode 0x45b69c[36]>, <CFGNode 0x45b6c0[36]>, <CFGNode 0x45b6e4[36]>, <CFGNode 0x45b708[36]>, <CFGNode 0x45b72c[36]>, <CFGNode 0x45b750[36]>, <CFGNode 0x45b774[36]>, <CFGNode 0x45b798[36]>, <CFGNode 0x45b7bc[36]>, <CFGNode 0x45c380[36]>, <CFGNode 0x45c410[40]>, <CFGNode 0x45c438[40]>, <CFGNode 0x45c66c[36]>, <CFGNode 0x45c690[36]>, <CFGNode 0x45c6b4[36]>, <CFGNode 0x45c6d8[36]>, <CFGNode 0x45c4b0[36]>, <CFGNode 0x45c4f4[36]>, <CFGNode 0x45c538[36]>]
2025-06-21 05:05:19,847 [INFO] Starting RDA core analysis for function sub_45ae8c at 0x45ae8c
2025-06-21 05:05:24,894 [INFO] RDA core analysis for WLAN_guest_login_block finished in 10s
2025-06-21 05:05:24,998 [INFO] Analyzing predecessor function alg_ipseccommit_handler at 0x41910c | XRefs: [<CFGNode alg_ipseccommit_handler+0xa0 [20]>, <CFGNode alg_ipseccommit_handler+0x100 [20]>, <CFGNode alg_ipseccommit_handler+0x114 [28]>, <CFGNode alg_ipseccommit_handler+0xb4 [28]>]
2025-06-21 05:05:25,021 [INFO] Starting RDA core analysis for function alg_ipseccommit_handler at 0x41910c
2025-06-21 05:05:26,160 [INFO] RDA core analysis for alg_ipseccommit_handler finished in 1s
2025-06-21 05:05:26,201 [INFO] Analyzing predecessor function tw_add_device_mac at 0x41630c | XRefs: [<CFGNode tw_add_device_mac+0x1f0 [28]>, <CFGNode tw_add_device_mac+0x1e0 [16]>, <CFGNode tw_add_device_mac+0x3a0 [32]>, <CFGNode tw_add_device_mac+0x3c0 [28]>, <CFGNode tw_add_device_mac+0x390 [16]>]
2025-06-21 05:05:26,228 [INFO] Starting RDA core analysis for function tw_add_device_mac at 0x41630c
2025-06-21 05:05:31,546 [ERROR] Error analyzing function tw_add_device_mac (addr=0x41630c): list index out of range
Traceback (most recent call last):
  File "/home/SGTaint/tool/SGGraph/base.py", line 271, in rda_analyze
    result = run_function_with_timeout(self.rda_analyze_core, args=(caller_func,), timeout=20000)
  File "/home/SGTaint/tool/BugFinder/utils.py", line 613, in run_function_with_timeout
    raise data
IndexError: list index out of range
2025-06-21 05:05:31,547 [INFO] Analyzing predecessor function tw_add_porttrigger_iptables_rule at 0x41c58c | XRefs: [<CFGNode tw_add_porttrigger_iptables_rule+0x460 [24]>, <CFGNode tw_add_porttrigger_iptables_rule+0x6f0 [24]>, <CFGNode tw_add_porttrigger_iptables_rule+0x684 [24]>]
2025-06-21 05:05:31,569 [INFO] Starting RDA core analysis for function tw_add_porttrigger_iptables_rule at 0x41c58c
2025-06-21 05:05:46,537 [INFO] RDA core analysis for sub_45ae8c finished in 26s
2025-06-21 05:05:46,676 [INFO] Analyzing predecessor function sub_47970c at 0x47970c | XRefs: [<CFGNode 0x4798f0[36]>, <CFGNode 0x4798c0[36]>, <CFGNode 0x479974[36]>, <CFGNode 0x479944[36]>, <CFGNode 0x47999c[32]>, <CFGNode 0x4799bc[36]>]
2025-06-21 05:05:46,707 [INFO] Starting RDA core analysis for function sub_47970c at 0x47970c
2025-06-21 05:05:48,873 [INFO] RDA core analysis for sub_47970c finished in 2s
2025-06-21 05:05:48,930 [INFO] Analyzing predecessor function sub_431690 at 0x431690 | XRefs: [<CFGNode 0x431bac[36]>]
2025-06-21 05:05:48,958 [INFO] Starting RDA core analysis for function sub_431690 at 0x431690
2025-06-21 05:05:53,467 [INFO] RDA core analysis for sub_431690 finished in 4s
2025-06-21 05:05:53,535 [INFO] Analyzing predecessor function sub_469c10 at 0x469c10 | XRefs: [<CFGNode 0x46a33c[36]>, <CFGNode 0x46a360[40]>, <CFGNode 0x46a388[40]>, <CFGNode 0x46a3d4[36]>, <CFGNode 0x46a41c[36]>, <CFGNode 0x46a524[32]>, <CFGNode 0x46a568[32]>, <CFGNode 0x46a5ac[32]>, <CFGNode 0x46a630[40]>, <CFGNode 0x46a67c[36]>, <CFGNode 0x46a6a0[36]>, <CFGNode 0x46a790[32]>, <CFGNode 0x46a7f0[32]>, <CFGNode 0x46a7cc[32]>, <CFGNode 0x46a810[36]>]
2025-06-21 05:05:53,564 [INFO] Starting RDA core analysis for function sub_469c10 at 0x469c10
2025-06-21 05:06:04,938 [INFO] RDA core analysis for sub_469c10 finished in 11s
2025-06-21 05:06:05,018 [INFO] Analyzing predecessor function sub_472910 at 0x472910 | XRefs: [<CFGNode 0x472e74[108]>, <CFGNode 0x472ee0[40]>, <CFGNode 0x472f08[40]>, <CFGNode 0x472f54[36]>, <CFGNode 0x472f9c[36]>, <CFGNode 0x472fe4[32]>, <CFGNode 0x473028[32]>, <CFGNode 0x47306c[36]>, <CFGNode 0x4730f8[36]>, <CFGNode 0x473140[36]>, <CFGNode 0x47320c[40]>, <CFGNode 0x473234[40]>, <CFGNode 0x473348[36]>, <CFGNode 0x4733ac[32]>, <CFGNode 0x473388[32]>, <CFGNode 0x4733cc[36]>]
2025-06-21 05:06:05,048 [INFO] Starting RDA core analysis for function sub_472910 at 0x472910
2025-06-21 05:06:11,167 [INFO] RDA core analysis for tw_add_porttrigger_iptables_rule finished in 39s
2025-06-21 05:06:11,325 [INFO] Analyzing predecessor function tw_get_cur_wan_type at 0x40e090 | XRefs: [<CFGNode tw_get_cur_wan_type+0xc0 [24]>, <CFGNode tw_get_cur_wan_type+0x1e0 [24]>]
2025-06-21 05:06:11,351 [INFO] Starting RDA core analysis for function tw_get_cur_wan_type at 0x40e090
2025-06-21 05:06:14,358 [INFO] RDA core analysis for sub_472910 finished in 9s
2025-06-21 05:06:14,434 [INFO] Analyzing predecessor function sub_47c110 at 0x47c110 | XRefs: [<CFGNode 0x47c5bc[40]>, <CFGNode 0x47cbbc[32]>]
2025-06-21 05:06:14,463 [INFO] Starting RDA core analysis for function sub_47c110 at 0x47c110
2025-06-21 05:06:15,331 [ERROR] Error analyzing function tw_get_cur_wan_type (addr=0x40e090): 'ConditionalJump' object has no attribute 'args'
Traceback (most recent call last):
  File "/home/SGTaint/tool/SGGraph/base.py", line 271, in rda_analyze
    result = run_function_with_timeout(self.rda_analyze_core, args=(caller_func,), timeout=20000)
  File "/home/SGTaint/tool/BugFinder/utils.py", line 613, in run_function_with_timeout
    raise data
AttributeError: 'ConditionalJump' object has no attribute 'args'
2025-06-21 05:06:15,332 [INFO] Analyzing predecessor function tw_add_reserve_ip_to_file at 0x415690 | XRefs: [<CFGNode tw_add_reserve_ip_to_file+0x44 [20]>]
2025-06-21 05:06:15,354 [INFO] Starting RDA core analysis for function tw_add_reserve_ip_to_file at 0x415690
2025-06-21 05:06:18,500 [INFO] RDA core analysis for tw_add_reserve_ip_to_file finished in 3s
2025-06-21 05:06:18,542 [INFO] Analyzing predecessor function PORTFORWARD_run at 0x427890 | XRefs: [<CFGNode PORTFORWARD_run+0x9c8 [36]>, <CFGNode PORTFORWARD_run+0xa04 [48]>, <CFGNode PORTFORWARD_run+0xa4c [40]>, <CFGNode PORTFORWARD_run+0xa8c [40]>, <CFGNode PORTFORWARD_run+0x15b4 [36]>, <CFGNode PORTFORWARD_run+0xb00 [28]>, <CFGNode PORTFORWARD_run+0xbd8 [28]>, <CFGNode PORTFORWARD_run+0xc0c [40]>, <CFGNode PORTFORWARD_run+0xc4c [44]>, <CFGNode PORTFORWARD_run+0xb34 [40]>, <CFGNode PORTFORWARD_run+0xb74 [44]>, <CFGNode PORTFORWARD_run+0x15f0 [48]>, <CFGNode PORTFORWARD_run+0x1cd0 [28]>, <CFGNode PORTFORWARD_run+0x1d04 [40]>, <CFGNode PORTFORWARD_run+0x1d44 [40]>, <CFGNode PORTFORWARD_run+0x1d84 [32]>, <CFGNode PORTFORWARD_run+0x1dbc [32]>, <CFGNode PORTFORWARD_run+0x1888 [8]>, <CFGNode PORTFORWARD_run+0x18a8 [32]>, <CFGNode PORTFORWARD_run+0x18e0 [32]>, <CFGNode PORTFORWARD_run+0x1918 [32]>, <CFGNode PORTFORWARD_run+0x1950 [32]>, <CFGNode PORTFORWARD_run+0x1988 [32]>, <CFGNode PORTFORWARD_run+0x19c0 [32]>, <CFGNode PORTFORWARD_run+0x1f28 [24]>, <CFGNode PORTFORWARD_run+0x1e64 [28]>, <CFGNode PORTFORWARD_run+0x1e98 [32]>, <CFGNode PORTFORWARD_run+0x1f5c [32]>, <CFGNode PORTFORWARD_run+0x174c [28]>, <CFGNode PORTFORWARD_run+0x1780 [40]>, <CFGNode PORTFORWARD_run+0x17c0 [40]>, <CFGNode PORTFORWARD_run+0x1800 [32]>, <CFGNode PORTFORWARD_run+0x1838 [32]>, <CFGNode PORTFORWARD_run+0xf40 [20]>, <CFGNode PORTFORWARD_run+0x1000 [20]>, <CFGNode PORTFORWARD_run+0x102c [32]>, <CFGNode PORTFORWARD_run+0xf6c [32]>]
2025-06-21 05:06:18,563 [INFO] Starting RDA core analysis for function PORTFORWARD_run at 0x427890
2025-06-21 05:06:23,195 [ERROR] Error analyzing function sub_47c110 (addr=0x47c110): list index out of range
Traceback (most recent call last):
  File "/home/SGTaint/tool/SGGraph/base.py", line 271, in rda_analyze
    result = run_function_with_timeout(self.rda_analyze_core, args=(caller_func,), timeout=20000)
  File "/home/SGTaint/tool/BugFinder/utils.py", line 613, in run_function_with_timeout
    raise data
IndexError: list index out of range
2025-06-21 05:06:23,196 [INFO] Analyzing predecessor function sub_42f614 at 0x42f614 | XRefs: [<CFGNode 0x42f790[32]>, <CFGNode 0x42f6e0[36]>, <CFGNode 0x42f6b0[36]>]
2025-06-21 05:06:23,226 [INFO] Starting RDA core analysis for function sub_42f614 at 0x42f614
2025-06-21 05:06:24,576 [INFO] RDA core analysis for sub_42f614 finished in 1s
2025-06-21 05:06:24,632 [INFO] Analyzing predecessor function sub_432814 at 0x432814 | XRefs: [<CFGNode 0x432950[32]>]
2025-06-21 05:06:24,661 [INFO] Starting RDA core analysis for function sub_432814 at 0x432814
2025-06-21 05:06:25,619 [INFO] RDA core analysis for sub_432814 finished in 0s
2025-06-21 05:06:25,672 [INFO] Analyzing predecessor function sub_43ba14 at 0x43ba14 | XRefs: [<CFGNode 0x43cbc4[44]>, <CFGNode 0x43cc20[44]>, <CFGNode 0x43c834[44]>, <CFGNode 0x43c890[44]>, <CFGNode 0x43d798[36]>, <CFGNode 0x43d7fc[36]>]
2025-06-21 05:06:25,707 [INFO] Starting RDA core analysis for function sub_43ba14 at 0x43ba14
2025-06-21 05:06:40,570 [WARNING] Decompiler failed for function start_wan: Not implemented yet.
2025-06-21 05:06:41,301 [ERROR] Error analyzing function start_wan (addr=0x417804): list index out of range
Traceback (most recent call last):
  File "/home/SGTaint/tool/SGGraph/base.py", line 271, in rda_analyze
    result = run_function_with_timeout(self.rda_analyze_core, args=(caller_func,), timeout=20000)
  File "/home/SGTaint/tool/BugFinder/utils.py", line 613, in run_function_with_timeout
    raise data
IndexError: list index out of range
2025-06-21 05:06:41,304 [INFO] Analyzing predecessor function sub_448608 at 0x448608 | XRefs: [<CFGNode 0x448e54[36]>, <CFGNode 0x448ee8[36]>, <CFGNode 0x448d7c[36]>, <CFGNode 0x448dc4[36]>, <CFGNode 0x448be8[40]>, <CFGNode 0x448c10[40]>, <CFGNode 0x448c38[40]>, <CFGNode 0x448840[36]>, <CFGNode 0x448888[36]>, <CFGNode 0x4497c8[36]>, <CFGNode 0x44985c[36]>, <CFGNode 0x4496f0[36]>, <CFGNode 0x449738[36]>, <CFGNode 0x44955c[40]>, <CFGNode 0x449584[40]>, <CFGNode 0x4495ac[40]>, <CFGNode 0x4491b4[36]>, <CFGNode 0x4491fc[36]>]
2025-06-21 05:06:41,332 [INFO] Starting RDA core analysis for function sub_448608 at 0x448608
2025-06-21 05:08:24,067 [INFO] RDA core analysis for sub_448608 finished in 102s
2025-06-21 05:08:24,196 [INFO] Analyzing predecessor function sub_43e614 at 0x43e614 | XRefs: [<CFGNode 0x43e7c4[28]>, <CFGNode 0x43e838[28]>, <CFGNode 0x43e8b8[28]>, <CFGNode 0x43e8fc[28]>]
2025-06-21 05:08:24,226 [INFO] Starting RDA core analysis for function sub_43e614 at 0x43e614
2025-06-21 05:08:32,233 [INFO] RDA core analysis for sub_43e614 finished in 8s
2025-06-21 05:08:32,296 [INFO] Analyzing predecessor function main at 0x404e18 | XRefs: [<CFGNode main+0x140 [40]>]
2025-06-21 05:08:32,327 [INFO] Starting RDA core analysis for function main at 0x404e18
2025-06-21 05:08:45,411 [INFO] RDA core analysis for main finished in 13s
2025-06-21 05:08:45,473 [INFO] Analyzing predecessor function stop_lan_up at 0x40d41c | XRefs: [<CFGNode stop_lan_up+0x164 [28]>]
2025-06-21 05:08:45,505 [INFO] Starting RDA core analysis for function stop_lan_up at 0x40d41c
2025-06-21 05:08:53,742 [INFO] RDA core analysis for stop_lan_up finished in 8s
2025-06-21 05:08:53,804 [INFO] Analyzing predecessor function stop_staticroute_ipv4 at 0x43c620 | XRefs: [<CFGNode stop_staticroute_ipv4+0x534 [124]>]
2025-06-21 05:08:53,836 [INFO] Starting RDA core analysis for function stop_staticroute_ipv4 at 0x43c620
2025-06-21 05:08:59,042 [INFO] RDA core analysis for stop_staticroute_ipv4 finished in 5s
2025-06-21 05:08:59,102 [INFO] Analyzing predecessor function sub_408e20 at 0x408e20 | XRefs: [<CFGNode 0x408e20[60]>, <CFGNode 0x408ebc[28]>, <CFGNode 0x408f90[28]>, <CFGNode 0x408fdc[28]>, <CFGNode 0x408f08[28]>]
2025-06-21 05:08:59,134 [INFO] Starting RDA core analysis for function sub_408e20 at 0x408e20
2025-06-21 05:09:00,315 [INFO] RDA core analysis for sub_408e20 finished in 1s
2025-06-21 05:09:00,361 [INFO] Analyzing predecessor function sub_42ee30 at 0x42ee30 | XRefs: [<CFGNode 0x430060[40]>]
2025-06-21 05:09:00,393 [INFO] Starting RDA core analysis for function sub_42ee30 at 0x42ee30
2025-06-21 05:09:02,955 [ERROR] Error analyzing function PORTFORWARD_run (addr=0x427890): 'MemoryLocation' object has no attribute 'reg_offset'
Traceback (most recent call last):
  File "/home/SGTaint/tool/SGGraph/base.py", line 271, in rda_analyze
    result = run_function_with_timeout(self.rda_analyze_core, args=(caller_func,), timeout=20000)
  File "/home/SGTaint/tool/BugFinder/utils.py", line 613, in run_function_with_timeout
    raise data
AttributeError: 'MemoryLocation' object has no attribute 'reg_offset'
2025-06-21 05:09:02,956 [INFO] Analyzing predecessor function tw_start_ftpd at 0x419d90 | XRefs: [<CFGNode tw_start_ftpd+0x440 [32]>]
2025-06-21 05:09:02,980 [INFO] Starting RDA core analysis for function tw_start_ftpd at 0x419d90
2025-06-21 05:09:25,748 [INFO] RDA core analysis for tw_start_ftpd finished in 22s
2025-06-21 05:09:25,873 [INFO] Analyzing predecessor function ipv6_router_address at 0x406994 | XRefs: [<CFGNode ipv6_router_address [80]>, <CFGNode ipv6_router_address+0x6c [20]>]
2025-06-21 05:09:25,896 [INFO] Starting RDA core analysis for function ipv6_router_address at 0x406994
2025-06-21 05:09:28,524 [INFO] RDA core analysis for ipv6_router_address finished in 2s
2025-06-21 05:09:28,567 [INFO] Analyzing predecessor function nvifname_to_osifname at 0x40a010 | XRefs: [<CFGNode nvifname_to_osifname+0xf8 [24]>]
2025-06-21 05:09:28,588 [INFO] Starting RDA core analysis for function nvifname_to_osifname at 0x40a010
2025-06-21 05:09:29,794 [ERROR] Error analyzing function nvifname_to_osifname (addr=0x40a010): 'ConditionalJump' object has no attribute 'args'
Traceback (most recent call last):
  File "/home/SGTaint/tool/SGGraph/base.py", line 271, in rda_analyze
    result = run_function_with_timeout(self.rda_analyze_core, args=(caller_func,), timeout=20000)
  File "/home/SGTaint/tool/BugFinder/utils.py", line 613, in run_function_with_timeout
    raise data
AttributeError: 'ConditionalJump' object has no attribute 'args'
2025-06-21 05:09:29,795 [INFO] Analyzing predecessor function LAN_WANIPConflictHandler at 0x415b18 | XRefs: [<CFGNode LAN_WANIPConflictHandler+0x2d4 [28]>, <CFGNode LAN_WANIPConflictHandler+0x2f0 [24]>, <CFGNode LAN_WANIPConflictHandler+0x308 [24]>, <CFGNode LAN_WANIPConflictHandler+0x374 [32]>, <CFGNode LAN_WANIPConflictHandler+0x474 [24]>]
2025-06-21 05:09:29,817 [INFO] Starting RDA core analysis for function LAN_WANIPConflictHandler at 0x415b18
2025-06-21 05:09:44,871 [ERROR] Error analyzing function sub_43ba14 (addr=0x43ba14): list index out of range
Traceback (most recent call last):
  File "/home/SGTaint/tool/SGGraph/base.py", line 271, in rda_analyze
    result = run_function_with_timeout(self.rda_analyze_core, args=(caller_func,), timeout=20000)
  File "/home/SGTaint/tool/BugFinder/utils.py", line 613, in run_function_with_timeout
    raise data
IndexError: list index out of range
2025-06-21 05:09:44,872 [INFO] Analyzing predecessor function sub_447918 at 0x447918 | XRefs: [<CFGNode 0x4479e8[32]>]
2025-06-21 05:09:44,903 [INFO] Starting RDA core analysis for function sub_447918 at 0x447918
2025-06-21 05:09:45,737 [INFO] RDA core analysis for sub_447918 finished in 0s
2025-06-21 05:09:45,787 [INFO] Analyzing predecessor function sub_44ca9c at 0x44ca9c | XRefs: [<CFGNode 0x44cd50[40]>]
2025-06-21 05:09:45,821 [INFO] Starting RDA core analysis for function sub_44ca9c at 0x44ca9c
2025-06-21 05:09:49,006 [INFO] RDA core analysis for sub_44ca9c finished in 3s
2025-06-21 05:09:49,066 [INFO] Analyzing predecessor function sub_457f1c at 0x457f1c | XRefs: [<CFGNode 0x458230[40]>, <CFGNode 0x458258[40]>, <CFGNode 0x458280[40]>, <CFGNode 0x4582a8[40]>, <CFGNode 0x4582d0[40]>, <CFGNode 0x4583fc[36]>, <CFGNode 0x4587dc[36]>, <CFGNode 0x458800[40]>, <CFGNode 0x458828[40]>, <CFGNode 0x458850[40]>, <CFGNode 0x45a3dc[36]>, <CFGNode 0x4588d8[36]>, <CFGNode 0x45a1c4[36]>, <CFGNode 0x45a20c[32]>, <CFGNode 0x45a250[32]>, <CFGNode 0x45a294[32]>, <CFGNode 0x459be0[36]>, <CFGNode 0x459c04[40]>, <CFGNode 0x459c2c[40]>, <CFGNode 0x459c54[40]>, <CFGNode 0x459c7c[40]>, <CFGNode 0x459ca4[40]>, <CFGNode 0x459ccc[40]>, <CFGNode 0x459cf4[40]>, <CFGNode 0x459d1c[40]>, <CFGNode 0x459da4[36]>, <CFGNode 0x459dc8[36]>, <CFGNode 0x459e9c[36]>, <CFGNode 0x459404[36]>, <CFGNode 0x459428[40]>, <CFGNode 0x459450[40]>, <CFGNode 0x459478[40]>, <CFGNode 0x4594a0[40]>, <CFGNode 0x4594c8[40]>, <CFGNode 0x4594f0[40]>, <CFGNode 0x459518[40]>, <CFGNode 0x459540[40]>, <CFGNode 0x4595c8[36]>, <CFGNode 0x4595ec[36]>, <CFGNode 0x4596c0[36]>, <CFGNode 0x458ca0[36]>, <CFGNode 0x458cc4[40]>, <CFGNode 0x458cec[40]>, <CFGNode 0x458d14[40]>, <CFGNode 0x458d3c[40]>, <CFGNode 0x458dc4[36]>, <CFGNode 0x458de8[36]>, <CFGNode 0x458ebc[36]>, <CFGNode 0x458638[36]>]
2025-06-21 05:09:49,095 [INFO] Starting RDA core analysis for function sub_457f1c at 0x457f1c
2025-06-21 05:09:55,505 [INFO] RDA core analysis for LAN_WANIPConflictHandler finished in 25s
2025-06-21 05:09:55,625 [INFO] Analyzing predecessor function TW_get_wan_ifname at 0x40f518 | XRefs: [<CFGNode TW_get_wan_ifname+0x100 [24]>]
2025-06-21 05:09:55,648 [INFO] Starting RDA core analysis for function TW_get_wan_ifname at 0x40f518
2025-06-21 05:09:56,831 [INFO] RDA core analysis for TW_get_wan_ifname finished in 1s
2025-06-21 05:09:56,867 [INFO] Analyzing predecessor function TW_get_use_wan_prefix at 0x40ec1c | XRefs: [<CFGNode TW_get_use_wan_prefix+0x1f8 [16]>, <CFGNode TW_get_use_wan_prefix+0x28c [16]>, <CFGNode TW_get_use_wan_prefix+0x2f8 [28]>, <CFGNode TW_get_use_wan_prefix+0x4d0 [24]>, <CFGNode TW_get_use_wan_prefix+0x564 [16]>, <CFGNode TW_get_use_wan_prefix+0x5d0 [28]>]
2025-06-21 05:09:56,889 [INFO] Starting RDA core analysis for function TW_get_use_wan_prefix at 0x40ec1c
2025-06-21 05:10:17,635 [INFO] RDA core analysis for TW_get_use_wan_prefix finished in 20s
2025-06-21 05:10:17,743 [INFO] Analyzing predecessor function nvram_get_double at 0x40839c | XRefs: [<CFGNode nvram_get_double [36]>]
2025-06-21 05:10:17,766 [INFO] Starting RDA core analysis for function nvram_get_double at 0x40839c
2025-06-21 05:10:18,016 [ERROR] Error analyzing function nvram_get_double (addr=0x40839c): The node Definition:
Atom: <Reg 24<4>>
CodeLoc: [External ['0x40839c']]
Tags: <ParameterTag {Function: 0x40839c, Metadata:None}> is not in the digraph.
Traceback (most recent call last):
  File "/home/SGTaint/tool/SGGraph/base.py", line 271, in rda_analyze
    result = run_function_with_timeout(self.rda_analyze_core, args=(caller_func,), timeout=20000)
  File "/home/SGTaint/tool/BugFinder/utils.py", line 613, in run_function_with_timeout
    raise data
networkx.exception.NetworkXError: The node Definition:
Atom: <Reg 24<4>>
CodeLoc: [External ['0x40839c']]
Tags: <ParameterTag {Function: 0x40839c, Metadata:None}> is not in the digraph.
2025-06-21 05:10:18,017 [INFO] Analyzing predecessor function tw_sroute_init at 0x41989c | XRefs: [<CFGNode tw_sroute_init+0x120 [20]>]
2025-06-21 05:10:18,043 [INFO] Starting RDA core analysis for function tw_sroute_init at 0x41989c
2025-06-21 05:10:22,440 [INFO] RDA core analysis for tw_sroute_init finished in 4s
2025-06-21 05:10:22,492 [INFO] Analyzing predecessor function nvram_get_int at 0x407f20 | XRefs: [<CFGNode nvram_get_int [36]>]
2025-06-21 05:10:22,515 [INFO] Starting RDA core analysis for function nvram_get_int at 0x407f20
2025-06-21 05:10:22,764 [ERROR] Error analyzing function nvram_get_int (addr=0x407f20): The node Definition:
Atom: <Reg 24<4>>
CodeLoc: [External ['0x407f20']]
Tags: <ParameterTag {Function: 0x407f20, Metadata:None}> is not in the digraph.
Traceback (most recent call last):
  File "/home/SGTaint/tool/SGGraph/base.py", line 271, in rda_analyze
    result = run_function_with_timeout(self.rda_analyze_core, args=(caller_func,), timeout=20000)
  File "/home/SGTaint/tool/BugFinder/utils.py", line 613, in run_function_with_timeout
    raise data
networkx.exception.NetworkXError: The node Definition:
Atom: <Reg 24<4>>
CodeLoc: [External ['0x407f20']]
Tags: <ParameterTag {Function: 0x407f20, Metadata:None}> is not in the digraph.
2025-06-21 05:10:22,765 [INFO] Analyzing predecessor function ure_any_enabled at 0x409fa0 | XRefs: [<CFGNode ure_any_enabled [68]>]
2025-06-21 05:10:22,792 [INFO] Starting RDA core analysis for function ure_any_enabled at 0x409fa0
2025-06-21 05:10:23,169 [INFO] RDA core analysis for ure_any_enabled finished in 0s
2025-06-21 05:10:23,207 [INFO] Analyzing predecessor function getRouteDev at 0x419520 | XRefs: [<CFGNode getRouteDev+0x1c4 [24]>]
2025-06-21 05:10:23,235 [INFO] Starting RDA core analysis for function getRouteDev at 0x419520
2025-06-21 05:10:23,877 [INFO] RDA core analysis for sub_42ee30 finished in 83s
2025-06-21 05:10:24,076 [INFO] Analyzing predecessor function sub_43b630 at 0x43b630 | XRefs: [<CFGNode 0x43b700[32]>, <CFGNode 0x43b720[36]>, <CFGNode 0x43b744[36]>, <CFGNode 0x43b7b8[32]>, <CFGNode 0x43b898[32]>, <CFGNode 0x43b8b8[36]>, <CFGNode 0x43b7d8[36]>]
2025-06-21 05:10:24,108 [INFO] Starting RDA core analysis for function sub_43b630 at 0x43b630
2025-06-21 05:10:25,558 [INFO] RDA core analysis for sub_43b630 finished in 1s
2025-06-21 05:10:25,606 [INFO] Analyzing predecessor function sub_413c30 at 0x413c30 | XRefs: [<CFGNode 0x413ce8[52]>]
2025-06-21 05:10:25,634 [INFO] Starting RDA core analysis for function sub_413c30 at 0x413c30
2025-06-21 05:10:37,074 [INFO] RDA core analysis for getRouteDev finished in 13s
2025-06-21 05:10:37,190 [INFO] Analyzing predecessor function alg_sipcommit_handler at 0x4190a4 | XRefs: [<CFGNode alg_sipcommit_handler [40]>]
2025-06-21 05:10:37,218 [INFO] Starting RDA core analysis for function alg_sipcommit_handler at 0x4190a4
2025-06-21 05:10:37,558 [INFO] RDA core analysis for alg_sipcommit_handler finished in 0s
2025-06-21 05:10:37,593 [INFO] Analyzing predecessor function TW_Spi_Fw_Config at 0x413928 | XRefs: [<CFGNode TW_Spi_Fw_Config+0x15c [40]>, <CFGNode TW_Spi_Fw_Config+0x1c8 [40]>, <CFGNode TW_Spi_Fw_Config+0x234 [40]>, <CFGNode TW_Spi_Fw_Config+0x2a0 [40]>, <CFGNode TW_Spi_Fw_Config+0x30c [32]>, <CFGNode TW_Spi_Fw_Config+0x370 [40]>, <CFGNode TW_Spi_Fw_Config+0x3dc [40]>, <CFGNode TW_Spi_Fw_Config+0x448 [40]>, <CFGNode TW_Spi_Fw_Config+0x4b4 [40]>, <CFGNode TW_Spi_Fw_Config+0x684 [40]>, <CFGNode TW_Spi_Fw_Config+0x6f0 [40]>, <CFGNode TW_Spi_Fw_Config+0x75c [40]>, <CFGNode TW_Spi_Fw_Config+0x908 [48]>, <CFGNode TW_Spi_Fw_Config+0x97c [48]>, <CFGNode TW_Spi_Fw_Config+0x9f0 [48]>, <CFGNode TW_Spi_Fw_Config+0xa64 [24]>, <CFGNode TW_Spi_Fw_Config+0xac0 [24]>, <CFGNode TW_Spi_Fw_Config+0xb1c [48]>, <CFGNode TW_Spi_Fw_Config+0xb90 [40]>, <CFGNode TW_Spi_Fw_Config+0x10fc [40]>, <CFGNode TW_Spi_Fw_Config+0x1168 [24]>, <CFGNode TW_Spi_Fw_Config+0x11c4 [48]>, <CFGNode TW_Spi_Fw_Config+0x1238 [48]>, <CFGNode TW_Spi_Fw_Config+0x12ac [48]>, <CFGNode TW_Spi_Fw_Config+0x1320 [24]>, <CFGNode TW_Spi_Fw_Config+0x137c [40]>, <CFGNode TW_Spi_Fw_Config+0x13e8 [24]>, <CFGNode TW_Spi_Fw_Config+0x1444 [16]>, <CFGNode TW_Spi_Fw_Config+0x1498 [40]>, <CFGNode TW_Spi_Fw_Config+0x1504 [40]>, <CFGNode TW_Spi_Fw_Config+0x1570 [40]>, <CFGNode TW_Spi_Fw_Config+0x15dc [40]>, <CFGNode TW_Spi_Fw_Config+0x1648 [32]>, <CFGNode TW_Spi_Fw_Config+0xdac [40]>, <CFGNode TW_Spi_Fw_Config+0xe18 [24]>, <CFGNode TW_Spi_Fw_Config+0xe74 [48]>, <CFGNode TW_Spi_Fw_Config+0xee8 [48]>, <CFGNode TW_Spi_Fw_Config+0xd4c [24]>, <CFGNode TW_Spi_Fw_Config+0x109c [24]>, <CFGNode TW_Spi_Fw_Config+0x7cc [40]>, <CFGNode TW_Spi_Fw_Config+0x838 [32]>, <CFGNode TW_Spi_Fw_Config+0x89c [40]>]
2025-06-21 05:10:37,617 [INFO] Starting RDA core analysis for function TW_Spi_Fw_Config at 0x413928
2025-06-21 05:11:20,686 [INFO] RDA core analysis for sub_413c30 finished in 55s
2025-06-21 05:11:20,856 [INFO] Analyzing predecessor function sub_404c30 at 0x404c30 | XRefs: [<CFGNode 0x404d8c[52]>]
2025-06-21 05:11:20,887 [INFO] Starting RDA core analysis for function sub_404c30 at 0x404c30
2025-06-21 05:11:21,900 [INFO] RDA core analysis for sub_404c30 finished in 1s
2025-06-21 05:11:21,945 [INFO] Analyzing predecessor function add_ip6_lanaddr at 0x40f43c | XRefs: [<CFGNode add_ip6_lanaddr+0x1fc [36]>]
2025-06-21 05:11:21,975 [INFO] Starting RDA core analysis for function add_ip6_lanaddr at 0x40f43c
2025-06-21 05:11:23,103 [INFO] RDA core analysis for add_ip6_lanaddr finished in 1s
2025-06-21 05:11:23,142 [INFO] Analyzing predecessor function stop_wan6 at 0x414c3c | XRefs: [<CFGNode stop_wan6+0x5ac [36]>]
2025-06-21 05:11:23,173 [INFO] Starting RDA core analysis for function stop_wan6 at 0x414c3c
2025-06-21 05:11:26,869 [INFO] RDA core analysis for stop_wan6 finished in 3s
2025-06-21 05:11:26,928 [INFO] Analyzing predecessor function wan_up at 0x41e840 | XRefs: [<CFGNode wan_up+0x3e8 [40]>, <CFGNode wan_up+0x4ec [36]>, <CFGNode wan_up+0x550 [40]>, <CFGNode wan_up+0x578 [40]>, <CFGNode wan_up+0x6b4 [36]>]
2025-06-21 05:11:26,955 [INFO] Starting RDA core analysis for function wan_up at 0x41e840
2025-06-21 05:12:12,925 [INFO] RDA core analysis for sub_457f1c finished in 143s
2025-06-21 05:12:13,204 [INFO] Analyzing predecessor function sub_45e89c at 0x45e89c | XRefs: [<CFGNode 0x45ee90[36]>, <CFGNode 0x45ee60[36]>, <CFGNode 0x45eeb8[36]>]
2025-06-21 05:12:13,236 [INFO] Starting RDA core analysis for function sub_45e89c at 0x45e89c
2025-06-21 05:12:18,601 [ERROR] Error analyzing function sub_45e89c (addr=0x45e89c): list index out of range
Traceback (most recent call last):
  File "/home/SGTaint/tool/SGGraph/base.py", line 271, in rda_analyze
    result = run_function_with_timeout(self.rda_analyze_core, args=(caller_func,), timeout=20000)
  File "/home/SGTaint/tool/BugFinder/utils.py", line 613, in run_function_with_timeout
    raise data
IndexError: list index out of range
2025-06-21 05:12:18,602 [INFO] Analyzing predecessor function sub_477c20 at 0x477c20 | XRefs: [<CFGNode 0x4783d0[40]>, <CFGNode 0x477dac[40]>]
2025-06-21 05:12:18,631 [INFO] Starting RDA core analysis for function sub_477c20 at 0x477c20
2025-06-21 05:12:30,236 [INFO] RDA core analysis for wan_up finished in 63s
2025-06-21 05:12:30,412 [INFO] Analyzing predecessor function sub_44ac40 at 0x44ac40 | XRefs: [<CFGNode 0x44c678[32]>, <CFGNode 0x44b9f4[32]>, <CFGNode 0x44c0ac[40]>, <CFGNode 0x44c23c[40]>, <CFGNode 0x44c27c[36]>, <CFGNode 0x44c2c0[36]>, <CFGNode 0x44c304[36]>, <CFGNode 0x44c378[36]>, <CFGNode 0x44c348[36]>, <CFGNode 0x44cdc8[36]>, <CFGNode 0x44ccec[40]>, <CFGNode 0x44cd5c[36]>, <CFGNode 0x44bc84[40]>, <CFGNode 0x44bda0[32]>]
2025-06-21 05:12:30,439 [INFO] Starting RDA core analysis for function sub_44ac40 at 0x44ac40
2025-06-21 05:12:31,146 [INFO] RDA core analysis for sub_477c20 finished in 12s
2025-06-21 05:12:31,232 [INFO] Analyzing predecessor function sub_4523a4 at 0x4523a4 | XRefs: [<CFGNode 0x452744[32]>, <CFGNode 0x452764[40]>]
2025-06-21 05:12:31,261 [INFO] Starting RDA core analysis for function sub_4523a4 at 0x4523a4
2025-06-21 05:12:34,142 [ERROR] Error analyzing function sub_4523a4 (addr=0x4523a4): list index out of range
Traceback (most recent call last):
  File "/home/SGTaint/tool/SGGraph/base.py", line 271, in rda_analyze
    result = run_function_with_timeout(self.rda_analyze_core, args=(caller_func,), timeout=20000)
  File "/home/SGTaint/tool/BugFinder/utils.py", line 613, in run_function_with_timeout
    raise data
IndexError: list index out of range
2025-06-21 05:12:34,143 [INFO] Analyzing predecessor function sub_4203a8 at 0x4203a8 | XRefs: [<CFGNode 0x42066c[56]>]
2025-06-21 05:12:34,177 [INFO] Starting RDA core analysis for function sub_4203a8 at 0x4203a8
2025-06-21 05:12:39,316 [INFO] RDA core analysis for sub_4203a8 finished in 5s
2025-06-21 05:12:39,381 [INFO] Analyzing predecessor function sub_44632c at 0x44632c | XRefs: [<CFGNode 0x446390[32]>]
2025-06-21 05:12:39,415 [INFO] Starting RDA core analysis for function sub_44632c at 0x44632c
2025-06-21 05:12:40,024 [INFO] RDA core analysis for sub_44632c finished in 0s
2025-06-21 05:12:40,074 [INFO] Analyzing predecessor function sub_482fac at 0x482fac | XRefs: [<CFGNode 0x48307c[36]>]
2025-06-21 05:12:40,108 [INFO] Starting RDA core analysis for function sub_482fac at 0x482fac
2025-06-21 05:12:41,734 [ERROR] Error analyzing function sub_482fac (addr=0x482fac): list index out of range
Traceback (most recent call last):
  File "/home/SGTaint/tool/SGGraph/base.py", line 271, in rda_analyze
    result = run_function_with_timeout(self.rda_analyze_core, args=(caller_func,), timeout=20000)
  File "/home/SGTaint/tool/BugFinder/utils.py", line 613, in run_function_with_timeout
    raise data
IndexError: list index out of range
2025-06-21 05:12:41,735 [INFO] Analyzing predecessor function sub_42adb0 at 0x42adb0 | XRefs: [<CFGNode 0x42af7c[352]>, <CFGNode 0x42b0dc[44]>]
2025-06-21 05:12:41,764 [INFO] Starting RDA core analysis for function sub_42adb0 at 0x42adb0
2025-06-21 05:13:05,828 [INFO] RDA core analysis for TW_Spi_Fw_Config finished in 148s
2025-06-21 05:13:05,993 [INFO] Analyzing predecessor function get_wan6_mac at 0x406da8 | XRefs: [<CFGNode get_wan6_mac+0x7c [16]>]
2025-06-21 05:13:06,025 [INFO] Starting RDA core analysis for function get_wan6_mac at 0x406da8
2025-06-21 05:13:08,221 [INFO] RDA core analysis for get_wan6_mac finished in 2s
2025-06-21 05:13:08,262 [INFO] Analyzing predecessor function upload_trigger_rules at 0x41d6a8 | XRefs: [<CFGNode upload_trigger_rules+0x12c [28]>]
2025-06-21 05:13:08,293 [INFO] Starting RDA core analysis for function upload_trigger_rules at 0x41d6a8
2025-06-21 05:13:09,634 [INFO] RDA core analysis for upload_trigger_rules finished in 1s
2025-06-21 05:13:09,673 [INFO] Analyzing predecessor function DMZ_run at 0x426a2c | XRefs: [<CFGNode DMZ_run+0x60c [24]>, <CFGNode DMZ_run+0x650 [24]>, <CFGNode DMZ_run+0x694 [24]>, <CFGNode DMZ_run+0x6d8 [24]>, <CFGNode DMZ_run+0x720 [24]>, <CFGNode DMZ_run+0x76c [24]>, <CFGNode DMZ_run+0x9d0 [24]>, <CFGNode DMZ_run+0xa60 [24]>]
2025-06-21 05:13:09,705 [INFO] Starting RDA core analysis for function DMZ_run at 0x426a2c
2025-06-21 05:13:11,303 [ERROR] Error analyzing function sub_42adb0 (addr=0x42adb0): list index out of range
Traceback (most recent call last):
  File "/home/SGTaint/tool/SGGraph/base.py", line 271, in rda_analyze
    result = run_function_with_timeout(self.rda_analyze_core, args=(caller_func,), timeout=20000)
  File "/home/SGTaint/tool/BugFinder/utils.py", line 613, in run_function_with_timeout
    raise data
IndexError: list index out of range
2025-06-21 05:13:11,304 [INFO] Analyzing predecessor function sub_4330b0 at 0x4330b0 | XRefs: [<CFGNode 0x43370c[32]>, <CFGNode 0x4337a8[32]>, <CFGNode 0x433844[32]>, <CFGNode 0x433864[36]>, <CFGNode 0x433908[40]>, <CFGNode 0x433990[36]>, <CFGNode 0x433960[36]>, <CFGNode 0x433a14[36]>, <CFGNode 0x4339e4[36]>, <CFGNode 0x433aec[40]>, <CFGNode 0x433b78[40]>]
2025-06-21 05:13:11,338 [INFO] Starting RDA core analysis for function sub_4330b0 at 0x4330b0
2025-06-21 05:13:16,545 [INFO] RDA core analysis for sub_44ac40 finished in 46s
2025-06-21 05:13:16,714 [INFO] Analyzing predecessor function stop_staticroute_ipv6 at 0x43d444 | XRefs: [<CFGNode stop_staticroute_ipv6+0x1d8 [64]>]
2025-06-21 05:13:16,741 [INFO] Starting RDA core analysis for function stop_staticroute_ipv6 at 0x43d444
2025-06-21 05:13:18,804 [INFO] RDA core analysis for stop_staticroute_ipv6 finished in 2s
2025-06-21 05:13:18,858 [INFO] Analyzing predecessor function sub_433244 at 0x433244 | XRefs: [<CFGNode 0x4334b4[44]>]
2025-06-21 05:13:18,890 [INFO] Starting RDA core analysis for function sub_433244 at 0x433244
2025-06-21 05:13:20,656 [ERROR] Error analyzing function sub_433244 (addr=0x433244): list index out of range
Traceback (most recent call last):
  File "/home/SGTaint/tool/SGGraph/base.py", line 271, in rda_analyze
    result = run_function_with_timeout(self.rda_analyze_core, args=(caller_func,), timeout=20000)
  File "/home/SGTaint/tool/BugFinder/utils.py", line 613, in run_function_with_timeout
    raise data
IndexError: list index out of range
2025-06-21 05:13:20,657 [INFO] Analyzing predecessor function start_lan_br at 0x40d648 | XRefs: [<CFGNode start_lan_br+0x3a4 [36]>, <CFGNode start_lan_br+0x4f8 [36]>]
2025-06-21 05:13:20,688 [INFO] Starting RDA core analysis for function start_lan_br at 0x40d648
2025-06-21 05:13:53,074 [INFO] RDA core analysis for start_lan_br finished in 32s
2025-06-21 05:13:53,138 [INFO] Analyzing predecessor function sub_41da4c at 0x41da4c | XRefs: [<CFGNode 0x41e0b4[36]>]
2025-06-21 05:13:53,168 [INFO] Starting RDA core analysis for function sub_41da4c at 0x41da4c
2025-06-21 05:13:58,452 [INFO] RDA core analysis for sub_41da4c finished in 5s
2025-06-21 05:13:58,521 [INFO] Analyzing predecessor function sub_420e4c at 0x420e4c | XRefs: [<CFGNode 0x420e4c[48]>]
2025-06-21 05:13:58,553 [INFO] Starting RDA core analysis for function sub_420e4c at 0x420e4c
2025-06-21 05:14:00,106 [INFO] RDA core analysis for sub_420e4c finished in 1s
2025-06-21 05:14:00,154 [INFO] Analyzing predecessor function sub_408c54 at 0x408c54 | XRefs: [<CFGNode 0x408c54[56]>, <CFGNode 0x408c8c[40]>, <CFGNode 0x408cb4[40]>, <CFGNode 0x408cdc[40]>, <CFGNode 0x408d54[36]>, <CFGNode 0x408d78[40]>, <CFGNode 0x408da0[40]>, <CFGNode 0x408de8[36]>]
2025-06-21 05:14:00,183 [INFO] Starting RDA core analysis for function sub_408c54 at 0x408c54
2025-06-21 05:14:00,973 [INFO] RDA core analysis for sub_408c54 finished in 0s
2025-06-21 05:14:01,023 [INFO] Analyzing predecessor function sub_440c58 at 0x440c58 | XRefs: [<CFGNode 0x441008[36]>, <CFGNode 0x44106c[36]>]
2025-06-21 05:14:01,055 [INFO] Starting RDA core analysis for function sub_440c58 at 0x440c58
2025-06-21 05:14:01,427 [INFO] RDA core analysis for DMZ_run finished in 51s
2025-06-21 05:14:01,572 [INFO] Analyzing predecessor function get_lan_mac at 0x406430 | XRefs: [<CFGNode get_lan_mac [48]>]
2025-06-21 05:14:01,609 [INFO] Starting RDA core analysis for function get_lan_mac at 0x406430
2025-06-21 05:14:02,040 [INFO] RDA core analysis for get_lan_mac finished in 0s
2025-06-21 05:14:02,076 [INFO] Analyzing predecessor function start_miniupnpd_finish at 0x420b30 | XRefs: [<CFGNode start_miniupnpd_finish+0x1c0 [24]>]
2025-06-21 05:14:02,113 [INFO] Starting RDA core analysis for function start_miniupnpd_finish at 0x420b30
2025-06-21 05:14:06,374 [INFO] RDA core analysis for start_miniupnpd_finish finished in 4s
2025-06-21 05:14:06,424 [INFO] Analyzing predecessor function TW_Anti_Spoofing_Init at 0x412230 | XRefs: [<CFGNode TW_Anti_Spoofing_Init+0x528 [112]>]
2025-06-21 05:14:06,470 [INFO] Starting RDA core analysis for function TW_Anti_Spoofing_Init at 0x412230
2025-06-21 05:14:07,875 [INFO] RDA core analysis for sub_440c58 finished in 6s
2025-06-21 05:14:07,942 [INFO] Analyzing predecessor function sub_40c258 at 0x40c258 | XRefs: [<CFGNode 0x40c2a4[28]>]
2025-06-21 05:14:07,974 [INFO] Starting RDA core analysis for function sub_40c258 at 0x40c258
2025-06-21 05:14:10,370 [INFO] RDA core analysis for sub_40c258 finished in 2s
2025-06-21 05:14:10,426 [INFO] Analyzing predecessor function sub_420060 at 0x420060 | XRefs: [<CFGNode 0x4200dc[28]>]
2025-06-21 05:14:10,458 [INFO] Starting RDA core analysis for function sub_420060 at 0x420060
2025-06-21 05:14:11,694 [INFO] RDA core analysis for sub_420060 finished in 1s
2025-06-21 05:14:11,745 [INFO] Analyzing predecessor function sub_459664 at 0x459664 | XRefs: [<CFGNode 0x4598c4[32]>, <CFGNode 0x459a18[40]>]
2025-06-21 05:14:11,778 [INFO] Starting RDA core analysis for function sub_459664 at 0x459664
2025-06-21 05:14:14,967 [INFO] RDA core analysis for sub_459664 finished in 3s
2025-06-21 05:14:15,019 [INFO] Analyzing predecessor function sub_42ec64 at 0x42ec64 | XRefs: [<CFGNode 0x42ecac[28]>, <CFGNode 0x42ecc8[36]>, <CFGNode 0x42ecec[36]>]
2025-06-21 05:14:15,049 [INFO] Starting RDA core analysis for function sub_42ec64 at 0x42ec64
2025-06-21 05:14:16,093 [INFO] RDA core analysis for sub_42ec64 finished in 1s
2025-06-21 05:14:16,144 [INFO] Analyzing predecessor function start_staticroute_ipv4 at 0x43be68 | XRefs: [<CFGNode start_staticroute_ipv4+0x688 [148]>]
2025-06-21 05:14:16,176 [INFO] Starting RDA core analysis for function start_staticroute_ipv4 at 0x43be68
2025-06-21 05:14:23,178 [INFO] RDA core analysis for TW_Anti_Spoofing_Init finished in 16s
2025-06-21 05:14:23,304 [INFO] Analyzing predecessor function tw_get_usb_wan_interface at 0x40e034 | XRefs: [<CFGNode tw_get_usb_wan_interface+0x30 [24]>]
2025-06-21 05:14:23,342 [INFO] Starting RDA core analysis for function tw_get_usb_wan_interface at 0x40e034
2025-06-21 05:14:23,672 [INFO] RDA core analysis for tw_get_usb_wan_interface finished in 0s
2025-06-21 05:14:23,707 [INFO] Analyzing predecessor function MACFILTER_run at 0x42e034 | XRefs: [<CFGNode MACFILTER_run+0x580 [28]>, <CFGNode MACFILTER_run+0xc60 [8]>, <CFGNode MACFILTER_run+0xc80 [32]>]
2025-06-21 05:14:23,739 [INFO] Starting RDA core analysis for function MACFILTER_run at 0x42e034
2025-06-21 05:14:23,782 [INFO] RDA core analysis for start_staticroute_ipv4 finished in 7s
2025-06-21 05:14:23,848 [INFO] Analyzing predecessor function sub_40ac68 at 0x40ac68 | XRefs: [<CFGNode 0x40ac68[104]>, <CFGNode 0x40aff4[92]>, <CFGNode 0x40b1e8[100]>]
2025-06-21 05:14:23,880 [INFO] Starting RDA core analysis for function sub_40ac68 at 0x40ac68
2025-06-21 05:14:24,446 [INFO] RDA core analysis for sub_4330b0 finished in 73s
2025-06-21 05:14:24,644 [INFO] Analyzing predecessor function sub_43b2b0 at 0x43b2b0 | XRefs: [<CFGNode 0x43b960[44]>]
2025-06-21 05:14:24,684 [INFO] Starting RDA core analysis for function sub_43b2b0 at 0x43b2b0
2025-06-21 05:14:28,525 [INFO] RDA core analysis for sub_40ac68 finished in 4s
2025-06-21 05:14:28,590 [INFO] Analyzing predecessor function sub_44ce68 at 0x44ce68 | XRefs: [<CFGNode 0x44da40[32]>, <CFGNode 0x44dac8[40]>, <CFGNode 0x44db30[36]>]
2025-06-21 05:14:28,622 [INFO] Starting RDA core analysis for function sub_44ce68 at 0x44ce68
2025-06-21 05:14:48,369 [INFO] RDA core analysis for sub_44ce68 finished in 19s
2025-06-21 05:14:48,517 [INFO] Analyzing predecessor function sub_44546c at 0x44546c | XRefs: [<CFGNode 0x4455cc[36]>, <CFGNode 0x4455f0[40]>, <CFGNode 0x445618[40]>, <CFGNode 0x445640[40]>, <CFGNode 0x44591c[36]>, <CFGNode 0x445964[36]>, <CFGNode 0x4459ac[36]>, <CFGNode 0x445a40[36]>]
2025-06-21 05:14:48,551 [INFO] Starting RDA core analysis for function sub_44546c at 0x44546c
2025-06-21 05:15:02,425 [ERROR] Error analyzing function sub_43b2b0 (addr=0x43b2b0): list index out of range
Traceback (most recent call last):
  File "/home/SGTaint/tool/SGGraph/base.py", line 271, in rda_analyze
    result = run_function_with_timeout(self.rda_analyze_core, args=(caller_func,), timeout=20000)
  File "/home/SGTaint/tool/BugFinder/utils.py", line 613, in run_function_with_timeout
    raise data
IndexError: list index out of range
2025-06-21 05:15:02,426 [INFO] Analyzing predecessor function sub_447cb0 at 0x447cb0 | XRefs: [<CFGNode 0x447d80[32]>]
2025-06-21 05:15:02,469 [INFO] Starting RDA core analysis for function sub_447cb0 at 0x447cb0
2025-06-21 05:15:03,426 [INFO] RDA core analysis for sub_447cb0 finished in 0s
2025-06-21 05:15:03,477 [INFO] Analyzing predecessor function sub_422134 at 0x422134 | XRefs: [<CFGNode 0x4222e0[28]>]
2025-06-21 05:15:03,517 [INFO] Starting RDA core analysis for function sub_422134 at 0x422134
2025-06-21 05:15:05,196 [INFO] RDA core analysis for sub_422134 finished in 1s
2025-06-21 05:15:05,250 [INFO] Analyzing predecessor function sub_45d334 at 0x45d334 | XRefs: [<CFGNode 0x45d60c[64]>, <CFGNode 0x45d6c8[56]>, <CFGNode 0x45d750[56]>, <CFGNode 0x45d7d8[56]>, <CFGNode 0x45d860[56]>, <CFGNode 0x45d908[44]>, <CFGNode 0x45d9b0[40]>]
2025-06-21 05:15:05,288 [INFO] Starting RDA core analysis for function sub_45d334 at 0x45d334
2025-06-21 05:15:08,866 [ERROR] Error analyzing function sub_45d334 (addr=0x45d334): list index out of range
Traceback (most recent call last):
  File "/home/SGTaint/tool/SGGraph/base.py", line 271, in rda_analyze
    result = run_function_with_timeout(self.rda_analyze_core, args=(caller_func,), timeout=20000)
  File "/home/SGTaint/tool/BugFinder/utils.py", line 613, in run_function_with_timeout
    raise data
IndexError: list index out of range
2025-06-21 05:15:08,867 [INFO] Analyzing predecessor function sub_470bb0 at 0x470bb0 | XRefs: [<CFGNode 0x471380[108]>, <CFGNode 0x4713ec[40]>, <CFGNode 0x471414[40]>, <CFGNode 0x471460[36]>, <CFGNode 0x4714a8[36]>, <CFGNode 0x4714f0[32]>, <CFGNode 0x471534[32]>, <CFGNode 0x471578[32]>, <CFGNode 0x4715bc[32]>, <CFGNode 0x471600[36]>, <CFGNode 0x471748[40]>, <CFGNode 0x471834[32]>, <CFGNode 0x4719a0[32]>, <CFGNode 0x471a00[32]>, <CFGNode 0x4719dc[32]>, <CFGNode 0x471a20[36]>]
2025-06-21 05:15:08,904 [INFO] Starting RDA core analysis for function sub_470bb0 at 0x470bb0
2025-06-21 05:15:08,984 [INFO] RDA core analysis for sub_44546c finished in 20s
2025-06-21 05:15:09,135 [INFO] Analyzing predecessor function start_lan_ipv6 at 0x40f674 | XRefs: [<CFGNode start_lan_ipv6+0x148 [36]>, <CFGNode start_lan_ipv6+0x258 [36]>, <CFGNode start_lan_ipv6+0x27c [40]>, <CFGNode start_lan_ipv6+0x1e4 [36]>, <CFGNode start_lan_ipv6+0x228 [36]>, <CFGNode start_lan_ipv6+0x2f0 [36]>, <CFGNode start_lan_ipv6+0x334 [36]>, <CFGNode start_lan_ipv6+0x41c [32]>]
2025-06-21 05:15:09,170 [INFO] Starting RDA core analysis for function start_lan_ipv6 at 0x40f674
2025-06-21 05:15:14,394 [ERROR] Error analyzing function MACFILTER_run (addr=0x42e034): 'MemoryLocation' object has no attribute 'reg_offset'
Traceback (most recent call last):
  File "/home/SGTaint/tool/SGGraph/base.py", line 271, in rda_analyze
    result = run_function_with_timeout(self.rda_analyze_core, args=(caller_func,), timeout=20000)
  File "/home/SGTaint/tool/BugFinder/utils.py", line 613, in run_function_with_timeout
    raise data
AttributeError: 'MemoryLocation' object has no attribute 'reg_offset'
2025-06-21 05:15:14,395 [INFO] Analyzing predecessor function Get_The_Interface_By_Proto at 0x40ff38 | XRefs: [<CFGNode Get_The_Interface_By_Proto+0x10c [24]>]
2025-06-21 05:15:14,434 [INFO] Starting RDA core analysis for function Get_The_Interface_By_Proto at 0x40ff38
2025-06-21 05:15:14,992 [INFO] RDA core analysis for start_lan_ipv6 finished in 5s
2025-06-21 05:15:15,055 [INFO] Analyzing predecessor function start_staticroute_ipv6 at 0x43cc78 | XRefs: [<CFGNode start_staticroute_ipv6+0x490 [112]>, <CFGNode start_staticroute_ipv6+0x55c [80]>, <CFGNode start_staticroute_ipv6+0x5e4 [136]>, <CFGNode start_staticroute_ipv6+0x6c8 [128]>]
2025-06-21 05:15:15,083 [INFO] Starting RDA core analysis for function start_staticroute_ipv6 at 0x43cc78
2025-06-21 05:15:15,922 [INFO] RDA core analysis for Get_The_Interface_By_Proto finished in 1s
2025-06-21 05:15:15,962 [INFO] Analyzing predecessor function get_bridged_interfaces at 0x4099b8 | XRefs: [<CFGNode get_bridged_interfaces+0x6c [24]>]
2025-06-21 05:15:15,995 [INFO] Starting RDA core analysis for function get_bridged_interfaces at 0x4099b8
2025-06-21 05:15:16,738 [ERROR] Error analyzing function get_bridged_interfaces (addr=0x4099b8): 'MemoryLocation' object has no attribute 'reg_offset'
Traceback (most recent call last):
  File "/home/SGTaint/tool/SGGraph/base.py", line 271, in rda_analyze
    result = run_function_with_timeout(self.rda_analyze_core, args=(caller_func,), timeout=20000)
  File "/home/SGTaint/tool/BugFinder/utils.py", line 613, in run_function_with_timeout
    raise data
AttributeError: 'MemoryLocation' object has no attribute 'reg_offset'
2025-06-21 05:15:16,739 [INFO] Analyzing predecessor function Gobi_SignalLevel_Int at 0x4239fc | XRefs: [<CFGNode Gobi_SignalLevel_Int+0x1b4 [32]>, <CFGNode Gobi_SignalLevel_Int+0x248 [40]>]
2025-06-21 05:15:16,771 [INFO] Starting RDA core analysis for function Gobi_SignalLevel_Int at 0x4239fc
2025-06-21 05:15:23,462 [INFO] RDA core analysis for sub_470bb0 finished in 14s
2025-06-21 05:15:23,554 [INFO] Analyzing predecessor function sub_4746b0 at 0x4746b0 | XRefs: [<CFGNode 0x474e54[108]>, <CFGNode 0x474ec0[40]>, <CFGNode 0x474ee8[40]>, <CFGNode 0x474f34[36]>, <CFGNode 0x474f7c[36]>, <CFGNode 0x475144[32]>, <CFGNode 0x475188[32]>, <CFGNode 0x4751cc[32]>, <CFGNode 0x475210[32]>, <CFGNode 0x475254[36]>, <CFGNode 0x4752e0[36]>, <CFGNode 0x475328[36]>, <CFGNode 0x4753f4[40]>, <CFGNode 0x47541c[40]>, <CFGNode 0x475530[36]>, <CFGNode 0x475594[32]>, <CFGNode 0x475570[32]>, <CFGNode 0x4755b4[36]>]
2025-06-21 05:15:23,594 [INFO] Starting RDA core analysis for function sub_4746b0 at 0x4746b0
2025-06-21 05:15:28,607 [INFO] RDA core analysis for Gobi_SignalLevel_Int finished in 11s
2025-06-21 05:15:28,735 [INFO] Analyzing predecessor function Gobi_SignalQuality_Int at 0x42353c | XRefs: [<CFGNode Gobi_SignalQuality_Int+0x1b4 [32]>, <CFGNode Gobi_SignalQuality_Int+0x248 [40]>]
2025-06-21 05:15:28,770 [INFO] Starting RDA core analysis for function Gobi_SignalQuality_Int at 0x42353c
2025-06-21 05:15:33,809 [INFO] RDA core analysis for start_staticroute_ipv6 finished in 18s
2025-06-21 05:15:33,950 [INFO] Analyzing predecessor function start_wan6 at 0x41547c | XRefs: [<CFGNode start_wan6+0x1c0c [40]>, <CFGNode start_wan6+0x1fe0 [36]>, <CFGNode start_wan6+0x1e48 [40]>, <CFGNode start_wan6+0x1f10 [40]>, <CFGNode start_wan6+0x650 [36]>, <CFGNode start_wan6+0x18a8 [36]>, <CFGNode start_wan6+0x193c [36]>, <CFGNode start_wan6+0xd6c [36]>]
2025-06-21 05:15:33,985 [INFO] Starting RDA core analysis for function start_wan6 at 0x41547c
2025-06-21 05:15:38,815 [INFO] RDA core analysis for sub_4746b0 finished in 15s
2025-06-21 05:15:38,909 [INFO] Analyzing predecessor function sub_438cbc at 0x438cbc | XRefs: [<CFGNode 0x438da0[36]>, <CFGNode 0x438d4c[36]>]
2025-06-21 05:15:38,948 [INFO] Starting RDA core analysis for function sub_438cbc at 0x438cbc
2025-06-21 05:15:40,564 [INFO] RDA core analysis for sub_438cbc finished in 1s
2025-06-21 05:15:40,631 [INFO] Analyzing predecessor function sub_42f83c at 0x42f83c | XRefs: [<CFGNode 0x42fa08[32]>, <CFGNode 0x42fa88[32]>, <CFGNode 0x42fb08[32]>, <CFGNode 0x42fb88[32]>, <CFGNode 0x42fd14[32]>, <CFGNode 0x42fe08[40]>, <CFGNode 0x430098[36]>, <CFGNode 0x4300e0[32]>, <CFGNode 0x42ffcc[36]>, <CFGNode 0x42ff9c[36]>, <CFGNode 0x42feec[36]>, <CFGNode 0x42febc[36]>, <CFGNode 0x42fc64[36]>, <CFGNode 0x42fc34[36]>, <CFGNode 0x42f930[36]>, <CFGNode 0x42f900[36]>, <CFGNode 0x42f954[40]>]
2025-06-21 05:15:40,666 [INFO] Starting RDA core analysis for function sub_42f83c at 0x42f83c
2025-06-21 05:15:40,693 [INFO] RDA core analysis for Gobi_SignalQuality_Int finished in 11s
2025-06-21 05:15:40,816 [INFO] Analyzing predecessor function add_iptables_for_lan at 0x40f9bc | XRefs: [<CFGNode add_iptables_for_lan+0x260 [24]>]
2025-06-21 05:15:40,852 [INFO] Starting RDA core analysis for function add_iptables_for_lan at 0x40f9bc
2025-06-21 05:15:44,589 [INFO] RDA core analysis for add_iptables_for_lan finished in 3s
2025-06-21 05:15:44,635 [INFO] Analyzing predecessor function alg_rtspcommit_handler at 0x418f40 | XRefs: [<CFGNode alg_rtspcommit_handler+0xa0 [20]>, <CFGNode alg_rtspcommit_handler+0x100 [20]>, <CFGNode alg_rtspcommit_handler+0x114 [28]>, <CFGNode alg_rtspcommit_handler+0xb4 [28]>]
2025-06-21 05:15:44,662 [INFO] Starting RDA core analysis for function alg_rtspcommit_handler at 0x418f40
2025-06-21 05:15:45,795 [INFO] RDA core analysis for alg_rtspcommit_handler finished in 1s
2025-06-21 05:15:45,836 [INFO] Analyzing predecessor function sub_4220c0 at 0x4220c0 | XRefs: [<CFGNode 0x422290[32]>, <CFGNode 0x422324[32]>]
2025-06-21 05:15:45,861 [INFO] Starting RDA core analysis for function sub_4220c0 at 0x4220c0
2025-06-21 05:15:49,281 [INFO] RDA core analysis for sub_4220c0 finished in 3s
2025-06-21 05:15:49,327 [INFO] Analyzing predecessor function creat_miniupnpd_iptables at 0x4203c0 | XRefs: [<CFGNode creat_miniupnpd_iptables+0x35c [164]>, <CFGNode creat_miniupnpd_iptables+0x400 [124]>]
2025-06-21 05:15:49,352 [INFO] Starting RDA core analysis for function creat_miniupnpd_iptables at 0x4203c0
2025-06-21 05:15:52,641 [INFO] RDA core analysis for sub_42f83c finished in 11s
2025-06-21 05:15:52,732 [INFO] Analyzing predecessor function sub_478abc at 0x478abc | XRefs: [<CFGNode 0x47927c[40]>, <CFGNode 0x478bf0[40]>]
2025-06-21 05:15:52,770 [INFO] Starting RDA core analysis for function sub_478abc at 0x478abc
2025-06-21 05:16:01,330 [INFO] RDA core analysis for creat_miniupnpd_iptables finished in 11s
2025-06-21 05:16:01,409 [INFO] RDA core analysis for sub_478abc finished in 8s
2025-06-21 05:16:01,454 [INFO] Analyzing predecessor function upload_url_filter_rules at 0x41b240 | XRefs: [<CFGNode upload_url_filter_rules+0x174 [28]>, <CFGNode upload_url_filter_rules+0x190 [28]>]
2025-06-21 05:16:01,478 [INFO] Analyzing predecessor function sub_47f53c at 0x47f53c | XRefs: [<CFGNode 0x47f798[44]>]
2025-06-21 05:16:01,483 [INFO] Starting RDA core analysis for function upload_url_filter_rules at 0x41b240
2025-06-21 05:16:01,510 [INFO] Starting RDA core analysis for function sub_47f53c at 0x47f53c
2025-06-21 05:16:14,897 [ERROR] Error analyzing function sub_47f53c (addr=0x47f53c): 'ConditionalJump' object has no attribute 'args'
Traceback (most recent call last):
  File "/home/SGTaint/tool/SGGraph/base.py", line 271, in rda_analyze
    result = run_function_with_timeout(self.rda_analyze_core, args=(caller_func,), timeout=20000)
  File "/home/SGTaint/tool/BugFinder/utils.py", line 613, in run_function_with_timeout
    raise data
AttributeError: 'ConditionalJump' object has no attribute 'args'
2025-06-21 05:16:14,898 [INFO] Analyzing predecessor function sub_44b040 at 0x44b040 | XRefs: [<CFGNode 0x44c0e8[36]>, <CFGNode 0x44c19c[36]>, <CFGNode 0x44c174[36]>, <CFGNode 0x44c144[36]>]
2025-06-21 05:16:14,935 [INFO] Starting RDA core analysis for function sub_44b040 at 0x44b040
2025-06-21 05:16:20,648 [INFO] RDA core analysis for upload_url_filter_rules finished in 19s
2025-06-21 05:16:20,781 [INFO] Analyzing predecessor function tw_check_Iscurrtime_Indsrange at 0x415144 | XRefs: [<CFGNode tw_check_Iscurrtime_Indsrange [60]>, <CFGNode tw_check_Iscurrtime_Indsrange+0xf8 [28]>, <CFGNode tw_check_Iscurrtime_Indsrange+0x114 [28]>]
2025-06-21 05:16:20,818 [INFO] Starting RDA core analysis for function tw_check_Iscurrtime_Indsrange at 0x415144
2025-06-21 05:16:23,076 [INFO] RDA core analysis for tw_check_Iscurrtime_Indsrange finished in 2s
2025-06-21 05:16:23,120 [INFO] Analyzing predecessor function TW_get_wan_netmask at 0x40f444 | XRefs: [<CFGNode TW_get_wan_netmask+0xac [24]>]
2025-06-21 05:16:23,152 [INFO] Starting RDA core analysis for function TW_get_wan_netmask at 0x40f444
2025-06-21 05:16:23,792 [INFO] RDA core analysis for TW_get_wan_netmask finished in 0s
2025-06-21 05:16:23,829 [INFO] Analyzing predecessor function ipv6_wan_getconntype at 0x406ecc | XRefs: [<CFGNode ipv6_wan_getconntype+0x70 [16]>]
2025-06-21 05:16:23,862 [INFO] Starting RDA core analysis for function ipv6_wan_getconntype at 0x406ecc
2025-06-21 05:16:26,026 [INFO] RDA core analysis for ipv6_wan_getconntype finished in 2s
2025-06-21 05:16:26,068 [INFO] Analyzing predecessor function Gobi_ConnectISP at 0x422850 | XRefs: [<CFGNode Gobi_ConnectISP+0x1c0 [32]>, <CFGNode Gobi_ConnectISP+0x254 [40]>]
2025-06-21 05:16:26,100 [INFO] Starting RDA core analysis for function Gobi_ConnectISP at 0x422850
2025-06-21 05:16:28,313 [INFO] RDA core analysis for start_wan6 finished in 54s
2025-06-21 05:16:28,500 [INFO] Analyzing predecessor function start_lan_up at 0x40d084 | XRefs: [<CFGNode start_lan_up+0x138 [28]>, <CFGNode start_lan_up+0x1ac [28]>, <CFGNode start_lan_up+0x220 [28]>]
2025-06-21 05:16:28,538 [INFO] Starting RDA core analysis for function start_lan_up at 0x40d084
2025-06-21 05:16:40,245 [ERROR] Error analyzing function sub_44b040 (addr=0x44b040): list index out of range
Traceback (most recent call last):
  File "/home/SGTaint/tool/SGGraph/base.py", line 271, in rda_analyze
    result = run_function_with_timeout(self.rda_analyze_core, args=(caller_func,), timeout=20000)
  File "/home/SGTaint/tool/BugFinder/utils.py", line 613, in run_function_with_timeout
    raise data
IndexError: list index out of range
2025-06-21 05:16:40,246 [INFO] Analyzing predecessor function sub_4669c0 at 0x4669c0 | XRefs: [<CFGNode 0x466e30[36]>, <CFGNode 0x466e54[40]>, <CFGNode 0x466e7c[40]>, <CFGNode 0x466ec8[36]>, <CFGNode 0x466f10[36]>, <CFGNode 0x467058[40]>, <CFGNode 0x467080[40]>]
2025-06-21 05:16:40,291 [INFO] Starting RDA core analysis for function sub_4669c0 at 0x4669c0
2025-06-21 05:16:44,778 [INFO] RDA core analysis for sub_4669c0 finished in 4s
2025-06-21 05:16:44,846 [INFO] Analyzing predecessor function sub_42e244 at 0x42e244 | XRefs: [<CFGNode 0x42e3bc[36]>, <CFGNode 0x42e38c[36]>, <CFGNode 0x42e444[36]>, <CFGNode 0x42e414[36]>, <CFGNode 0x42e544[36]>, <CFGNode 0x42e514[36]>, <CFGNode 0x42e5c0[32]>, <CFGNode 0x42e4c0[32]>]
2025-06-21 05:16:44,885 [INFO] Starting RDA core analysis for function sub_42e244 at 0x42e244
2025-06-21 05:16:45,194 [INFO] RDA core analysis for Gobi_ConnectISP finished in 19s
2025-06-21 05:16:45,325 [INFO] Analyzing predecessor function upload_ping_block_rules at 0x416c50 | XRefs: [<CFGNode upload_ping_block_rules+0x12c [28]>]
2025-06-21 05:16:45,362 [INFO] Starting RDA core analysis for function upload_ping_block_rules at 0x416c50
2025-06-21 05:16:47,668 [INFO] RDA core analysis for sub_42e244 finished in 2s
2025-06-21 05:16:47,728 [INFO] Analyzing predecessor function sub_444cc4 at 0x444cc4 | XRefs: [<CFGNode 0x444e78[32]>, <CFGNode 0x444ef4[32]>, <CFGNode 0x444f70[32]>, <CFGNode 0x4450b4[32]>, <CFGNode 0x445030[40]>, <CFGNode 0x444df8[36]>, <CFGNode 0x444dc8[36]>]
2025-06-21 05:16:47,766 [INFO] Starting RDA core analysis for function sub_444cc4 at 0x444cc4
2025-06-21 05:16:49,408 [INFO] RDA core analysis for start_lan_up finished in 20s
2025-06-21 05:16:49,564 [INFO] Analyzing predecessor function sub_411a90 at 0x411a90 | XRefs: [<CFGNode 0x411aec[36]>, <CFGNode 0x411b34[40]>, <CFGNode 0x411b80[40]>, <CFGNode 0x411bcc[40]>, <CFGNode 0x411c18[40]>, <CFGNode 0x411c64[40]>, <CFGNode 0x411cb0[40]>, <CFGNode 0x411cfc[40]>, <CFGNode 0x411d48[40]>, <CFGNode 0x411d94[40]>, <CFGNode 0x411de0[40]>, <CFGNode 0x411e2c[40]>, <CFGNode 0x411e78[40]>, <CFGNode 0x411ec4[40]>, <CFGNode 0x411f10[40]>, <CFGNode 0x411f5c[40]>]
2025-06-21 05:16:49,601 [INFO] Starting RDA core analysis for function sub_411a90 at 0x411a90
2025-06-21 05:16:50,745 [INFO] RDA core analysis for upload_ping_block_rules finished in 5s
2025-06-21 05:16:50,801 [INFO] Analyzing predecessor function getRCModeType at 0x40dad0 | XRefs: [<CFGNode getRCModeType+0x34 [28]>]
2025-06-21 05:16:50,834 [INFO] Starting RDA core analysis for function getRCModeType at 0x40dad0
2025-06-21 05:16:51,980 [INFO] RDA core analysis for sub_411a90 finished in 2s
2025-06-21 05:16:52,032 [INFO] Analyzing predecessor function stop_wan at 0x41c694 | XRefs: [<CFGNode stop_wan+0xb0 [40]>, <CFGNode stop_wan+0x864 [36]>]
2025-06-21 05:16:52,066 [INFO] Starting RDA core analysis for function stop_wan at 0x41c694
2025-06-21 05:16:53,073 [INFO] RDA core analysis for getRCModeType finished in 2s
2025-06-21 05:16:53,124 [INFO] Analyzing predecessor function start_syslogd at 0x41bd7c | XRefs: [<CFGNode start_syslogd+0x1d8 [44]>]
2025-06-21 05:16:53,154 [INFO] Starting RDA core analysis for function start_syslogd at 0x41bd7c
2025-06-21 05:16:54,777 [INFO] RDA core analysis for start_syslogd finished in 1s
2025-06-21 05:16:54,819 [INFO] Analyzing predecessor function USBWAN_generate_3G_ppp_conf at 0x4254d8 | XRefs: [<CFGNode USBWAN_generate_3G_ppp_conf+0x1008 [24]>]
2025-06-21 05:16:54,851 [INFO] Starting RDA core analysis for function USBWAN_generate_3G_ppp_conf at 0x4254d8
2025-06-21 05:16:57,462 [INFO] RDA core analysis for sub_444cc4 finished in 9s
2025-06-21 05:16:57,544 [INFO] Analyzing predecessor function sub_479d44 at 0x479d44 | XRefs: [<CFGNode 0x479e2c[36]>, <CFGNode 0x479dfc[36]>]
2025-06-21 05:16:57,583 [INFO] Starting RDA core analysis for function sub_479d44 at 0x479d44
2025-06-21 05:16:58,429 [INFO] RDA core analysis for sub_479d44 finished in 0s
2025-06-21 05:16:58,477 [INFO] Analyzing predecessor function sub_430d48 at 0x430d48 | XRefs: [<CFGNode 0x430d48[76]>]
2025-06-21 05:16:58,516 [INFO] Starting RDA core analysis for function sub_430d48 at 0x430d48
2025-06-21 05:16:58,996 [INFO] RDA core analysis for sub_430d48 finished in 0s
2025-06-21 05:16:59,040 [INFO] Analyzing predecessor function sub_432e48 at 0x432e48 | XRefs: [<CFGNode 0x432f0c[36]>, <CFGNode 0x432f98[36]>, <CFGNode 0x433018[36]>]
2025-06-21 05:16:59,079 [INFO] Starting RDA core analysis for function sub_432e48 at 0x432e48
2025-06-21 05:17:06,104 [INFO] RDA core analysis for sub_432e48 finished in 7s
2025-06-21 05:17:06,182 [INFO] Analyzing predecessor function sub_439ec8 at 0x439ec8 | XRefs: [<CFGNode 0x43a768[36]>, <CFGNode 0x43a80c[36]>]
2025-06-21 05:17:06,221 [INFO] Starting RDA core analysis for function sub_439ec8 at 0x439ec8
2025-06-21 05:17:20,713 [INFO] RDA core analysis for stop_wan finished in 28s
2025-06-21 05:17:20,867 [INFO] Analyzing predecessor function start_get_online_fw_version at 0x442294 | XRefs: [<CFGNode start_get_online_fw_version+0x1d4 [64]>]
2025-06-21 05:17:20,907 [INFO] Starting RDA core analysis for function start_get_online_fw_version at 0x442294
2025-06-21 05:17:22,269 [INFO] RDA core analysis for start_get_online_fw_version finished in 1s
2025-06-21 05:17:22,314 [INFO] Analyzing predecessor function sub_439498 at 0x439498 | XRefs: [<CFGNode 0x439804[40]>, <CFGNode 0x439a00[40]>, <CFGNode 0x439a7c[40]>, <CFGNode 0x439be8[40]>, <CFGNode 0x439ea4[40]>]
2025-06-21 05:17:22,349 [INFO] Starting RDA core analysis for function sub_439498 at 0x439498
2025-06-21 05:17:28,306 [INFO] RDA core analysis for sub_439498 finished in 5s
2025-06-21 05:17:28,372 [INFO] Analyzing predecessor function sub_440498 at 0x440498 | XRefs: [<CFGNode 0x440518[40]>]
2025-06-21 05:17:28,407 [INFO] Starting RDA core analysis for function sub_440498 at 0x440498
2025-06-21 05:17:28,910 [INFO] RDA core analysis for sub_440498 finished in 0s
2025-06-21 05:17:28,951 [INFO] Analyzing predecessor function stop_ipv6_tunnel at 0x4378a0 | XRefs: [<CFGNode stop_ipv6_tunnel+0x334 [36]>, <CFGNode stop_ipv6_tunnel+0x37c [36]>, <CFGNode stop_ipv6_tunnel+0x3c4 [36]>, <CFGNode stop_ipv6_tunnel+0x40c [36]>, <CFGNode stop_ipv6_tunnel+0x260 [40]>, <CFGNode stop_ipv6_tunnel+0x288 [40]>]
2025-06-21 05:17:28,986 [INFO] Starting RDA core analysis for function stop_ipv6_tunnel at 0x4378a0
2025-06-21 05:17:31,238 [INFO] RDA core analysis for stop_ipv6_tunnel finished in 2s
2025-06-21 05:17:31,289 [INFO] Analyzing predecessor function stop_dslite_tunnel at 0x435cbc | XRefs: [<CFGNode stop_dslite_tunnel+0x4b0 [40]>]
2025-06-21 05:17:31,323 [INFO] Starting RDA core analysis for function stop_dslite_tunnel at 0x435cbc
2025-06-21 05:17:33,871 [INFO] RDA core analysis for stop_dslite_tunnel finished in 2s
2025-06-21 05:17:33,931 [INFO] Analyzing predecessor function wan_wan0_vlan_create_interface at 0x4210c4 | XRefs: [<CFGNode wan_wan0_vlan_create_interface+0x434 [96]>, <CFGNode wan_wan0_vlan_create_interface+0x884 [96]>, <CFGNode wan_wan0_vlan_create_interface+0xd4c [96]>, <CFGNode wan_wan0_vlan_create_interface+0xe00 [104]>, <CFGNode wan_wan0_vlan_create_interface+0xe68 [108]>, <CFGNode wan_wan0_vlan_create_interface+0xed4 [108]>, <CFGNode wan_wan0_vlan_create_interface+0xf40 [108]>, <CFGNode wan_wan0_vlan_create_interface+0xfac [108]>, <CFGNode wan_wan0_vlan_create_interface+0x1018 [108]>, <CFGNode wan_wan0_vlan_create_interface+0x1084 [108]>, <CFGNode wan_wan0_vlan_create_interface+0x10f0 [108]>, <CFGNode wan_wan0_vlan_create_interface+0x938 [104]>, <CFGNode wan_wan0_vlan_create_interface+0x9a0 [108]>, <CFGNode wan_wan0_vlan_create_interface+0xa0c [108]>, <CFGNode wan_wan0_vlan_create_interface+0xa78 [108]>, <CFGNode wan_wan0_vlan_create_interface+0xae4 [108]>, <CFGNode wan_wan0_vlan_create_interface+0xb50 [108]>, <CFGNode wan_wan0_vlan_create_interface+0xbbc [108]>, <CFGNode wan_wan0_vlan_create_interface+0xc28 [108]>, <CFGNode wan_wan0_vlan_create_interface+0x4e8 [104]>, <CFGNode wan_wan0_vlan_create_interface+0x550 [108]>, <CFGNode wan_wan0_vlan_create_interface+0x5bc [108]>, <CFGNode wan_wan0_vlan_create_interface+0x628 [108]>, <CFGNode wan_wan0_vlan_create_interface+0x694 [108]>, <CFGNode wan_wan0_vlan_create_interface+0x700 [108]>, <CFGNode wan_wan0_vlan_create_interface+0x76c [108]>, <CFGNode wan_wan0_vlan_create_interface+0x7d8 [108]>, <CFGNode wan_wan0_vlan_create_interface+0xcf8 [64]>, <CFGNode wan_wan0_vlan_create_interface+0x11c0 [64]>]
2025-06-21 05:17:33,965 [INFO] Starting RDA core analysis for function wan_wan0_vlan_create_interface at 0x4210c4
2025-06-21 05:18:19,418 [INFO] RDA core analysis for USBWAN_generate_3G_ppp_conf finished in 84s
2025-06-21 05:18:19,580 [INFO] Analyzing predecessor function Gobi_ConnectStatus_Int at 0x423058 | XRefs: [<CFGNode Gobi_ConnectStatus_Int+0x1b4 [32]>, <CFGNode Gobi_ConnectStatus_Int+0x248 [40]>]
2025-06-21 05:18:19,617 [INFO] Starting RDA core analysis for function Gobi_ConnectStatus_Int at 0x423058
2025-06-21 05:18:19,999 [INFO] RDA core analysis for wan_wan0_vlan_create_interface finished in 46s
2025-06-21 05:18:20,134 [INFO] Analyzing predecessor function start_DDNS_ipv4 at 0x43d6c4 | XRefs: [<CFGNode start_DDNS_ipv4+0x258 [56]>, <CFGNode start_DDNS_ipv4+0x554 [80]>, <CFGNode start_DDNS_ipv4+0x608 [80]>, <CFGNode start_DDNS_ipv4+0x6bc [80]>, <CFGNode start_DDNS_ipv4+0x7a0 [92]>, <CFGNode start_DDNS_ipv4+0x744 [80]>]
2025-06-21 05:18:20,172 [INFO] Starting RDA core analysis for function start_DDNS_ipv4 at 0x43d6c4
2025-06-21 05:18:27,860 [ERROR] Error analyzing function sub_439ec8 (addr=0x439ec8): list index out of range
Traceback (most recent call last):
  File "/home/SGTaint/tool/SGGraph/base.py", line 271, in rda_analyze
    result = run_function_with_timeout(self.rda_analyze_core, args=(caller_func,), timeout=20000)
  File "/home/SGTaint/tool/BugFinder/utils.py", line 613, in run_function_with_timeout
    raise data
IndexError: list index out of range
2025-06-21 05:18:27,861 [INFO] Analyzing predecessor function sub_486148 at 0x486148 | XRefs: [<CFGNode 0x486284[36]>, <CFGNode 0x486254[36]>, <CFGNode 0x4862ac[32]>]
2025-06-21 05:18:27,901 [INFO] Starting RDA core analysis for function sub_486148 at 0x486148
2025-06-21 05:18:29,083 [INFO] RDA core analysis for sub_486148 finished in 1s
2025-06-21 05:18:29,134 [INFO] Analyzing predecessor function sub_41f34c at 0x41f34c | XRefs: [<CFGNode 0x41f50c[36]>]
2025-06-21 05:18:29,172 [INFO] Starting RDA core analysis for function sub_41f34c at 0x41f34c
2025-06-21 05:18:31,333 [INFO] RDA core analysis for Gobi_ConnectStatus_Int finished in 11s
2025-06-21 05:18:31,457 [INFO] Analyzing predecessor function delete_trigger_rules at 0x41d2d8 | XRefs: [<CFGNode delete_trigger_rules+0x270 [24]>, <CFGNode delete_trigger_rules+0x354 [24]>]
2025-06-21 05:18:31,493 [INFO] Starting RDA core analysis for function delete_trigger_rules at 0x41d2d8
2025-06-21 05:18:33,463 [INFO] RDA core analysis for start_DDNS_ipv4 finished in 13s
2025-06-21 05:18:33,528 [INFO] Analyzing predecessor function sub_4038c4 at 0x4038c4 | XRefs: [<CFGNode 0x403aac[36]>, <CFGNode 0x404034[36]>, <CFGNode 0x403f74[52]>, <CFGNode 0x404088[40]>]
2025-06-21 05:18:33,563 [INFO] Starting RDA core analysis for function sub_4038c4 at 0x4038c4
2025-06-21 05:18:35,483 [INFO] RDA core analysis for sub_41f34c finished in 6s
2025-06-21 05:18:35,564 [INFO] Analyzing predecessor function sub_434c4c at 0x434c4c | XRefs: [<CFGNode 0x434dcc[36]>, <CFGNode 0x434d9c[36]>]
2025-06-21 05:18:35,602 [INFO] Starting RDA core analysis for function sub_434c4c at 0x434c4c
2025-06-21 05:18:37,180 [INFO] RDA core analysis for sub_434c4c finished in 1s
2025-06-21 05:18:37,236 [INFO] Analyzing predecessor function sub_42e650 at 0x42e650 | XRefs: [<CFGNode 0x42e7bc[32]>, <CFGNode 0x42e968[36]>, <CFGNode 0x42e938[36]>, <CFGNode 0x42e890[40]>]
2025-06-21 05:18:37,274 [INFO] Starting RDA core analysis for function sub_42e650 at 0x42e650
2025-06-21 05:18:43,367 [INFO] RDA core analysis for sub_42e650 finished in 6s
2025-06-21 05:18:43,439 [INFO] Analyzing predecessor function sub_437650 at 0x437650 | XRefs: [<CFGNode 0x438344[32]>]
2025-06-21 05:18:43,477 [INFO] Starting RDA core analysis for function sub_437650 at 0x437650
2025-06-21 05:18:44,390 [INFO] RDA core analysis for delete_trigger_rules finished in 12s
2025-06-21 05:18:44,519 [INFO] Analyzing predecessor function tw_get_wan_interface at 0x40dedc | XRefs: [<CFGNode tw_get_wan_interface+0xe8 [16]>]
2025-06-21 05:18:44,555 [INFO] Starting RDA core analysis for function tw_get_wan_interface at 0x40dedc
2025-06-21 05:18:45,756 [INFO] RDA core analysis for tw_get_wan_interface finished in 1s
2025-06-21 05:18:45,794 [INFO] Analyzing predecessor function USBWAN_remove_card at 0x424bdc | XRefs: [<CFGNode USBWAN_remove_card [84]>, <CFGNode USBWAN_remove_card+0x54 [24]>]
2025-06-21 05:18:45,827 [INFO] Starting RDA core analysis for function USBWAN_remove_card at 0x424bdc
2025-06-21 05:18:48,553 [INFO] RDA core analysis for USBWAN_remove_card finished in 2s
2025-06-21 05:18:48,605 [INFO] Analyzing predecessor function setRCWANModeType at 0x40dcdc | XRefs: [<CFGNode setRCWANModeType+0x12c [24]>]
2025-06-21 05:18:48,636 [INFO] Starting RDA core analysis for function setRCWANModeType at 0x40dcdc
2025-06-21 05:18:49,972 [INFO] RDA core analysis for sub_4038c4 finished in 16s
2025-06-21 05:18:50,114 [INFO] Analyzing predecessor function sub_434cc8 at 0x434cc8 | XRefs: [<CFGNode 0x4359a0[112]>]
2025-06-21 05:18:50,154 [INFO] Starting RDA core analysis for function sub_434cc8 at 0x434cc8
2025-06-21 05:18:50,997 [INFO] RDA core analysis for setRCWANModeType finished in 2s
2025-06-21 05:18:51,039 [INFO] Analyzing predecessor function ipv6_wan_getdetectconntype at 0x406fd8 | XRefs: [<CFGNode ipv6_wan_getdetectconntype+0x70 [16]>]
2025-06-21 05:18:51,071 [INFO] Starting RDA core analysis for function ipv6_wan_getdetectconntype at 0x406fd8
2025-06-21 05:18:53,788 [INFO] RDA core analysis for ipv6_wan_getdetectconntype finished in 2s
2025-06-21 05:18:53,841 [INFO] Analyzing predecessor function VIRTUALSERVER_run at 0x429c60 | XRefs: [<CFGNode VIRTUALSERVER_run+0x880 [36]>, <CFGNode VIRTUALSERVER_run+0x8bc [44]>, <CFGNode VIRTUALSERVER_run+0x900 [44]>, <CFGNode VIRTUALSERVER_run+0x944 [44]>, <CFGNode VIRTUALSERVER_run+0x988 [48]>, <CFGNode VIRTUALSERVER_run+0xfdc [32]>, <CFGNode VIRTUALSERVER_run+0x1de0 [24]>, <CFGNode VIRTUALSERVER_run+0xa5c [24]>, <CFGNode VIRTUALSERVER_run+0xa8c [40]>, <CFGNode VIRTUALSERVER_run+0xacc [40]>, <CFGNode VIRTUALSERVER_run+0x1e10 [40]>, <CFGNode VIRTUALSERVER_run+0x1e50 [40]>, <CFGNode VIRTUALSERVER_run+0x1e90 [40]>, <CFGNode VIRTUALSERVER_run+0x1ed0 [40]>, <CFGNode VIRTUALSERVER_run+0x1014 [44]>, <CFGNode VIRTUALSERVER_run+0x1058 [44]>, <CFGNode VIRTUALSERVER_run+0x1cd8 [28]>, <CFGNode VIRTUALSERVER_run+0x1658 [28]>, <CFGNode VIRTUALSERVER_run+0x168c [40]>, <CFGNode VIRTUALSERVER_run+0x16cc [40]>, <CFGNode VIRTUALSERVER_run+0x170c [32]>, <CFGNode VIRTUALSERVER_run+0x177c [32]>, <CFGNode VIRTUALSERVER_run+0x17b4 [32]>, <CFGNode VIRTUALSERVER_run+0x17ec [32]>, <CFGNode VIRTUALSERVER_run+0x1824 [32]>, <CFGNode VIRTUALSERVER_run+0x185c [32]>, <CFGNode VIRTUALSERVER_run+0x1bdc [28]>, <CFGNode VIRTUALSERVER_run+0x1f04 [24]>, <CFGNode VIRTUALSERVER_run+0x21d0 [20]>, <CFGNode VIRTUALSERVER_run+0x21fc [32]>, <CFGNode VIRTUALSERVER_run+0x1f34 [32]>, <CFGNode VIRTUALSERVER_run+0x1c10 [32]>, <CFGNode VIRTUALSERVER_run+0x1d0c [40]>, <CFGNode VIRTUALSERVER_run+0x1d4c [40]>, <CFGNode VIRTUALSERVER_run+0x1d8c [32]>, <CFGNode VIRTUALSERVER_run+0x175c [8]>, <CFGNode VIRTUALSERVER_run+0x1454 [28]>, <CFGNode VIRTUALSERVER_run+0x2070 [24]>, <CFGNode VIRTUALSERVER_run+0x1398 [20]>, <CFGNode VIRTUALSERVER_run+0x13c4 [32]>, <CFGNode VIRTUALSERVER_run+0x20a0 [32]>, <CFGNode VIRTUALSERVER_run+0x1488 [32]>, <CFGNode VIRTUALSERVER_run+0x20d8 [28]>, <CFGNode VIRTUALSERVER_run+0x210c [32]>, <CFGNode VIRTUALSERVER_run+0x1f6c [40]>, <CFGNode VIRTUALSERVER_run+0x1fac [32]>]
2025-06-21 05:18:53,872 [INFO] Starting RDA core analysis for function VIRTUALSERVER_run at 0x429c60
2025-06-21 05:19:06,887 [INFO] RDA core analysis for sub_434cc8 finished in 16s
2025-06-21 05:19:07,028 [INFO] Analyzing predecessor function sub_42d2cc at 0x42d2cc | XRefs: [<CFGNode 0x42d3f4[28]>]
2025-06-21 05:19:07,065 [INFO] Starting RDA core analysis for function sub_42d2cc at 0x42d2cc
2025-06-21 05:19:09,167 [INFO] RDA core analysis for sub_42d2cc finished in 2s
2025-06-21 05:19:09,219 [INFO] Analyzing predecessor function start_ipv6_tunnel at 0x4368dc | XRefs: [<CFGNode start_ipv6_tunnel+0x540 [40]>, <CFGNode start_ipv6_tunnel+0xcf4 [32]>]
2025-06-21 05:19:09,252 [INFO] Starting RDA core analysis for function start_ipv6_tunnel at 0x4368dc
2025-06-21 05:19:10,379 [ERROR] Error analyzing function sub_437650 (addr=0x437650): list index out of range
Traceback (most recent call last):
  File "/home/SGTaint/tool/SGGraph/base.py", line 271, in rda_analyze
    result = run_function_with_timeout(self.rda_analyze_core, args=(caller_func,), timeout=20000)
  File "/home/SGTaint/tool/BugFinder/utils.py", line 613, in run_function_with_timeout
    raise data
IndexError: list index out of range
2025-06-21 05:19:10,380 [INFO] Analyzing predecessor function sub_452f50 at 0x452f50 | XRefs: [<CFGNode 0x453154[164]>, <CFGNode 0x4531f8[40]>, <CFGNode 0x4532a4[104]>, <CFGNode 0x45340c[100]>, <CFGNode 0x45365c[40]>, <CFGNode 0x453720[40]>]
2025-06-21 05:19:10,423 [INFO] Starting RDA core analysis for function sub_452f50 at 0x452f50
2025-06-21 05:19:14,336 [WARNING] Decompiler failed for function start_ipv6_tunnel: Not implemented yet.
2025-06-21 05:19:15,154 [ERROR] Error analyzing function start_ipv6_tunnel (addr=0x4368dc): list index out of range
Traceback (most recent call last):
  File "/home/SGTaint/tool/SGGraph/base.py", line 271, in rda_analyze
    result = run_function_with_timeout(self.rda_analyze_core, args=(caller_func,), timeout=20000)
  File "/home/SGTaint/tool/BugFinder/utils.py", line 613, in run_function_with_timeout
    raise data
IndexError: list index out of range
2025-06-21 05:19:15,155 [INFO] Analyzing predecessor function set_wan_speed at 0x441ee0 | XRefs: [<CFGNode set_wan_speed+0x318 [60]>]
2025-06-21 05:19:15,190 [INFO] Starting RDA core analysis for function set_wan_speed at 0x441ee0
2025-06-21 05:19:16,723 [ERROR] Error analyzing function sub_452f50 (addr=0x452f50): list index out of range
Traceback (most recent call last):
  File "/home/SGTaint/tool/SGGraph/base.py", line 271, in rda_analyze
    result = run_function_with_timeout(self.rda_analyze_core, args=(caller_func,), timeout=20000)
  File "/home/SGTaint/tool/BugFinder/utils.py", line 613, in run_function_with_timeout
    raise data
IndexError: list index out of range
2025-06-21 05:19:16,724 [INFO] Analyzing predecessor function sub_4471d4 at 0x4471d4 | XRefs: [<CFGNode 0x447448[32]>, <CFGNode 0x4474b0[32]>, <CFGNode 0x447518[32]>, <CFGNode 0x447580[32]>, <CFGNode 0x4475e8[32]>, <CFGNode 0x447650[32]>]
2025-06-21 05:19:16,763 [INFO] Starting RDA core analysis for function sub_4471d4 at 0x4471d4
2025-06-21 05:19:17,342 [INFO] RDA core analysis for set_wan_speed finished in 2s
2025-06-21 05:19:17,390 [INFO] Analyzing predecessor function sub_40b6e0 at 0x40b6e0 | XRefs: [<CFGNode 0x40b71c[28]>, <CFGNode 0x40b758[28]>]
2025-06-21 05:19:17,425 [INFO] Starting RDA core analysis for function sub_40b6e0 at 0x40b6e0
2025-06-21 05:19:19,683 [INFO] RDA core analysis for sub_4471d4 finished in 2s
2025-06-21 05:19:19,745 [INFO] Analyzing predecessor function sub_475654 at 0x475654 | XRefs: [<CFGNode 0x475924[36]>, <CFGNode 0x475828[36]>]
2025-06-21 05:19:19,783 [INFO] Starting RDA core analysis for function sub_475654 at 0x475654
2025-06-21 05:19:22,706 [ERROR] Error analyzing function sub_475654 (addr=0x475654): list index out of range
Traceback (most recent call last):
  File "/home/SGTaint/tool/SGGraph/base.py", line 271, in rda_analyze
    result = run_function_with_timeout(self.rda_analyze_core, args=(caller_func,), timeout=20000)
  File "/home/SGTaint/tool/BugFinder/utils.py", line 613, in run_function_with_timeout
    raise data
IndexError: list index out of range
2025-06-21 05:19:22,707 [INFO] Analyzing predecessor function GetDeviceSettings at 0x42d758 | XRefs: [<CFGNode GetDeviceSettings+0x2e0 [56]>, <CFGNode GetDeviceSettings+0x368 [56]>, <CFGNode GetDeviceSettings+0x3ec [44]>]
2025-06-21 05:19:22,744 [INFO] Starting RDA core analysis for function GetDeviceSettings at 0x42d758
2025-06-21 05:19:26,776 [ERROR] Error analyzing function GetDeviceSettings (addr=0x42d758): list index out of range
Traceback (most recent call last):
  File "/home/SGTaint/tool/SGGraph/base.py", line 271, in rda_analyze
    result = run_function_with_timeout(self.rda_analyze_core, args=(caller_func,), timeout=20000)
  File "/home/SGTaint/tool/BugFinder/utils.py", line 613, in run_function_with_timeout
    raise data
IndexError: list index out of range
2025-06-21 05:19:26,777 [INFO] Analyzing predecessor function sub_467fd8 at 0x467fd8 | XRefs: [<CFGNode 0x468644[36]>, <CFGNode 0x4686a4[36]>, <CFGNode 0x4686c8[40]>, <CFGNode 0x4686f0[40]>, <CFGNode 0x46873c[36]>, <CFGNode 0x468784[36]>, <CFGNode 0x468cc8[40]>, <CFGNode 0x46888c[36]>, <CFGNode 0x4688d4[36]>, <CFGNode 0x46891c[36]>, <CFGNode 0x4689a4[40]>, <CFGNode 0x468a90[32]>, <CFGNode 0x468bfc[32]>, <CFGNode 0x468c5c[32]>, <CFGNode 0x468c38[32]>, <CFGNode 0x468c7c[36]>]
2025-06-21 05:19:26,816 [INFO] Starting RDA core analysis for function sub_467fd8 at 0x467fd8
2025-06-21 05:19:31,437 [INFO] RDA core analysis for sub_40b6e0 finished in 14s
2025-06-21 05:19:31,568 [INFO] Analyzing predecessor function sub_437ee0 at 0x437ee0 | XRefs: [<CFGNode 0x438354[44]>, <CFGNode 0x4383cc[44]>, <CFGNode 0x438418[68]>, <CFGNode 0x43849c[52]>]
2025-06-21 05:19:31,607 [INFO] Starting RDA core analysis for function sub_437ee0 at 0x437ee0
2025-06-21 05:19:38,083 [INFO] RDA core analysis for sub_467fd8 finished in 11s
2025-06-21 05:19:38,167 [INFO] Analyzing predecessor function sub_4469dc at 0x4469dc | XRefs: [<CFGNode 0x446b18[36]>, <CFGNode 0x446ae8[36]>, <CFGNode 0x446b40[32]>]
2025-06-21 05:19:38,206 [INFO] Starting RDA core analysis for function sub_4469dc at 0x4469dc
2025-06-21 05:19:39,386 [INFO] RDA core analysis for sub_4469dc finished in 1s
2025-06-21 05:19:39,437 [INFO] Analyzing predecessor function sub_448ddc at 0x448ddc | XRefs: [<CFGNode 0x449e54[36]>, <CFGNode 0x449f08[36]>, <CFGNode 0x449ee0[36]>, <CFGNode 0x449eb0[36]>]
2025-06-21 05:19:39,475 [INFO] Starting RDA core analysis for function sub_448ddc at 0x448ddc
2025-06-21 05:19:39,927 [INFO] RDA core analysis for sub_437ee0 finished in 8s
2025-06-21 05:19:39,982 [INFO] Analyzing predecessor function wan_wan0_vlan_delete_interface at 0x4222e4 | XRefs: [<CFGNode wan_wan0_vlan_delete_interface+0x13c [84]>, <CFGNode wan_wan0_vlan_delete_interface+0x1d0 [84]>, <CFGNode wan_wan0_vlan_delete_interface+0x264 [84]>]
2025-06-21 05:19:40,018 [INFO] Starting RDA core analysis for function wan_wan0_vlan_delete_interface at 0x4222e4
2025-06-21 05:19:41,363 [INFO] RDA core analysis for wan_wan0_vlan_delete_interface finished in 1s
2025-06-21 05:19:41,415 [INFO] Analyzing predecessor function sub_4450e4 at 0x4450e4 | XRefs: [<CFGNode 0x4451ac[28]>]
2025-06-21 05:19:41,446 [INFO] Starting RDA core analysis for function sub_4450e4 at 0x4450e4
2025-06-21 05:19:42,135 [INFO] RDA core analysis for sub_4450e4 finished in 0s
2025-06-21 05:19:42,184 [INFO] Analyzing predecessor function stop_lan_ipv6 at 0x40fae8 | XRefs: [<CFGNode stop_lan_ipv6+0xc8 [144]>, <CFGNode stop_lan_ipv6+0x158 [148]>, <CFGNode stop_lan_ipv6+0x1ec [124]>]
2025-06-21 05:19:42,216 [INFO] Starting RDA core analysis for function stop_lan_ipv6 at 0x40fae8
2025-06-21 05:19:43,208 [INFO] RDA core analysis for stop_lan_ipv6 finished in 0s
2025-06-21 05:19:43,259 [INFO] Analyzing predecessor function sub_4544f0 at 0x4544f0 | XRefs: [<CFGNode 0x4546f8[32]>, <CFGNode 0x454b18[36]>, <CFGNode 0x454b60[36]>, <CFGNode 0x454ba8[36]>, <CFGNode 0x454bf0[36]>]
2025-06-21 05:19:43,290 [INFO] Starting RDA core analysis for function sub_4544f0 at 0x4544f0
2025-06-21 05:20:04,003 [INFO] RDA core analysis for sub_4544f0 finished in 20s
2025-06-21 05:20:04,135 [INFO] Analyzing predecessor function sub_40c8f4 at 0x40c8f4 | XRefs: [<CFGNode 0x40c928[28]>]
2025-06-21 05:20:04,199 [INFO] Starting RDA core analysis for function sub_40c8f4 at 0x40c8f4
2025-06-21 05:20:04,647 [INFO] RDA core analysis for sub_40c8f4 finished in 0s
2025-06-21 05:20:04,688 [INFO] Analyzing predecessor function sub_40b2f8 at 0x40b2f8 | XRefs: [<CFGNode 0x40b3b0[84]>]
2025-06-21 05:20:04,737 [INFO] Starting RDA core analysis for function sub_40b2f8 at 0x40b2f8
2025-06-21 05:20:05,785 [INFO] RDA core analysis for sub_40b2f8 finished in 1s
2025-06-21 05:20:05,828 [INFO] Analyzing predecessor function sub_43f300 at 0x43f300 | XRefs: [<CFGNode 0x43f7bc[48]>, <CFGNode 0x43f478[48]>]
2025-06-21 05:20:05,878 [INFO] Starting RDA core analysis for function sub_43f300 at 0x43f300
2025-06-21 05:20:06,790 [ERROR] Error analyzing function sub_448ddc (addr=0x448ddc): list index out of range
Traceback (most recent call last):
  File "/home/SGTaint/tool/SGGraph/base.py", line 271, in rda_analyze
    result = run_function_with_timeout(self.rda_analyze_core, args=(caller_func,), timeout=20000)
  File "/home/SGTaint/tool/BugFinder/utils.py", line 613, in run_function_with_timeout
    raise data
IndexError: list index out of range
2025-06-21 05:20:06,793 [INFO] Analyzing predecessor function sub_45a45c at 0x45a45c | XRefs: [<CFGNode 0x45a55c[36]>, <CFGNode 0x45a5ec[36]>]
2025-06-21 05:20:06,837 [INFO] Starting RDA core analysis for function sub_45a45c at 0x45a45c
2025-06-21 05:20:09,515 [ERROR] Error analyzing function sub_45a45c (addr=0x45a45c): list index out of range
Traceback (most recent call last):
  File "/home/SGTaint/tool/SGGraph/base.py", line 271, in rda_analyze
    result = run_function_with_timeout(self.rda_analyze_core, args=(caller_func,), timeout=20000)
  File "/home/SGTaint/tool/BugFinder/utils.py", line 613, in run_function_with_timeout
    raise data
IndexError: list index out of range
2025-06-21 05:20:09,516 [INFO] Analyzing predecessor function sub_4768e0 at 0x4768e0 | XRefs: [<CFGNode 0x4771b8[36]>, <CFGNode 0x477164[36]>, <CFGNode 0x477188[36]>, <CFGNode 0x477208[32]>, <CFGNode 0x477238[36]>, <CFGNode 0x4772a4[32]>, <CFGNode 0x4771dc[40]>, <CFGNode 0x47710c[40]>]
2025-06-21 05:20:09,553 [INFO] Starting RDA core analysis for function sub_4768e0 at 0x4768e0
2025-06-21 05:20:10,196 [INFO] RDA core analysis for sub_43f300 finished in 4s
2025-06-21 05:20:10,259 [INFO] Analyzing predecessor function sub_441100 at 0x441100 | XRefs: [<CFGNode 0x441418[36]>]
2025-06-21 05:20:10,293 [INFO] Starting RDA core analysis for function sub_441100 at 0x441100
2025-06-21 05:20:16,238 [INFO] RDA core analysis for sub_441100 finished in 5s
2025-06-21 05:20:16,308 [INFO] Analyzing predecessor function sub_404900 at 0x404900 | XRefs: [<CFGNode 0x404900[64]>]
2025-06-21 05:20:16,340 [INFO] Starting RDA core analysis for function sub_404900 at 0x404900
2025-06-21 05:20:16,916 [INFO] RDA core analysis for sub_4768e0 finished in 7s
2025-06-21 05:20:16,948 [INFO] RDA core analysis for sub_404900 finished in 0s
2025-06-21 05:20:16,989 [INFO] Analyzing predecessor function sub_481260 at 0x481260 | XRefs: [<CFGNode 0x481f78[92]>, <CFGNode 0x481b78[92]>]
2025-06-21 05:20:16,991 [INFO] Analyzing predecessor function sub_438508 at 0x438508 | XRefs: [<CFGNode 0x438548[92]>]
2025-06-21 05:20:17,026 [INFO] Starting RDA core analysis for function sub_438508 at 0x438508
2025-06-21 05:20:17,028 [INFO] Starting RDA core analysis for function sub_481260 at 0x481260
2025-06-21 05:20:17,657 [INFO] RDA core analysis for sub_438508 finished in 0s
2025-06-21 05:20:17,706 [INFO] Analyzing predecessor function sub_40cd0c at 0x40cd0c | XRefs: [<CFGNode 0x40cdd4[44]>]
2025-06-21 05:20:17,738 [INFO] Starting RDA core analysis for function sub_40cd0c at 0x40cd0c
2025-06-21 05:20:18,526 [INFO] RDA core analysis for sub_40cd0c finished in 0s
2025-06-21 05:20:18,568 [INFO] Analyzing predecessor function start_lan_ipv6serivce at 0x435b10 | XRefs: [<CFGNode start_lan_ipv6serivce [52]>]
2025-06-21 05:20:18,602 [INFO] Starting RDA core analysis for function start_lan_ipv6serivce at 0x435b10
2025-06-21 05:20:19,310 [INFO] RDA core analysis for start_lan_ipv6serivce finished in 0s
2025-06-21 05:20:19,352 [INFO] Analyzing predecessor function stop_lan_br at 0x40dd20 | XRefs: [<CFGNode stop_lan_br+0x508 [36]>, <CFGNode stop_lan_br+0x390 [36]>]
2025-06-21 05:20:19,386 [INFO] Starting RDA core analysis for function stop_lan_br at 0x40dd20
2025-06-21 05:20:25,041 [INFO] RDA core analysis for stop_lan_br finished in 5s
2025-06-21 05:20:25,094 [INFO] Analyzing predecessor function sub_420724 at 0x420724 | XRefs: [<CFGNode 0x4207b8[28]>]
2025-06-21 05:20:25,129 [INFO] Starting RDA core analysis for function sub_420724 at 0x420724
2025-06-21 05:20:27,915 [INFO] RDA core analysis for sub_420724 finished in 2s
2025-06-21 05:20:27,965 [INFO] Analyzing predecessor function sub_438f24 at 0x438f24 | XRefs: [<CFGNode 0x439354[36]>, <CFGNode 0x4390ac[36]>, <CFGNode 0x4390d0[40]>, <CFGNode 0x43939c[40]>, <CFGNode 0x4393c4[40]>, <CFGNode 0x4393ec[40]>]
2025-06-21 05:20:28,001 [INFO] Starting RDA core analysis for function sub_438f24 at 0x438f24
2025-06-21 05:20:30,770 [INFO] RDA core analysis for sub_438f24 finished in 2s
2025-06-21 05:20:30,819 [INFO] Analyzing predecessor function sub_411324 at 0x411324 | XRefs: [<CFGNode 0x411324[56]>, <CFGNode 0x41135c[36]>]
2025-06-21 05:20:30,854 [INFO] Starting RDA core analysis for function sub_411324 at 0x411324
2025-06-21 05:20:32,555 [INFO] RDA core analysis for sub_411324 finished in 1s
2025-06-21 05:20:32,600 [INFO] Analyzing predecessor function sub_40e324 at 0x40e324 | XRefs: [<CFGNode 0x40e3e8[68]>, <CFGNode 0x40ea84[84]>, <CFGNode 0x40e914[80]>, <CFGNode 0x40e560[80]>]
2025-06-21 05:20:32,635 [INFO] Starting RDA core analysis for function sub_40e324 at 0x40e324
2025-06-21 05:20:40,023 [INFO] RDA core analysis for sub_40e324 finished in 7s
2025-06-21 05:20:40,082 [INFO] Analyzing predecessor function sub_44252c at 0x44252c | XRefs: [<CFGNode 0x4425fc[48]>]
2025-06-21 05:20:40,116 [INFO] Starting RDA core analysis for function sub_44252c at 0x44252c
2025-06-21 05:20:40,890 [INFO] RDA core analysis for sub_44252c finished in 0s
2025-06-21 05:20:40,933 [INFO] Analyzing predecessor function sub_44273c at 0x44273c | XRefs: [<CFGNode 0x442b0c[40]>, <CFGNode 0x4431e8[72]>, <CFGNode 0x4432a8[64]>]
2025-06-21 05:20:40,968 [INFO] Starting RDA core analysis for function sub_44273c at 0x44273c
2025-06-21 05:20:42,754 [INFO] RDA core analysis for sub_481260 finished in 25s
2025-06-21 05:20:42,907 [INFO] Analyzing predecessor function sub_443ae4 at 0x443ae4 | XRefs: [<CFGNode 0x443e34[32]>, <CFGNode 0x443e54[36]>, <CFGNode 0x443ed8[36]>, <CFGNode 0x443ea8[36]>, <CFGNode 0x443f7c[40]>, <CFGNode 0x444068[40]>, <CFGNode 0x444104[40]>, <CFGNode 0x443bf8[32]>]
2025-06-21 05:20:42,950 [INFO] Starting RDA core analysis for function sub_443ae4 at 0x443ae4
2025-06-21 05:20:48,228 [INFO] RDA core analysis for sub_443ae4 finished in 5s
2025-06-21 05:20:48,296 [INFO] Analyzing predecessor function sub_46b764 at 0x46b764 | XRefs: [<CFGNode 0x46be08[36]>, <CFGNode 0x46be2c[40]>, <CFGNode 0x46be54[40]>, <CFGNode 0x46bea0[36]>, <CFGNode 0x46bee8[36]>, <CFGNode 0x46bff0[36]>, <CFGNode 0x46c038[36]>, <CFGNode 0x46c080[36]>, <CFGNode 0x46c108[40]>, <CFGNode 0x46c1f4[32]>, <CFGNode 0x46c360[32]>, <CFGNode 0x46c3c0[32]>, <CFGNode 0x46c39c[32]>, <CFGNode 0x46c3e0[36]>]
2025-06-21 05:20:48,334 [INFO] Starting RDA core analysis for function sub_46b764 at 0x46b764
2025-06-21 05:20:59,252 [INFO] RDA core analysis for sub_44273c finished in 18s
2025-06-21 05:20:59,386 [INFO] Analyzing predecessor function sub_42d544 at 0x42d544 | XRefs: [<CFGNode 0x42d544[80]>, <CFGNode 0x42d594[36]>, <CFGNode 0x42d5b8[36]>, <CFGNode 0x42d624[36]>]
2025-06-21 05:20:59,424 [INFO] RDA core analysis for sub_46b764 finished in 11s
2025-06-21 05:20:59,424 [INFO] Starting RDA core analysis for function sub_42d544 at 0x42d544
2025-06-21 05:20:59,510 [INFO] Analyzing predecessor function sub_440968 at 0x440968 | XRefs: [<CFGNode 0x441818[44]>, <CFGNode 0x441570[44]>, <CFGNode 0x442384[36]>, <CFGNode 0x4423e8[36]>]
2025-06-21 05:20:59,549 [INFO] Starting RDA core analysis for function sub_440968 at 0x440968
2025-06-21 05:21:07,259 [INFO] RDA core analysis for sub_42d544 finished in 7s
2025-06-21 05:21:07,330 [INFO] Analyzing predecessor function init_switch at 0x458948 | XRefs: [<CFGNode init_switch+0x40 [36]>, <CFGNode init_switch+0x64 [36]>, <CFGNode init_switch+0x88 [36]>, <CFGNode init_switch+0xac [36]>, <CFGNode init_switch+0xd0 [36]>, <CFGNode init_switch+0xf4 [36]>, <CFGNode init_switch+0x118 [36]>, <CFGNode init_switch+0x13c [36]>, <CFGNode init_switch+0x160 [36]>, <CFGNode init_switch+0x184 [36]>, <CFGNode init_switch+0x1a8 [36]>, <CFGNode init_switch+0x1cc [36]>, <CFGNode init_switch+0x1f0 [36]>, <CFGNode init_switch+0x214 [36]>, <CFGNode init_switch+0x238 [36]>, <CFGNode init_switch+0x25c [36]>, <CFGNode init_switch+0x294 [36]>, <CFGNode init_switch+0x2cc [36]>, <CFGNode init_switch+0x304 [36]>, <CFGNode init_switch+0x33c [36]>, <CFGNode init_switch+0x360 [36]>, <CFGNode init_switch+0x384 [36]>, <CFGNode init_switch+0x3a8 [36]>, <CFGNode init_switch+0x3cc [36]>, <CFGNode init_switch+0x444 [36]>, <CFGNode init_switch+0x468 [36]>, <CFGNode init_switch+0x48c [36]>, <CFGNode init_switch+0x4b0 [36]>, <CFGNode init_switch+0x4d4 [36]>, <CFGNode init_switch+0x4f8 [36]>, <CFGNode init_switch+0x51c [36]>, <CFGNode init_switch+0x540 [36]>, <CFGNode init_switch+0x564 [36]>, <CFGNode init_switch+0x588 [36]>, <CFGNode init_switch+0x5ac [36]>, <CFGNode init_switch+0x5d0 [36]>, <CFGNode init_switch+0x5f4 [36]>, <CFGNode init_switch+0x618 [36]>, <CFGNode init_switch+0x63c [36]>, <CFGNode init_switch+0x660 [36]>, <CFGNode init_switch+0x684 [36]>, <CFGNode init_switch+0x6a8 [36]>, <CFGNode init_switch+0x6cc [36]>, <CFGNode init_switch+0x6f0 [36]>, <CFGNode init_switch+0x714 [36]>, <CFGNode init_switch+0x738 [36]>, <CFGNode init_switch+0x75c [36]>, <CFGNode init_switch+0x780 [36]>, <CFGNode init_switch+0x7a4 [36]>, <CFGNode init_switch+0x7c8 [36]>, <CFGNode init_switch+0x7ec [36]>]
2025-06-21 05:21:07,363 [INFO] Starting RDA core analysis for function init_switch at 0x458948
2025-06-21 05:21:10,360 [INFO] RDA core analysis for init_switch finished in 2s
2025-06-21 05:21:10,413 [INFO] Analyzing predecessor function sub_44f748 at 0x44f748 | XRefs: [<CFGNode 0x44f9f4[32]>, <CFGNode 0x44f914[40]>, <CFGNode 0x44f9c0[40]>, <CFGNode 0x44fa48[40]>, <CFGNode 0x44fe7c[36]>, <CFGNode 0x44fea0[40]>]
2025-06-21 05:21:10,447 [INFO] Starting RDA core analysis for function sub_44f748 at 0x44f748
2025-06-21 05:21:15,747 [INFO] RDA core analysis for sub_44f748 finished in 5s
2025-06-21 05:21:15,810 [INFO] Analyzing predecessor function sub_405f50 at 0x405f50 | XRefs: [<CFGNode 0x406260[28]>]
2025-06-21 05:21:15,844 [INFO] Starting RDA core analysis for function sub_405f50 at 0x405f50
2025-06-21 05:21:18,289 [INFO] RDA core analysis for sub_405f50 finished in 2s
2025-06-21 05:21:18,338 [INFO] Analyzing predecessor function sub_445b50 at 0x445b50 | XRefs: [<CFGNode 0x4470d8[40]>, <CFGNode 0x447158[40]>, <CFGNode 0x4472a4[40]>, <CFGNode 0x4473a4[40]>, <CFGNode 0x447424[40]>, <CFGNode 0x447750[40]>, <CFGNode 0x44779c[40]>, <CFGNode 0x4477e8[40]>, <CFGNode 0x447834[40]>, <CFGNode 0x447224[40]>, <CFGNode 0x446180[28]>, <CFGNode 0x446200[28]>, <CFGNode 0x446280[28]>, <CFGNode 0x446300[28]>, <CFGNode 0x446470[36]>]
2025-06-21 05:21:18,373 [INFO] Starting RDA core analysis for function sub_445b50 at 0x445b50
2025-06-21 05:21:43,054 [ERROR] Error analyzing function VIRTUALSERVER_run (addr=0x429c60): 'MemoryLocation' object has no attribute 'reg_offset'
Traceback (most recent call last):
  File "/home/SGTaint/tool/SGGraph/base.py", line 271, in rda_analyze
    result = run_function_with_timeout(self.rda_analyze_core, args=(caller_func,), timeout=20000)
  File "/home/SGTaint/tool/BugFinder/utils.py", line 613, in run_function_with_timeout
    raise data
AttributeError: 'MemoryLocation' object has no attribute 'reg_offset'
2025-06-21 05:21:43,055 [INFO] Analyzing predecessor function trigger_timeout at 0x41c4e0 | XRefs: [<CFGNode trigger_timeout+0x84 [24]>]
2025-06-21 05:21:43,094 [INFO] Starting RDA core analysis for function trigger_timeout at 0x41c4e0
2025-06-21 05:21:43,565 [INFO] RDA core analysis for trigger_timeout finished in 0s
2025-06-21 05:21:43,601 [INFO] Analyzing predecessor function ipv6_wan_prefix at 0x407f60 | XRefs: [<CFGNode ipv6_wan_prefix+0x84 [32]>, <CFGNode ipv6_wan_prefix+0x128 [16]>]
2025-06-21 05:21:43,633 [INFO] Starting RDA core analysis for function ipv6_wan_prefix at 0x407f60
2025-06-21 05:21:48,907 [INFO] RDA core analysis for ipv6_wan_prefix finished in 5s
2025-06-21 05:21:48,964 [INFO] Analyzing predecessor function MASQUERADENAT_run at 0x417558 | XRefs: [<CFGNode MASQUERADENAT_run+0x190 [24]>, <CFGNode MASQUERADENAT_run+0x1c8 [24]>, <CFGNode MASQUERADENAT_run+0x200 [24]>, <CFGNode MASQUERADENAT_run+0x238 [24]>, <CFGNode MASQUERADENAT_run+0x270 [24]>, <CFGNode MASQUERADENAT_run+0x63c [24]>, <CFGNode MASQUERADENAT_run+0x4f0 [24]>]
2025-06-21 05:21:48,996 [INFO] Starting RDA core analysis for function MASQUERADENAT_run at 0x417558
2025-06-21 05:22:07,132 [ERROR] Error analyzing function MASQUERADENAT_run (addr=0x417558): 'ConditionalJump' object has no attribute 'args'
Traceback (most recent call last):
  File "/home/SGTaint/tool/SGGraph/base.py", line 271, in rda_analyze
    result = run_function_with_timeout(self.rda_analyze_core, args=(caller_func,), timeout=20000)
  File "/home/SGTaint/tool/BugFinder/utils.py", line 613, in run_function_with_timeout
    raise data
AttributeError: 'ConditionalJump' object has no attribute 'args'
2025-06-21 05:22:07,133 [INFO] Analyzing predecessor function ipv6_lan_prefix at 0x4081e4 | XRefs: [<CFGNode ipv6_lan_prefix [76]>]
2025-06-21 05:22:07,167 [INFO] Starting RDA core analysis for function ipv6_lan_prefix at 0x4081e4
2025-06-21 05:22:09,346 [INFO] RDA core analysis for ipv6_lan_prefix finished in 2s
2025-06-21 05:22:09,391 [INFO] Analyzing predecessor function TW_IPv6_Ingress_Filtering_Init at 0x4134e4 | XRefs: [<CFGNode TW_IPv6_Ingress_Filtering_Init+0x1b8 [32]>]
2025-06-21 05:22:09,424 [INFO] Starting RDA core analysis for function TW_IPv6_Ingress_Filtering_Init at 0x4134e4
2025-06-21 05:22:12,642 [INFO] RDA core analysis for TW_IPv6_Ingress_Filtering_Init finished in 3s
2025-06-21 05:22:12,687 [INFO] Analyzing predecessor function IPFILTER_run at 0x42ce64 | XRefs: [<CFGNode IPFILTER_run+0x4e0 [28]>, <CFGNode IPFILTER_run+0xb10 [8]>, <CFGNode IPFILTER_run+0xc3c [24]>]
2025-06-21 05:22:12,719 [INFO] Starting RDA core analysis for function IPFILTER_run at 0x42ce64
2025-06-21 05:22:50,142 [INFO] RDA core analysis for IPFILTER_run finished in 37s
2025-06-21 05:22:50,317 [INFO] Analyzing predecessor function FIREWALL_FILTER_run at 0x42f164 | XRefs: [<CFGNode FIREWALL_FILTER_run+0x186c [28]>, <CFGNode FIREWALL_FILTER_run+0xde0 [32]>, <CFGNode FIREWALL_FILTER_run+0x1544 [32]>, <CFGNode FIREWALL_FILTER_run+0xcf8 [36]>, <CFGNode FIREWALL_FILTER_run+0x1374 [24]>, <CFGNode FIREWALL_FILTER_run+0x1330 [24]>, <CFGNode FIREWALL_FILTER_run+0x17bc [8]>, <CFGNode FIREWALL_FILTER_run+0x17dc [32]>, <CFGNode FIREWALL_FILTER_run+0x1610 [20]>, <CFGNode FIREWALL_FILTER_run+0x1850 [16]>, <CFGNode FIREWALL_FILTER_run+0x1b14 [20]>, <CFGNode FIREWALL_FILTER_run+0x1a94 [8]>, <CFGNode FIREWALL_FILTER_run+0x1310 [12]>, <CFGNode FIREWALL_FILTER_run+0x1078 [16]>, <CFGNode FIREWALL_FILTER_run+0x14dc [24]>, <CFGNode FIREWALL_FILTER_run+0x1490 [8]>]
2025-06-21 05:22:50,353 [INFO] Starting RDA core analysis for function FIREWALL_FILTER_run at 0x42f164
2025-06-21 05:23:09,230 [ERROR] Error analyzing function sub_440968 (addr=0x440968): list index out of range
Traceback (most recent call last):
  File "/home/SGTaint/tool/SGGraph/base.py", line 271, in rda_analyze
    result = run_function_with_timeout(self.rda_analyze_core, args=(caller_func,), timeout=20000)
  File "/home/SGTaint/tool/BugFinder/utils.py", line 613, in run_function_with_timeout
    raise data
IndexError: list index out of range
2025-06-21 05:23:09,232 [INFO] Analyzing predecessor function sub_46dc68 at 0x46dc68 | XRefs: [<CFGNode 0x46e758[36]>, <CFGNode 0x46eec0[108]>, <CFGNode 0x46e7e8[108]>, <CFGNode 0x46e854[40]>, <CFGNode 0x46e87c[40]>, <CFGNode 0x46e8c8[36]>, <CFGNode 0x46e910[36]>, <CFGNode 0x46e958[32]>, <CFGNode 0x46e99c[32]>, <CFGNode 0x46e9e0[36]>, <CFGNode 0x46ea28[36]>, <CFGNode 0x46ea70[36]>, <CFGNode 0x46ef2c[40]>, <CFGNode 0x46ef54[40]>, <CFGNode 0x46efa0[36]>, <CFGNode 0x46efe8[36]>, <CFGNode 0x46f030[32]>, <CFGNode 0x46f074[32]>, <CFGNode 0x46f0b8[32]>, <CFGNode 0x46f0fc[40]>, <CFGNode 0x46f284[32]>, <CFGNode 0x46f2c8[32]>, <CFGNode 0x46f30c[32]>, <CFGNode 0x46f350[32]>, <CFGNode 0x46f394[36]>, <CFGNode 0x46f3dc[36]>, <CFGNode 0x46f424[36]>, <CFGNode 0x46f56c[40]>, <CFGNode 0x46f658[32]>, <CFGNode 0x46f7c4[32]>, <CFGNode 0x46f824[32]>, <CFGNode 0x46f800[32]>, <CFGNode 0x46f844[36]>, <CFGNode 0x46f8bc[36]>, <CFGNode 0x46f958[40]>, <CFGNode 0x46f90c[36]>, <CFGNode 0x46ebb8[40]>, <CFGNode 0x46eca4[32]>, <CFGNode 0x46ee10[32]>, <CFGNode 0x46ee70[32]>, <CFGNode 0x46ee4c[32]>, <CFGNode 0x46ee90[36]>]
2025-06-21 05:23:09,276 [INFO] Starting RDA core analysis for function sub_46dc68 at 0x46dc68
2025-06-21 05:24:01,947 [INFO] RDA core analysis for sub_46dc68 finished in 52s
2025-06-21 05:24:02,122 [INFO] Analyzing predecessor function sub_4343ec at 0x4343ec | XRefs: [<CFGNode 0x434770[36]>, <CFGNode 0x434794[36]>, <CFGNode 0x4347b8[36]>, <CFGNode 0x4347f0[32]>]
2025-06-21 05:24:02,166 [INFO] Starting RDA core analysis for function sub_4343ec at 0x4343ec
2025-06-21 05:24:04,853 [INFO] RDA core analysis for sub_4343ec finished in 2s
2025-06-21 05:24:04,910 [INFO] Analyzing predecessor function sub_46286c at 0x46286c | XRefs: [<CFGNode 0x462b54[80]>]
2025-06-21 05:24:04,948 [INFO] Starting RDA core analysis for function sub_46286c at 0x46286c
2025-06-21 05:24:21,745 [INFO] RDA core analysis for sub_445b50 finished in 183s
2025-06-21 05:24:21,996 [INFO] Analyzing predecessor function sub_440554 at 0x440554 | XRefs: [<CFGNode 0x440674[28]>, <CFGNode 0x4406e8[28]>, <CFGNode 0x440768[28]>]
2025-06-21 05:24:22,038 [INFO] Starting RDA core analysis for function sub_440554 at 0x440554
2025-06-21 05:24:42,220 [INFO] RDA core analysis for sub_440554 finished in 20s
2025-06-21 05:24:42,359 [INFO] Analyzing predecessor function start_dnsmasq at 0x425b54 | XRefs: [<CFGNode start_dnsmasq+0x16d4 [36]>]
2025-06-21 05:24:42,398 [INFO] Starting RDA core analysis for function start_dnsmasq at 0x425b54
2025-06-21 05:24:45,557 [ERROR] Error analyzing function sub_46286c (addr=0x46286c): list index out of range
Traceback (most recent call last):
  File "/home/SGTaint/tool/SGGraph/base.py", line 271, in rda_analyze
    result = run_function_with_timeout(self.rda_analyze_core, args=(caller_func,), timeout=20000)
  File "/home/SGTaint/tool/BugFinder/utils.py", line 613, in run_function_with_timeout
    raise data
IndexError: list index out of range
2025-06-21 05:24:45,558 [INFO] Analyzing predecessor function sub_44d6f4 at 0x44d6f4 | XRefs: [<CFGNode 0x44e074[36]>]
2025-06-21 05:24:45,600 [INFO] Starting RDA core analysis for function sub_44d6f4 at 0x44d6f4
2025-06-21 05:24:54,287 [ERROR] Error analyzing function sub_44d6f4 (addr=0x44d6f4): list index out of range
Traceback (most recent call last):
  File "/home/SGTaint/tool/SGGraph/base.py", line 271, in rda_analyze
    result = run_function_with_timeout(self.rda_analyze_core, args=(caller_func,), timeout=20000)
  File "/home/SGTaint/tool/BugFinder/utils.py", line 613, in run_function_with_timeout
    raise data
IndexError: list index out of range
2025-06-21 05:24:54,288 [INFO] Analyzing predecessor function sub_44f07c at 0x44f07c | XRefs: [<CFGNode 0x44fa44[36]>]
2025-06-21 05:24:54,327 [INFO] Starting RDA core analysis for function sub_44f07c at 0x44f07c
2025-06-21 05:25:03,607 [ERROR] Error analyzing function sub_44f07c (addr=0x44f07c): list index out of range
Traceback (most recent call last):
  File "/home/SGTaint/tool/SGGraph/base.py", line 271, in rda_analyze
    result = run_function_with_timeout(self.rda_analyze_core, args=(caller_func,), timeout=20000)
  File "/home/SGTaint/tool/BugFinder/utils.py", line 613, in run_function_with_timeout
    raise data
IndexError: list index out of range
2025-06-21 05:25:03,608 [INFO] Analyzing predecessor function sub_47ccb8 at 0x47ccb8 | XRefs: [<CFGNode 0x47d354[36]>]
2025-06-21 05:25:03,647 [INFO] Starting RDA core analysis for function sub_47ccb8 at 0x47ccb8
2025-06-21 05:25:11,287 [ERROR] Error analyzing function sub_47ccb8 (addr=0x47ccb8): list index out of range
Traceback (most recent call last):
  File "/home/SGTaint/tool/SGGraph/base.py", line 271, in rda_analyze
    result = run_function_with_timeout(self.rda_analyze_core, args=(caller_func,), timeout=20000)
  File "/home/SGTaint/tool/BugFinder/utils.py", line 613, in run_function_with_timeout
    raise data
IndexError: list index out of range
2025-06-21 05:25:11,288 [INFO] Analyzing predecessor function sub_447e10 at 0x447e10 | XRefs: [<CFGNode 0x448034[36]>, <CFGNode 0x448058[36]>]
2025-06-21 05:25:11,324 [INFO] Starting RDA core analysis for function sub_447e10 at 0x447e10
2025-06-21 05:25:20,418 [ERROR] Error analyzing function FIREWALL_FILTER_run (addr=0x42f164): 'MemoryLocation' object has no attribute 'reg_offset'
Traceback (most recent call last):
  File "/home/SGTaint/tool/SGGraph/base.py", line 271, in rda_analyze
    result = run_function_with_timeout(self.rda_analyze_core, args=(caller_func,), timeout=20000)
  File "/home/SGTaint/tool/BugFinder/utils.py", line 613, in run_function_with_timeout
    raise data
AttributeError: 'MemoryLocation' object has no attribute 'reg_offset'
2025-06-21 05:25:20,419 [INFO] Analyzing predecessor function TW_Anti_DOS_Config at 0x4103e8 | XRefs: [<CFGNode TW_Anti_DOS_Config+0x1184 [32]>, <CFGNode TW_Anti_DOS_Config+0x1218 [20]>, <CFGNode TW_Anti_DOS_Config+0x1244 [32]>, <CFGNode TW_Anti_DOS_Config+0x127c [32]>, <CFGNode TW_Anti_DOS_Config+0x12b4 [32]>, <CFGNode TW_Anti_DOS_Config+0x12ec [32]>, <CFGNode TW_Anti_DOS_Config+0x1324 [32]>, <CFGNode TW_Anti_DOS_Config+0x135c [32]>, <CFGNode TW_Anti_DOS_Config+0x1394 [32]>, <CFGNode TW_Anti_DOS_Config+0x13cc [32]>, <CFGNode TW_Anti_DOS_Config+0x1a5c [36]>, <CFGNode TW_Anti_DOS_Config+0x1ac8 [36]>, <CFGNode TW_Anti_DOS_Config+0x1b34 [32]>, <CFGNode TW_Anti_DOS_Config+0x14b4 [24]>, <CFGNode TW_Anti_DOS_Config+0x14e4 [32]>, <CFGNode TW_Anti_DOS_Config+0x151c [32]>, <CFGNode TW_Anti_DOS_Config+0x1554 [32]>, <CFGNode TW_Anti_DOS_Config+0x158c [32]>, <CFGNode TW_Anti_DOS_Config+0x15c4 [32]>, <CFGNode TW_Anti_DOS_Config+0x15fc [32]>, <CFGNode TW_Anti_DOS_Config+0x1634 [32]>, <CFGNode TW_Anti_DOS_Config+0x16bc [32]>, <CFGNode TW_Anti_DOS_Config+0x1750 [24]>, <CFGNode TW_Anti_DOS_Config+0x1780 [32]>, <CFGNode TW_Anti_DOS_Config+0x17b8 [32]>, <CFGNode TW_Anti_DOS_Config+0x17f0 [32]>, <CFGNode TW_Anti_DOS_Config+0x1828 [32]>, <CFGNode TW_Anti_DOS_Config+0x1860 [32]>, <CFGNode TW_Anti_DOS_Config+0x1898 [32]>, <CFGNode TW_Anti_DOS_Config+0x18d0 [32]>, <CFGNode TW_Anti_DOS_Config+0x1908 [32]>, <CFGNode TW_Anti_DOS_Config+0x1c18 [24]>, <CFGNode TW_Anti_DOS_Config+0x1c48 [32]>]
2025-06-21 05:25:20,457 [INFO] Starting RDA core analysis for function TW_Anti_DOS_Config at 0x4103e8
2025-06-21 05:25:24,292 [INFO] RDA core analysis for start_dnsmasq finished in 41s
2025-06-21 05:25:24,483 [INFO] Analyzing predecessor function wan_down at 0x41f158 | XRefs: [<CFGNode wan_down+0x400 [40]>, <CFGNode wan_down+0x650 [36]>, <CFGNode wan_down+0x478 [36]>, <CFGNode wan_down+0x5fc [36]>]
2025-06-21 05:25:24,522 [INFO] Starting RDA core analysis for function wan_down at 0x41f158
2025-06-21 05:25:29,928 [ERROR] Error analyzing function wan_down (addr=0x41f158): 'IMark' object has no attribute 'data'
Traceback (most recent call last):
  File "/home/SGTaint/tool/SGGraph/base.py", line 271, in rda_analyze
    result = run_function_with_timeout(self.rda_analyze_core, args=(caller_func,), timeout=20000)
  File "/home/SGTaint/tool/BugFinder/utils.py", line 613, in run_function_with_timeout
    raise data
AttributeError: 'IMark' object has no attribute 'data'
2025-06-21 05:25:29,929 [INFO] Analyzing predecessor function sub_40ef5c at 0x40ef5c | XRefs: [<CFGNode 0x40f0c8[28]>, <CFGNode 0x40f10c[28]>]
2025-06-21 05:25:29,962 [INFO] Starting RDA core analysis for function sub_40ef5c at 0x40ef5c
2025-06-21 05:25:32,534 [ERROR] Error analyzing function sub_447e10 (addr=0x447e10): list index out of range
Traceback (most recent call last):
  File "/home/SGTaint/tool/SGGraph/base.py", line 271, in rda_analyze
    result = run_function_with_timeout(self.rda_analyze_core, args=(caller_func,), timeout=20000)
  File "/home/SGTaint/tool/BugFinder/utils.py", line 613, in run_function_with_timeout
    raise data
IndexError: list index out of range
2025-06-21 05:25:32,535 [INFO] Analyzing predecessor function sub_42ea1c at 0x42ea1c | XRefs: [<CFGNode 0x42eb68[28]>]
2025-06-21 05:25:32,579 [INFO] Starting RDA core analysis for function sub_42ea1c at 0x42ea1c
2025-06-21 05:25:34,011 [ERROR] Error analyzing function sub_42ea1c (addr=0x42ea1c): list index out of range
Traceback (most recent call last):
  File "/home/SGTaint/tool/SGGraph/base.py", line 271, in rda_analyze
    result = run_function_with_timeout(self.rda_analyze_core, args=(caller_func,), timeout=20000)
  File "/home/SGTaint/tool/BugFinder/utils.py", line 613, in run_function_with_timeout
    raise data
IndexError: list index out of range
2025-06-21 05:25:34,012 [INFO] Analyzing predecessor function sub_452a1c at 0x452a1c | XRefs: [<CFGNode 0x452a94[28]>]
2025-06-21 05:25:34,050 [INFO] Starting RDA core analysis for function sub_452a1c at 0x452a1c
2025-06-21 05:25:34,409 [INFO] RDA core analysis for sub_40ef5c finished in 4s
2025-06-21 05:25:34,472 [INFO] Analyzing predecessor function sub_413960 at 0x413960 | XRefs: [<CFGNode 0x4139a0[64]>]
2025-06-21 05:25:34,505 [INFO] Starting RDA core analysis for function sub_413960 at 0x413960
2025-06-21 05:25:35,396 [ERROR] Error analyzing function sub_452a1c (addr=0x452a1c): list index out of range
Traceback (most recent call last):
  File "/home/SGTaint/tool/SGGraph/base.py", line 271, in rda_analyze
    result = run_function_with_timeout(self.rda_analyze_core, args=(caller_func,), timeout=20000)
  File "/home/SGTaint/tool/BugFinder/utils.py", line 613, in run_function_with_timeout
    raise data
IndexError: list index out of range
2025-06-21 05:25:35,397 [INFO] Analyzing predecessor function sub_438a20 at 0x438a20 | XRefs: [<CFGNode 0x438a20[104]>]
2025-06-21 05:25:35,436 [INFO] Starting RDA core analysis for function sub_438a20 at 0x438a20
2025-06-21 05:25:36,951 [INFO] RDA core analysis for sub_413960 finished in 2s
2025-06-21 05:25:36,954 [ERROR] Error analyzing function sub_438a20 (addr=0x438a20): list index out of range
Traceback (most recent call last):
  File "/home/SGTaint/tool/SGGraph/base.py", line 271, in rda_analyze
    result = run_function_with_timeout(self.rda_analyze_core, args=(caller_func,), timeout=20000)
  File "/home/SGTaint/tool/BugFinder/utils.py", line 613, in run_function_with_timeout
    raise data
IndexError: list index out of range
2025-06-21 05:25:36,955 [INFO] Analyzing predecessor function sub_45122c at 0x45122c | XRefs: [<CFGNode 0x451290[32]>]
2025-06-21 05:25:36,993 [INFO] Starting RDA core analysis for function sub_45122c at 0x45122c
2025-06-21 05:25:36,999 [INFO] Analyzing predecessor function start_ntpc at 0x438960 | XRefs: [<CFGNode start_ntpc+0x290 [76]>]
2025-06-21 05:25:37,034 [INFO] Starting RDA core analysis for function start_ntpc at 0x438960
2025-06-21 05:25:38,548 [ERROR] Error analyzing function sub_45122c (addr=0x45122c): list index out of range
Traceback (most recent call last):
  File "/home/SGTaint/tool/SGGraph/base.py", line 271, in rda_analyze
    result = run_function_with_timeout(self.rda_analyze_core, args=(caller_func,), timeout=20000)
  File "/home/SGTaint/tool/BugFinder/utils.py", line 613, in run_function_with_timeout
    raise data
IndexError: list index out of range
2025-06-21 05:25:38,548 [INFO] Analyzing predecessor function sub_44c440 at 0x44c440 | XRefs: [<CFGNode 0x44c744[40]>]
2025-06-21 05:25:38,587 [INFO] Starting RDA core analysis for function sub_44c440 at 0x44c440
2025-06-21 05:25:39,035 [INFO] RDA core analysis for start_ntpc finished in 2s
2025-06-21 05:25:39,085 [INFO] Analyzing predecessor function sub_427360 at 0x427360 | XRefs: [<CFGNode 0x4273e0[76]>]
2025-06-21 05:25:39,120 [INFO] Starting RDA core analysis for function sub_427360 at 0x427360
2025-06-21 05:25:43,260 [ERROR] Error analyzing function sub_44c440 (addr=0x44c440): list index out of range
Traceback (most recent call last):
  File "/home/SGTaint/tool/SGGraph/base.py", line 271, in rda_analyze
    result = run_function_with_timeout(self.rda_analyze_core, args=(caller_func,), timeout=20000)
  File "/home/SGTaint/tool/BugFinder/utils.py", line 613, in run_function_with_timeout
    raise data
IndexError: list index out of range
2025-06-21 05:25:43,261 [INFO] Analyzing predecessor function sub_45e250 at 0x45e250 | XRefs: [<CFGNode 0x45e358[40]>, <CFGNode 0x45e380[36]>]
2025-06-21 05:25:43,299 [INFO] Starting RDA core analysis for function sub_45e250 at 0x45e250
2025-06-21 05:25:44,389 [WARNING] Decompiler failed for function sub_45e250: 'NoneType' object has no attribute 'bytes_at'
2025-06-21 05:25:44,768 [INFO] RDA core analysis for sub_427360 finished in 5s
2025-06-21 05:25:44,824 [INFO] Analyzing predecessor function update_resolvconf at 0x40fd64 | XRefs: [<CFGNode update_resolvconf+0xe58 [28]>, <CFGNode update_resolvconf+0xf1c [28]>, <CFGNode update_resolvconf+0xf60 [28]>, <CFGNode update_resolvconf+0x814 [28]>, <CFGNode update_resolvconf+0x878 [28]>, <CFGNode update_resolvconf+0xab8 [28]>, <CFGNode update_resolvconf+0xb54 [28]>, <CFGNode update_resolvconf+0x1cc [28]>, <CFGNode update_resolvconf+0x234 [28]>, <CFGNode update_resolvconf+0x474 [28]>, <CFGNode update_resolvconf+0x510 [28]>]
2025-06-21 05:25:44,832 [ERROR] Error analyzing function sub_45e250 (addr=0x45e250): list index out of range
Traceback (most recent call last):
  File "/home/SGTaint/tool/SGGraph/base.py", line 271, in rda_analyze
    result = run_function_with_timeout(self.rda_analyze_core, args=(caller_func,), timeout=20000)
  File "/home/SGTaint/tool/BugFinder/utils.py", line 613, in run_function_with_timeout
    raise data
IndexError: list index out of range
2025-06-21 05:25:44,833 [INFO] Analyzing predecessor function sub_464a54 at 0x464a54 | XRefs: [<CFGNode 0x464da8[28]>, <CFGNode 0x465070[28]>, <CFGNode 0x4650b4[28]>, <CFGNode 0x46527c[28]>, <CFGNode 0x465374[28]>, <CFGNode 0x46547c[28]>, <CFGNode 0x465598[28]>, <CFGNode 0x4655dc[28]>]
2025-06-21 05:25:44,858 [INFO] Starting RDA core analysis for function update_resolvconf at 0x40fd64
2025-06-21 05:25:44,871 [INFO] Starting RDA core analysis for function sub_464a54 at 0x464a54
2025-06-21 05:25:54,720 [ERROR] Error analyzing function sub_464a54 (addr=0x464a54): list index out of range
Traceback (most recent call last):
  File "/home/SGTaint/tool/SGGraph/base.py", line 271, in rda_analyze
    result = run_function_with_timeout(self.rda_analyze_core, args=(caller_func,), timeout=20000)
  File "/home/SGTaint/tool/BugFinder/utils.py", line 613, in run_function_with_timeout
    raise data
IndexError: list index out of range
2025-06-21 05:25:54,721 [INFO] Analyzing predecessor function sub_455058 at 0x455058 | XRefs: [<CFGNode 0x4553a8[36]>]
2025-06-21 05:25:54,760 [INFO] Starting RDA core analysis for function sub_455058 at 0x455058
2025-06-21 05:26:15,824 [INFO] RDA core analysis for update_resolvconf finished in 30s
2025-06-21 05:26:15,976 [INFO] Analyzing predecessor function start_dev_mgt_link at 0x429570 | XRefs: [<CFGNode start_dev_mgt_link+0x6bc [36]>, <CFGNode start_dev_mgt_link+0x754 [36]>]
2025-06-21 05:26:16,006 [INFO] Starting RDA core analysis for function start_dev_mgt_link at 0x429570
2025-06-21 05:26:35,974 [INFO] RDA core analysis for start_dev_mgt_link finished in 19s
2025-06-21 05:26:36,115 [INFO] Analyzing predecessor function sub_404170 at 0x404170 | XRefs: [<CFGNode 0x40432c[36]>, <CFGNode 0x4042d4[36]>, <CFGNode 0x4042f8[40]>, <CFGNode 0x40457c[40]>, <CFGNode 0x404518[36]>, <CFGNode 0x404350[40]>, <CFGNode 0x40441c[40]>, <CFGNode 0x404484[40]>, <CFGNode 0x40466c[40]>, <CFGNode 0x404734[36]>, <CFGNode 0x4047f8[36]>]
2025-06-21 05:26:36,144 [INFO] Starting RDA core analysis for function sub_404170 at 0x404170
2025-06-21 05:26:41,354 [INFO] RDA core analysis for sub_404170 finished in 5s
2025-06-21 05:26:41,408 [INFO] Analyzing predecessor function sub_40c974 at 0x40c974 | XRefs: [<CFGNode 0x40c9bc[32]>]
2025-06-21 05:26:41,434 [INFO] Starting RDA core analysis for function sub_40c974 at 0x40c974
2025-06-21 05:26:42,309 [INFO] RDA core analysis for sub_40c974 finished in 0s
2025-06-21 05:26:42,352 [INFO] Analyzing predecessor function sub_449974 at 0x449974 | XRefs: [<CFGNode 0x44a980[32]>, <CFGNode 0x44a3c4[40]>, <CFGNode 0x44a554[40]>, <CFGNode 0x44a594[36]>, <CFGNode 0x44a5d8[36]>, <CFGNode 0x44a61c[36]>, <CFGNode 0x44a690[36]>, <CFGNode 0x44a660[36]>]
2025-06-21 05:26:42,377 [INFO] Starting RDA core analysis for function sub_449974 at 0x449974
2025-06-21 05:26:44,390 [ERROR] Error analyzing function TW_Anti_DOS_Config (addr=0x4103e8): 'ConditionalJump' object has no attribute 'args'
Traceback (most recent call last):
  File "/home/SGTaint/tool/SGGraph/base.py", line 271, in rda_analyze
    result = run_function_with_timeout(self.rda_analyze_core, args=(caller_func,), timeout=20000)
  File "/home/SGTaint/tool/BugFinder/utils.py", line 613, in run_function_with_timeout
    raise data
AttributeError: 'ConditionalJump' object has no attribute 'args'
2025-06-21 05:26:44,391 [INFO] Analyzing predecessor function tw_wl_guest_cafestyle at 0x4186e8 | XRefs: [<CFGNode tw_wl_guest_cafestyle+0x74 [52]>, <CFGNode tw_wl_guest_cafestyle+0xec [20]>, <CFGNode tw_wl_guest_cafestyle+0x144 [52]>, <CFGNode tw_wl_guest_cafestyle+0x22c [52]>, <CFGNode tw_wl_guest_cafestyle+0x2a4 [36]>, <CFGNode tw_wl_guest_cafestyle+0x30c [44]>, <CFGNode tw_wl_guest_cafestyle+0x37c [28]>, <CFGNode tw_wl_guest_cafestyle+0x3dc [20]>]
2025-06-21 05:26:44,430 [INFO] Starting RDA core analysis for function tw_wl_guest_cafestyle at 0x4186e8
2025-06-21 05:26:50,503 [INFO] RDA core analysis for tw_wl_guest_cafestyle finished in 6s
2025-06-21 05:26:50,559 [INFO] Analyzing predecessor function parse_parental_control_rules at 0x41e06c | XRefs: [<CFGNode parse_parental_control_rules [120]>, <CFGNode parse_parental_control_rules+0xa4 [20]>]
2025-06-21 05:26:50,592 [INFO] Starting RDA core analysis for function parse_parental_control_rules at 0x41e06c
2025-06-21 05:26:52,791 [ERROR] Error analyzing function sub_455058 (addr=0x455058): list index out of range
Traceback (most recent call last):
  File "/home/SGTaint/tool/SGGraph/base.py", line 271, in rda_analyze
    result = run_function_with_timeout(self.rda_analyze_core, args=(caller_func,), timeout=20000)
  File "/home/SGTaint/tool/BugFinder/utils.py", line 613, in run_function_with_timeout
    raise data
IndexError: list index out of range
2025-06-21 05:26:52,792 [INFO] Analyzing predecessor function sub_426c5c at 0x426c5c | XRefs: [<CFGNode 0x426c98[32]>]
2025-06-21 05:26:52,834 [INFO] Starting RDA core analysis for function sub_426c5c at 0x426c5c
2025-06-21 05:26:53,559 [INFO] RDA core analysis for sub_426c5c finished in 0s
2025-06-21 05:26:53,607 [INFO] Analyzing predecessor function sub_42de5c at 0x42de5c | XRefs: [<CFGNode 0x42de5c[120]>, <CFGNode 0x42ded4[36]>, <CFGNode 0x42def8[36]>, <CFGNode 0x42df1c[36]>, <CFGNode 0x42df40[36]>]
2025-06-21 05:26:53,647 [INFO] Starting RDA core analysis for function sub_42de5c at 0x42de5c
2025-06-21 05:26:56,162 [ERROR] Error analyzing function sub_42de5c (addr=0x42de5c): list index out of range
Traceback (most recent call last):
  File "/home/SGTaint/tool/SGGraph/base.py", line 271, in rda_analyze
    result = run_function_with_timeout(self.rda_analyze_core, args=(caller_func,), timeout=20000)
  File "/home/SGTaint/tool/BugFinder/utils.py", line 613, in run_function_with_timeout
    raise data
IndexError: list index out of range
2025-06-21 05:26:56,163 [INFO] Analyzing predecessor function sub_43426c at 0x43426c | XRefs: [<CFGNode 0x43426c[64]>, <CFGNode 0x4342ec[28]>, <CFGNode 0x434334[28]>, <CFGNode 0x43437c[28]>]
2025-06-21 05:26:56,201 [INFO] Starting RDA core analysis for function sub_43426c at 0x43426c
2025-06-21 05:26:57,144 [INFO] RDA core analysis for sub_43426c finished in 0s
2025-06-21 05:26:57,202 [INFO] Analyzing predecessor function sub_47346c at 0x47346c | XRefs: [<CFGNode 0x4736d0[28]>, <CFGNode 0x473810[28]>, <CFGNode 0x473854[28]>, <CFGNode 0x473898[28]>, <CFGNode 0x4738dc[28]>, <CFGNode 0x473920[28]>, <CFGNode 0x473964[28]>, <CFGNode 0x4739e8[28]>, <CFGNode 0x473a70[32]>, <CFGNode 0x473b78[28]>, <CFGNode 0x473b94[36]>, <CFGNode 0x473bb8[36]>, <CFGNode 0x473bdc[36]>, <CFGNode 0x473d1c[28]>, <CFGNode 0x473d60[28]>, <CFGNode 0x473da4[28]>, <CFGNode 0x473de8[28]>, <CFGNode 0x473e2c[28]>, <CFGNode 0x473e70[28]>, <CFGNode 0x473ef4[28]>, <CFGNode 0x473f7c[32]>, <CFGNode 0x474084[28]>, <CFGNode 0x4740a0[36]>, <CFGNode 0x4740c4[36]>, <CFGNode 0x4740e8[36]>]
2025-06-21 05:26:57,242 [INFO] Starting RDA core analysis for function sub_47346c at 0x47346c
2025-06-21 05:27:02,529 [INFO] RDA core analysis for parse_parental_control_rules finished in 11s
2025-06-21 05:27:02,659 [INFO] Analyzing predecessor function QOS_start at 0x433e6c | XRefs: [<CFGNode QOS_start [60]>]
2025-06-21 05:27:02,697 [INFO] Starting RDA core analysis for function QOS_start at 0x433e6c
2025-06-21 05:27:06,102 [INFO] RDA core analysis for sub_449974 finished in 23s
2025-06-21 05:27:06,249 [INFO] Analyzing predecessor function start_igmp_proxy at 0x43a578 | XRefs: [<CFGNode start_igmp_proxy+0x520 [72]>]
2025-06-21 05:27:06,281 [INFO] Starting RDA core analysis for function start_igmp_proxy at 0x43a578
2025-06-21 05:27:06,760 [INFO] RDA core analysis for QOS_start finished in 4s
2025-06-21 05:27:06,812 [INFO] Analyzing predecessor function tw_set_timezone at 0x41556c | XRefs: [<CFGNode tw_set_timezone+0x34 [28]>]
2025-06-21 05:27:06,845 [INFO] Starting RDA core analysis for function tw_set_timezone at 0x41556c
2025-06-21 05:27:07,567 [INFO] RDA core analysis for tw_set_timezone finished in 0s
2025-06-21 05:27:07,613 [INFO] Analyzing predecessor function tw_lanip_reserve_check at 0x4157f0 | XRefs: [<CFGNode tw_lanip_reserve_check+0x1f4 [16]>]
2025-06-21 05:27:07,644 [INFO] Starting RDA core analysis for function tw_lanip_reserve_check at 0x4157f0
2025-06-21 05:27:07,837 [ERROR] Error analyzing function sub_47346c (addr=0x47346c): list index out of range
Traceback (most recent call last):
  File "/home/SGTaint/tool/SGGraph/base.py", line 271, in rda_analyze
    result = run_function_with_timeout(self.rda_analyze_core, args=(caller_func,), timeout=20000)
  File "/home/SGTaint/tool/BugFinder/utils.py", line 613, in run_function_with_timeout
    raise data
IndexError: list index out of range
2025-06-21 05:27:07,838 [INFO] Analyzing predecessor function sub_44e870 at 0x44e870 | XRefs: [<CFGNode 0x44e91c[156]>]
2025-06-21 05:27:07,877 [INFO] Starting RDA core analysis for function sub_44e870 at 0x44e870
2025-06-21 05:27:12,478 [ERROR] Error analyzing function tw_lanip_reserve_check (addr=0x4157f0): 'ConditionalJump' object has no attribute 'args'
Traceback (most recent call last):
  File "/home/SGTaint/tool/SGGraph/base.py", line 271, in rda_analyze
    result = run_function_with_timeout(self.rda_analyze_core, args=(caller_func,), timeout=20000)
  File "/home/SGTaint/tool/BugFinder/utils.py", line 613, in run_function_with_timeout
    raise data
AttributeError: 'ConditionalJump' object has no attribute 'args'
2025-06-21 05:27:12,479 [INFO] Analyzing predecessor function alg_pptpcommit_handler at 0x419270 | XRefs: [<CFGNode alg_pptpcommit_handler+0x120 [20]>, <CFGNode alg_pptpcommit_handler+0x160 [20]>, <CFGNode alg_pptpcommit_handler+0x174 [28]>, <CFGNode alg_pptpcommit_handler+0x134 [28]>]
2025-06-21 05:27:12,512 [INFO] Starting RDA core analysis for function alg_pptpcommit_handler at 0x419270
2025-06-21 05:27:12,807 [INFO] RDA core analysis for start_igmp_proxy finished in 6s
2025-06-21 05:27:12,873 [INFO] Analyzing predecessor function setup_passwd at 0x457f7c | XRefs: [<CFGNode setup_passwd+0x280 [32]>, <CFGNode setup_passwd+0x238 [36]>, <CFGNode setup_passwd+0x2a0 [36]>, <CFGNode setup_passwd+0x2c4 [36]>, <CFGNode setup_passwd+0x2e8 [36]>]
2025-06-21 05:27:12,901 [INFO] Starting RDA core analysis for function setup_passwd at 0x457f7c
2025-06-21 05:27:13,573 [INFO] RDA core analysis for alg_pptpcommit_handler finished in 1s
2025-06-21 05:27:13,622 [INFO] Analyzing predecessor function sub_415ff0 at 0x415ff0 | XRefs: [<CFGNode 0x41618c[40]>]
2025-06-21 05:27:13,653 [INFO] Starting RDA core analysis for function sub_415ff0 at 0x415ff0
2025-06-21 05:27:14,217 [INFO] RDA core analysis for setup_passwd finished in 1s
2025-06-21 05:27:14,221 [ERROR] Error analyzing function sub_44e870 (addr=0x44e870): list index out of range
Traceback (most recent call last):
  File "/home/SGTaint/tool/SGGraph/base.py", line 271, in rda_analyze
    result = run_function_with_timeout(self.rda_analyze_core, args=(caller_func,), timeout=20000)
  File "/home/SGTaint/tool/BugFinder/utils.py", line 613, in run_function_with_timeout
    raise data
IndexError: list index out of range
2025-06-21 05:27:14,222 [INFO] Analyzing predecessor function sub_46c480 at 0x46c480 | XRefs: [<CFGNode 0x46c764[28]>, <CFGNode 0x46c818[28]>, <CFGNode 0x46c85c[28]>, <CFGNode 0x46c8a0[28]>, <CFGNode 0x46c8e4[28]>, <CFGNode 0x46ca88[28]>, <CFGNode 0x46cacc[28]>, <CFGNode 0x46cb10[28]>, <CFGNode 0x46cbc4[28]>, <CFGNode 0x46ccc0[28]>, <CFGNode 0x46ce14[28]>, <CFGNode 0x46ce30[36]>, <CFGNode 0x46ce54[36]>, <CFGNode 0x46ce78[36]>, <CFGNode 0x46cfb4[28]>, <CFGNode 0x46cff8[28]>, <CFGNode 0x46d03c[28]>, <CFGNode 0x46d080[28]>, <CFGNode 0x46d198[28]>, <CFGNode 0x46d1dc[28]>, <CFGNode 0x46d220[28]>, <CFGNode 0x46d2d4[28]>, <CFGNode 0x46d3d0[28]>, <CFGNode 0x46d524[28]>, <CFGNode 0x46d540[36]>, <CFGNode 0x46d564[36]>, <CFGNode 0x46d588[36]>, <CFGNode 0x46cf20[28]>]
2025-06-21 05:27:14,260 [INFO] Starting RDA core analysis for function sub_46c480 at 0x46c480
2025-06-21 05:27:14,274 [INFO] Analyzing predecessor function sub_453584 at 0x453584 | XRefs: [<CFGNode 0x4538d8[32]>, <CFGNode 0x453a64[36]>, <CFGNode 0x45385c[32]>, <CFGNode 0x453b28[32]>, <CFGNode 0x453b94[36]>, <CFGNode 0x453c10[32]>, <CFGNode 0x453f3c[40]>, <CFGNode 0x454004[36]>, <CFGNode 0x453fd4[36]>, <CFGNode 0x4540cc[40]>, <CFGNode 0x4543d8[36]>]
2025-06-21 05:27:14,307 [INFO] Starting RDA core analysis for function sub_453584 at 0x453584
2025-06-21 05:27:17,495 [INFO] RDA core analysis for sub_415ff0 finished in 3s
2025-06-21 05:27:17,547 [INFO] Analyzing predecessor function Qos_init_sw_rules at 0x43307c | XRefs: [<CFGNode Qos_init_sw_rules+0x284 [24]>, <CFGNode Qos_init_sw_rules+0x2bc [24]>, <CFGNode Qos_init_sw_rules+0x2f8 [24]>, <CFGNode Qos_init_sw_rules+0x334 [24]>, <CFGNode Qos_init_sw_rules+0x370 [24]>, <CFGNode Qos_init_sw_rules+0x3ac [24]>, <CFGNode Qos_init_sw_rules+0x3e4 [24]>, <CFGNode Qos_init_sw_rules+0x41c [24]>, <CFGNode Qos_init_sw_rules+0x454 [24]>, <CFGNode Qos_init_sw_rules+0x48c [24]>, <CFGNode Qos_init_sw_rules+0x4c4 [24]>, <CFGNode Qos_init_sw_rules+0x4fc [24]>, <CFGNode Qos_init_sw_rules+0x534 [24]>, <CFGNode Qos_init_sw_rules+0x56c [24]>, <CFGNode Qos_init_sw_rules+0x5a4 [24]>, <CFGNode Qos_init_sw_rules+0x5dc [24]>, <CFGNode Qos_init_sw_rules+0x618 [24]>, <CFGNode Qos_init_sw_rules+0x654 [24]>, <CFGNode Qos_init_sw_rules+0x690 [24]>, <CFGNode Qos_init_sw_rules+0x6cc [28]>, <CFGNode Qos_init_sw_rules+0x708 [24]>, <CFGNode Qos_init_sw_rules+0x740 [24]>, <CFGNode Qos_init_sw_rules+0x778 [24]>, <CFGNode Qos_init_sw_rules+0x7b0 [24]>, <CFGNode Qos_init_sw_rules+0x7e8 [24]>, <CFGNode Qos_init_sw_rules+0x820 [24]>, <CFGNode Qos_init_sw_rules+0x858 [24]>, <CFGNode Qos_init_sw_rules+0x890 [24]>, <CFGNode Qos_init_sw_rules+0xb18 [24]>, <CFGNode Qos_init_sw_rules+0xb5c [24]>]
2025-06-21 05:27:17,581 [INFO] Starting RDA core analysis for function Qos_init_sw_rules at 0x43307c
2025-06-21 05:27:34,988 [ERROR] Error analyzing function Qos_init_sw_rules (addr=0x43307c): list index out of range
Traceback (most recent call last):
  File "/home/SGTaint/tool/SGGraph/base.py", line 271, in rda_analyze
    result = run_function_with_timeout(self.rda_analyze_core, args=(caller_func,), timeout=20000)
  File "/home/SGTaint/tool/BugFinder/utils.py", line 613, in run_function_with_timeout
    raise data
IndexError: list index out of range
2025-06-21 05:27:34,989 [INFO] Analyzing predecessor function miniupnpd at 0x420e74 | XRefs: [<CFGNode miniupnpd+0x8c [56]>]
2025-06-21 05:27:35,027 [INFO] Starting RDA core analysis for function miniupnpd at 0x420e74
2025-06-21 05:27:35,032 [ERROR] Error analyzing function sub_46c480 (addr=0x46c480): list index out of range
Traceback (most recent call last):
  File "/home/SGTaint/tool/SGGraph/base.py", line 271, in rda_analyze
    result = run_function_with_timeout(self.rda_analyze_core, args=(caller_func,), timeout=20000)
  File "/home/SGTaint/tool/BugFinder/utils.py", line 613, in run_function_with_timeout
    raise data
IndexError: list index out of range
2025-06-21 05:27:35,033 [INFO] Analyzing predecessor function sub_41f288 at 0x41f288 | XRefs: [<CFGNode 0x41f288[56]>]
2025-06-21 05:27:35,074 [INFO] Starting RDA core analysis for function sub_41f288 at 0x41f288
2025-06-21 05:27:35,630 [INFO] RDA core analysis for sub_41f288 finished in 0s
2025-06-21 05:27:35,677 [INFO] Analyzing predecessor function sub_45cc88 at 0x45cc88 | XRefs: [<CFGNode 0x45ce24[80]>, <CFGNode 0x45ce74[36]>, <CFGNode 0x45ce98[36]>]
2025-06-21 05:27:35,716 [INFO] Starting RDA core analysis for function sub_45cc88 at 0x45cc88
2025-06-21 05:27:36,088 [INFO] RDA core analysis for miniupnpd finished in 1s
2025-06-21 05:27:36,128 [INFO] Analyzing predecessor function REMOTEMANGE_run at 0x42c170 | XRefs: [<CFGNode REMOTEMANGE_run+0x914 [32]>, <CFGNode REMOTEMANGE_run+0x9c8 [32]>, <CFGNode REMOTEMANGE_run+0xa58 [24]>]
2025-06-21 05:27:36,161 [INFO] Starting RDA core analysis for function REMOTEMANGE_run at 0x42c170
2025-06-21 05:27:37,772 [ERROR] Error analyzing function sub_45cc88 (addr=0x45cc88): list index out of range
Traceback (most recent call last):
  File "/home/SGTaint/tool/SGGraph/base.py", line 271, in rda_analyze
    result = run_function_with_timeout(self.rda_analyze_core, args=(caller_func,), timeout=20000)
  File "/home/SGTaint/tool/BugFinder/utils.py", line 613, in run_function_with_timeout
    raise data
IndexError: list index out of range
2025-06-21 05:27:37,775 [INFO] Analyzing predecessor function sub_45f28c at 0x45f28c | XRefs: [<CFGNode 0x46174c[32]>, <CFGNode 0x460f68[32]>, <CFGNode 0x46082c[32]>, <CFGNode 0x460030[32]>, <CFGNode 0x45f808[32]>]
2025-06-21 05:27:37,812 [INFO] Starting RDA core analysis for function sub_45f28c at 0x45f28c
2025-06-21 05:27:58,692 [ERROR] Error analyzing function REMOTEMANGE_run (addr=0x42c170): 'ConditionalJump' object has no attribute 'args'
Traceback (most recent call last):
  File "/home/SGTaint/tool/SGGraph/base.py", line 271, in rda_analyze
    result = run_function_with_timeout(self.rda_analyze_core, args=(caller_func,), timeout=20000)
  File "/home/SGTaint/tool/BugFinder/utils.py", line 613, in run_function_with_timeout
    raise data
AttributeError: 'ConditionalJump' object has no attribute 'args'
2025-06-21 05:27:58,693 [INFO] Analyzing predecessor function TW_get_wan_ipaddr at 0x40f370 | XRefs: [<CFGNode TW_get_wan_ipaddr+0xac [24]>]
2025-06-21 05:27:58,734 [INFO] Starting RDA core analysis for function TW_get_wan_ipaddr at 0x40f370
2025-06-21 05:27:59,387 [INFO] RDA core analysis for TW_get_wan_ipaddr finished in 0s
2025-06-21 05:27:59,425 [INFO] Analyzing predecessor function stupidftp_ruleCreate at 0x41a6f4 | XRefs: [<CFGNode stupidftp_ruleCreate+0x3d0 [36]>]
2025-06-21 05:27:59,456 [INFO] Starting RDA core analysis for function stupidftp_ruleCreate at 0x41a6f4
2025-06-21 05:28:03,832 [ERROR] Error analyzing function stupidftp_ruleCreate (addr=0x41a6f4): 'ConditionalJump' object has no attribute 'args'
Traceback (most recent call last):
  File "/home/SGTaint/tool/SGGraph/base.py", line 271, in rda_analyze
    result = run_function_with_timeout(self.rda_analyze_core, args=(caller_func,), timeout=20000)
  File "/home/SGTaint/tool/BugFinder/utils.py", line 613, in run_function_with_timeout
    raise data
AttributeError: 'ConditionalJump' object has no attribute 'args'
2025-06-21 05:28:03,833 [INFO] Analyzing predecessor function tw_set_dstoffset at 0x4153fc | XRefs: [<CFGNode tw_set_dstoffset+0x4c [28]>, <CFGNode tw_set_dstoffset+0xb4 [20]>]
2025-06-21 05:28:03,864 [INFO] Starting RDA core analysis for function tw_set_dstoffset at 0x4153fc
2025-06-21 05:28:04,831 [INFO] RDA core analysis for tw_set_dstoffset finished in 0s
2025-06-21 05:28:04,869 [INFO] Analyzing predecessor function Gobi_SelectBand at 0x42427c | XRefs: [<CFGNode Gobi_SelectBand+0xfc [20]>, <CFGNode Gobi_SelectBand+0x11c [16]>]
2025-06-21 05:28:04,900 [INFO] Starting RDA core analysis for function Gobi_SelectBand at 0x42427c
2025-06-21 05:28:08,511 [INFO] RDA core analysis for Gobi_SelectBand finished in 3s
2025-06-21 05:28:08,558 [INFO] Analyzing predecessor function kill_pidfile_s at 0x40af0c | XRefs: [<CFGNode kill_pidfile_s+0x40 [20]>]
2025-06-21 05:28:08,590 [INFO] Starting RDA core analysis for function kill_pidfile_s at 0x40af0c
2025-06-21 05:28:09,328 [INFO] RDA core analysis for kill_pidfile_s finished in 0s
2025-06-21 05:28:09,365 [INFO] Analyzing predecessor function getIfIpv6addr at 0x40788c | XRefs: [<CFGNode getIfIpv6addr+0xd4 [28]>]
2025-06-21 05:28:09,396 [INFO] Starting RDA core analysis for function getIfIpv6addr at 0x40788c
2025-06-21 05:28:11,626 [INFO] RDA core analysis for getIfIpv6addr finished in 2s
2025-06-21 05:28:11,670 [INFO] Analyzing predecessor function sub_418b10 at 0x418b10 | XRefs: [<CFGNode 0x418b58[20]>]
2025-06-21 05:28:11,701 [INFO] Starting RDA core analysis for function sub_418b10 at 0x418b10
2025-06-21 05:28:12,427 [INFO] RDA core analysis for sub_418b10 finished in 0s
2025-06-21 05:28:12,463 [INFO] Analyzing predecessor function USBWAN_find_card_switch_file at 0x424f9c | XRefs: [<CFGNode USBWAN_find_card_switch_file+0x194 [20]>, <CFGNode USBWAN_find_card_switch_file+0x1ec [20]>]
2025-06-21 05:28:12,489 [INFO] Starting RDA core analysis for function USBWAN_find_card_switch_file at 0x424f9c
2025-06-21 05:28:16,580 [ERROR] Error analyzing function USBWAN_find_card_switch_file (addr=0x424f9c): 'ConditionalJump' object has no attribute 'args'
Traceback (most recent call last):
  File "/home/SGTaint/tool/SGGraph/base.py", line 271, in rda_analyze
    result = run_function_with_timeout(self.rda_analyze_core, args=(caller_func,), timeout=20000)
  File "/home/SGTaint/tool/BugFinder/utils.py", line 613, in run_function_with_timeout
    raise data
AttributeError: 'ConditionalJump' object has no attribute 'args'
2025-06-21 05:28:16,581 [INFO] Analyzing predecessor function Gobi_QcnVersion at 0x4240a4 | XRefs: [<CFGNode Gobi_QcnVersion+0x98 [20]>]
2025-06-21 05:28:16,606 [INFO] Starting RDA core analysis for function Gobi_QcnVersion at 0x4240a4
2025-06-21 05:28:18,998 [INFO] RDA core analysis for Gobi_QcnVersion finished in 2s
2025-06-21 05:28:19,039 [INFO] Analyzing predecessor function getFlashContentByOffset at 0x40bc28 | XRefs: [<CFGNode getFlashContentByOffset [108]>]
2025-06-21 05:28:19,064 [INFO] Starting RDA core analysis for function getFlashContentByOffset at 0x40bc28
2025-06-21 05:28:19,962 [INFO] RDA core analysis for getFlashContentByOffset finished in 0s
2025-06-21 05:28:19,999 [INFO] Analyzing predecessor function kill_pidfile at 0x40ae28 | XRefs: [<CFGNode kill_pidfile+0x38 [20]>]
2025-06-21 05:28:20,025 [INFO] Starting RDA core analysis for function kill_pidfile at 0x40ae28
2025-06-21 05:28:20,333 [ERROR] Error analyzing function sub_45f28c (addr=0x45f28c): list index out of range
Traceback (most recent call last):
  File "/home/SGTaint/tool/SGGraph/base.py", line 271, in rda_analyze
    result = run_function_with_timeout(self.rda_analyze_core, args=(caller_func,), timeout=20000)
  File "/home/SGTaint/tool/BugFinder/utils.py", line 613, in run_function_with_timeout
    raise data
IndexError: list index out of range
2025-06-21 05:28:20,334 [INFO] Analyzing predecessor function ModifySyslogServerIpNetAddr at 0x42ec9c | XRefs: [<CFGNode ModifySyslogServerIpNetAddr+0x1e0 [36]>, <CFGNode ModifySyslogServerIpNetAddr+0x1b0 [36]>]
2025-06-21 05:28:20,374 [INFO] Starting RDA core analysis for function ModifySyslogServerIpNetAddr at 0x42ec9c
2025-06-21 05:28:20,706 [INFO] RDA core analysis for kill_pidfile finished in 0s
2025-06-21 05:28:20,742 [INFO] Analyzing predecessor function Gobi_FwVersion at 0x423eb0 | XRefs: [<CFGNode Gobi_FwVersion+0x8c [20]>]
2025-06-21 05:28:20,768 [INFO] Starting RDA core analysis for function Gobi_FwVersion at 0x423eb0
2025-06-21 05:28:23,591 [INFO] RDA core analysis for Gobi_FwVersion finished in 2s
2025-06-21 05:28:23,635 [INFO] Analyzing predecessor function detect_process at 0x40b8bc | XRefs: [<CFGNode detect_process+0x3c [32]>]
2025-06-21 05:28:23,661 [INFO] Starting RDA core analysis for function detect_process at 0x40b8bc
2025-06-21 05:28:24,292 [INFO] RDA core analysis for ModifySyslogServerIpNetAddr finished in 3s
2025-06-21 05:28:24,362 [INFO] Analyzing predecessor function sub_485ea0 at 0x485ea0 | XRefs: [<CFGNode 0x485f00[36]>]
2025-06-21 05:28:24,399 [INFO] Starting RDA core analysis for function sub_485ea0 at 0x485ea0
2025-06-21 05:28:24,816 [INFO] RDA core analysis for detect_process finished in 1s
2025-06-21 05:28:24,854 [INFO] Analyzing predecessor function Gobi_SimCard at 0x4223c0 | XRefs: [<CFGNode Gobi_SimCard+0x8c [20]>]
2025-06-21 05:28:24,880 [INFO] Starting RDA core analysis for function Gobi_SimCard at 0x4223c0
2025-06-21 05:28:25,971 [ERROR] Error analyzing function sub_485ea0 (addr=0x485ea0): list index out of range
Traceback (most recent call last):
  File "/home/SGTaint/tool/SGGraph/base.py", line 271, in rda_analyze
    result = run_function_with_timeout(self.rda_analyze_core, args=(caller_func,), timeout=20000)
  File "/home/SGTaint/tool/BugFinder/utils.py", line 613, in run_function_with_timeout
    raise data
IndexError: list index out of range
2025-06-21 05:28:25,972 [INFO] Analyzing predecessor function sub_4436a8 at 0x4436a8 | XRefs: [<CFGNode 0x4436a8[124]>, <CFGNode 0x443754[32]>, <CFGNode 0x4438d4[28]>, <CFGNode 0x4438f0[36]>]
2025-06-21 05:28:26,009 [INFO] Starting RDA core analysis for function sub_4436a8 at 0x4436a8
2025-06-21 05:28:26,684 [INFO] RDA core analysis for Gobi_SimCard finished in 1s
2025-06-21 05:28:26,723 [INFO] Analyzing predecessor function get_pid_by_name at 0x409648 | XRefs: [<CFGNode get_pid_by_name+0xa8 [20]>]
2025-06-21 05:28:26,748 [INFO] Starting RDA core analysis for function get_pid_by_name at 0x409648
2025-06-21 05:28:28,499 [INFO] RDA core analysis for get_pid_by_name finished in 1s
2025-06-21 05:28:28,539 [INFO] Analyzing predecessor function get_meminfo_item at 0x40a6e8 | XRefs: [<CFGNode get_meminfo_item+0x7c [20]>]
2025-06-21 05:28:28,565 [INFO] Starting RDA core analysis for function get_meminfo_item at 0x40a6e8
2025-06-21 05:28:28,629 [ERROR] Error analyzing function sub_4436a8 (addr=0x4436a8): list index out of range
Traceback (most recent call last):
  File "/home/SGTaint/tool/SGGraph/base.py", line 271, in rda_analyze
    result = run_function_with_timeout(self.rda_analyze_core, args=(caller_func,), timeout=20000)
  File "/home/SGTaint/tool/BugFinder/utils.py", line 613, in run_function_with_timeout
    raise data
IndexError: list index out of range
2025-06-21 05:28:28,630 [INFO] Analyzing predecessor function sub_4386ac at 0x4386ac | XRefs: [<CFGNode 0x4386ac[108]>, <CFGNode 0x438718[36]>]
2025-06-21 05:28:28,667 [INFO] Starting RDA core analysis for function sub_4386ac at 0x4386ac
2025-06-21 05:28:29,520 [INFO] RDA core analysis for get_meminfo_item finished in 0s
2025-06-21 05:28:29,556 [INFO] Analyzing predecessor function Gobi_IMEI at 0x4225e8 | XRefs: [<CFGNode Gobi_IMEI+0x98 [20]>]
2025-06-21 05:28:29,587 [INFO] Starting RDA core analysis for function Gobi_IMEI at 0x4225e8
2025-06-21 05:28:30,678 [ERROR] Error analyzing function sub_4386ac (addr=0x4386ac): list index out of range
Traceback (most recent call last):
  File "/home/SGTaint/tool/SGGraph/base.py", line 271, in rda_analyze
    result = run_function_with_timeout(self.rda_analyze_core, args=(caller_func,), timeout=20000)
  File "/home/SGTaint/tool/BugFinder/utils.py", line 613, in run_function_with_timeout
    raise data
IndexError: list index out of range
2025-06-21 05:28:30,679 [INFO] Analyzing predecessor function sub_44ceb0 at 0x44ceb0 | XRefs: [<CFGNode 0x44d00c[36]>]
2025-06-21 05:28:30,716 [INFO] Starting RDA core analysis for function sub_44ceb0 at 0x44ceb0
2025-06-21 05:28:32,625 [INFO] RDA core analysis for Gobi_IMEI finished in 3s
2025-06-21 05:28:32,674 [INFO] Analyzing predecessor function set_miniupnpd_config at 0x42086c | XRefs: [<CFGNode set_miniupnpd_config+0xd4 [28]>]
2025-06-21 05:28:32,703 [INFO] Starting RDA core analysis for function set_miniupnpd_config at 0x42086c
2025-06-21 05:28:35,456 [INFO] RDA core analysis for set_miniupnpd_config finished in 2s
2025-06-21 05:28:35,500 [INFO] Analyzing predecessor function Gobi_BandChannel at 0x424570 | XRefs: [<CFGNode Gobi_BandChannel+0x8c [20]>]
2025-06-21 05:28:35,531 [INFO] Starting RDA core analysis for function Gobi_BandChannel at 0x424570
2025-06-21 05:28:37,180 [ERROR] Error analyzing function sub_44ceb0 (addr=0x44ceb0): list index out of range
Traceback (most recent call last):
  File "/home/SGTaint/tool/SGGraph/base.py", line 271, in rda_analyze
    result = run_function_with_timeout(self.rda_analyze_core, args=(caller_func,), timeout=20000)
  File "/home/SGTaint/tool/BugFinder/utils.py", line 613, in run_function_with_timeout
    raise data
IndexError: list index out of range
2025-06-21 05:28:37,181 [INFO] Analyzing predecessor function sub_46a8b0 at 0x46a8b0 | XRefs: [<CFGNode 0x46aae4[28]>, <CFGNode 0x46abb4[28]>, <CFGNode 0x46acb0[28]>, <CFGNode 0x46ae04[28]>, <CFGNode 0x46ae20[36]>, <CFGNode 0x46ae44[36]>, <CFGNode 0x46ae68[36]>, <CFGNode 0x46af38[28]>, <CFGNode 0x46b034[28]>, <CFGNode 0x46b188[28]>, <CFGNode 0x46b1a4[36]>, <CFGNode 0x46b1c8[36]>, <CFGNode 0x46b1ec[36]>]
2025-06-21 05:28:37,221 [INFO] Starting RDA core analysis for function sub_46a8b0 at 0x46a8b0
2025-06-21 05:29:17,813 [INFO] RDA core analysis for Gobi_BandChannel finished in 42s
2025-06-21 05:29:17,857 [INFO] Analyzing predecessor function send_signal_to_pid at 0x40c77c | XRefs: [<CFGNode send_signal_to_pid+0x98 [20]>]
2025-06-21 05:29:17,888 [INFO] Starting RDA core analysis for function send_signal_to_pid at 0x40c77c
2025-06-21 05:29:19,172 [INFO] RDA core analysis for send_signal_to_pid finished in 1s
2025-06-21 05:29:19,212 [INFO] Analyzing predecessor function sub_404c14 at 0x404c14 | XRefs: [<CFGNode 0x404d40[56]>]
2025-06-21 05:29:19,243 [INFO] Starting RDA core analysis for function sub_404c14 at 0x404c14
2025-06-21 05:29:26,087 [ERROR] Error analyzing function sub_46a8b0 (addr=0x46a8b0): list index out of range
Traceback (most recent call last):
  File "/home/SGTaint/tool/SGGraph/base.py", line 271, in rda_analyze
    result = run_function_with_timeout(self.rda_analyze_core, args=(caller_func,), timeout=20000)
  File "/home/SGTaint/tool/BugFinder/utils.py", line 613, in run_function_with_timeout
    raise data
IndexError: list index out of range
2025-06-21 05:29:26,088 [INFO] Analyzing predecessor function sub_4540b4 at 0x4540b4 | XRefs: [<CFGNode 0x45457c[52]>, <CFGNode 0x45479c[56]>, <CFGNode 0x4547f8[52]>]
2025-06-21 05:29:26,126 [INFO] Starting RDA core analysis for function sub_4540b4 at 0x4540b4
2025-06-21 05:29:30,761 [ERROR] Error analyzing function sub_4540b4 (addr=0x4540b4): list index out of range
Traceback (most recent call last):
  File "/home/SGTaint/tool/SGGraph/base.py", line 271, in rda_analyze
    result = run_function_with_timeout(self.rda_analyze_core, args=(caller_func,), timeout=20000)
  File "/home/SGTaint/tool/BugFinder/utils.py", line 613, in run_function_with_timeout
    raise data
IndexError: list index out of range
2025-06-21 05:29:30,762 [INFO] Analyzing predecessor function sub_45f0b4 at 0x45f0b4 | XRefs: [<CFGNode 0x45f1dc[28]>]
2025-06-21 05:29:30,799 [INFO] Starting RDA core analysis for function sub_45f0b4 at 0x45f0b4
2025-06-21 05:29:32,406 [INFO] RDA core analysis for sub_45f0b4 finished in 1s
2025-06-21 05:29:32,469 [INFO] Analyzing predecessor function sub_42eeb8 at 0x42eeb8 | XRefs: [<CFGNode 0x42f0b4[32]>, <CFGNode 0x42f144[32]>, <CFGNode 0x42f1a8[32]>, <CFGNode 0x42f20c[32]>, <CFGNode 0x42f270[32]>, <CFGNode 0x42f2d4[32]>, <CFGNode 0x42f3a8[28]>]
2025-06-21 05:29:32,504 [INFO] Starting RDA core analysis for function sub_42eeb8 at 0x42eeb8
2025-06-21 05:29:35,389 [ERROR] Error analyzing function sub_404c14 (addr=0x404c14): 'NoneType' object has no attribute 'statements'
Traceback (most recent call last):
  File "/home/SGTaint/tool/SGGraph/base.py", line 271, in rda_analyze
    result = run_function_with_timeout(self.rda_analyze_core, args=(caller_func,), timeout=20000)
  File "/home/SGTaint/tool/BugFinder/utils.py", line 613, in run_function_with_timeout
    raise data
AttributeError: 'NoneType' object has no attribute 'statements'
2025-06-21 05:29:35,390 [INFO] Analyzing predecessor function set_nth_value_flash at 0x40b440 | XRefs: [<CFGNode set_nth_value_flash+0x60 [44]>]
2025-06-21 05:29:35,425 [INFO] Starting RDA core analysis for function set_nth_value_flash at 0x40b440
2025-06-21 05:29:36,250 [ERROR] Error analyzing function sub_42eeb8 (addr=0x42eeb8): list index out of range
Traceback (most recent call last):
  File "/home/SGTaint/tool/SGGraph/base.py", line 271, in rda_analyze
    result = run_function_with_timeout(self.rda_analyze_core, args=(caller_func,), timeout=20000)
  File "/home/SGTaint/tool/BugFinder/utils.py", line 613, in run_function_with_timeout
    raise data
IndexError: list index out of range
2025-06-21 05:29:36,251 [INFO] Analyzing predecessor function sub_471ac0 at 0x471ac0 | XRefs: [<CFGNode 0x471ce4[28]>, <CFGNode 0x471d44[28]>, <CFGNode 0x471d88[28]>, <CFGNode 0x471e3c[28]>, <CFGNode 0x471ee8[28]>, <CFGNode 0x471fec[28]>, <CFGNode 0x472008[36]>, <CFGNode 0x47202c[36]>, <CFGNode 0x472050[36]>, <CFGNode 0x4720b0[28]>, <CFGNode 0x4720f4[28]>, <CFGNode 0x4721a8[28]>, <CFGNode 0x472254[28]>, <CFGNode 0x472358[28]>, <CFGNode 0x472374[36]>, <CFGNode 0x472398[36]>, <CFGNode 0x4723bc[36]>]
2025-06-21 05:29:36,287 [INFO] Starting RDA core analysis for function sub_471ac0 at 0x471ac0
2025-06-21 05:29:38,787 [INFO] RDA core analysis for set_nth_value_flash finished in 3s
2025-06-21 05:29:38,834 [INFO] Analyzing predecessor function TW_StrReplace at 0x40b000 | XRefs: [<CFGNode TW_StrReplace+0xe8 [28]>, <CFGNode TW_StrReplace+0x104 [28]>]
2025-06-21 05:29:38,866 [INFO] Starting RDA core analysis for function TW_StrReplace at 0x40b000
2025-06-21 05:29:40,988 [INFO] RDA core analysis for TW_StrReplace finished in 2s
2025-06-21 05:29:41,028 [INFO] Analyzing predecessor function get_ifname_unit at 0x409a94 | XRefs: [<CFGNode get_ifname_unit+0xa0 [20]>]
2025-06-21 05:29:41,060 [INFO] Starting RDA core analysis for function get_ifname_unit at 0x409a94
2025-06-21 05:29:42,640 [INFO] RDA core analysis for get_ifname_unit finished in 1s
2025-06-21 05:29:42,682 [INFO] Analyzing predecessor function set_nth_value at 0x40b220 | XRefs: [<CFGNode set_nth_value+0x158 [16]>]
2025-06-21 05:29:42,713 [INFO] Starting RDA core analysis for function set_nth_value at 0x40b220
2025-06-21 05:29:44,855 [ERROR] Error analyzing function sub_471ac0 (addr=0x471ac0): list index out of range
Traceback (most recent call last):
  File "/home/SGTaint/tool/SGGraph/base.py", line 271, in rda_analyze
    result = run_function_with_timeout(self.rda_analyze_core, args=(caller_func,), timeout=20000)
  File "/home/SGTaint/tool/BugFinder/utils.py", line 613, in run_function_with_timeout
    raise data
IndexError: list index out of range
2025-06-21 05:29:44,856 [INFO] Analyzing predecessor function sub_47acc8 at 0x47acc8 | XRefs: [<CFGNode 0x47af50[44]>]
2025-06-21 05:29:44,892 [INFO] Starting RDA core analysis for function sub_47acc8 at 0x47acc8
2025-06-21 05:29:45,137 [INFO] RDA core analysis for set_nth_value finished in 2s
2025-06-21 05:29:45,179 [INFO] Analyzing predecessor function splitNvram at 0x40e838 | XRefs: [<CFGNode splitNvram+0x44 [24]>, <CFGNode splitNvram+0x94 [24]>, <CFGNode splitNvram+0xec [28]>]
2025-06-21 05:29:45,210 [INFO] Starting RDA core analysis for function splitNvram at 0x40e838
2025-06-21 05:29:46,564 [INFO] RDA core analysis for splitNvram finished in 1s
2025-06-21 05:29:46,603 [INFO] Analyzing predecessor function ipv6_lan_genulaprefix at 0x406860 | XRefs: [<CFGNode ipv6_lan_genulaprefix+0x104 [24]>]
2025-06-21 05:29:46,634 [INFO] Starting RDA core analysis for function ipv6_lan_genulaprefix at 0x406860
2025-06-21 05:29:47,729 [INFO] RDA core analysis for ipv6_lan_genulaprefix finished in 1s
2025-06-21 05:29:47,768 [INFO] Analyzing predecessor function psname at 0x40d600 | XRefs: [<CFGNode psname+0x38 [28]>]
2025-06-21 05:29:47,800 [INFO] Starting RDA core analysis for function psname at 0x40d600
2025-06-21 05:29:48,766 [INFO] RDA core analysis for psname finished in 0s
2025-06-21 05:29:48,805 [INFO] Analyzing predecessor function get_process_name_by_pid at 0x40ad04 | XRefs: [<CFGNode get_process_name_by_pid [60]>]
2025-06-21 05:29:48,837 [INFO] Starting RDA core analysis for function get_process_name_by_pid at 0x40ad04
2025-06-21 05:29:49,809 [INFO] RDA core analysis for get_process_name_by_pid finished in 0s
2025-06-21 05:29:49,848 [INFO] Analyzing predecessor function sub_418f04 at 0x418f04 | XRefs: [<CFGNode 0x418dec[60]>, <CFGNode 0x418ec8[24]>, <CFGNode 0x418e54[24]>, <CFGNode 0x418e84[20]>, <CFGNode 0x418c88[24]>, <CFGNode 0x418ca0[32]>, <CFGNode 0x418d78[24]>, <CFGNode 0x418cec[24]>, <CFGNode 0x418d04[32]>, <CFGNode 0x418d3c[28]>]
2025-06-21 05:29:49,879 [INFO] Starting RDA core analysis for function sub_418f04 at 0x418f04
2025-06-21 05:29:52,479 [ERROR] Error analyzing function sub_418f04 (addr=0x418f04): 'ConditionalJump' object has no attribute 'args'
Traceback (most recent call last):
  File "/home/SGTaint/tool/SGGraph/base.py", line 271, in rda_analyze
    result = run_function_with_timeout(self.rda_analyze_core, args=(caller_func,), timeout=20000)
  File "/home/SGTaint/tool/BugFinder/utils.py", line 613, in run_function_with_timeout
    raise data
AttributeError: 'ConditionalJump' object has no attribute 'args'
2025-06-21 05:29:52,479 [INFO] Analyzing predecessor function check_if_dir_writable at 0x40d320 | XRefs: [<CFGNode check_if_dir_writable+0x34 [20]>]
2025-06-21 05:29:52,511 [INFO] Starting RDA core analysis for function check_if_dir_writable at 0x40d320
2025-06-21 05:29:53,009 [INFO] RDA core analysis for check_if_dir_writable finished in 0s
2025-06-21 05:29:53,045 [INFO] Analyzing predecessor function ether_etoa at 0x4098ac | XRefs: [<CFGNode ether_etoa+0xb4 [16]>, <CFGNode ether_etoa+0x78 [16]>]
2025-06-21 05:29:53,077 [INFO] Starting RDA core analysis for function ether_etoa at 0x4098ac
2025-06-21 05:29:54,263 [ERROR] Error analyzing function ether_etoa (addr=0x4098ac): 'Jump' object has no attribute 'args'
Traceback (most recent call last):
  File "/home/SGTaint/tool/SGGraph/base.py", line 271, in rda_analyze
    result = run_function_with_timeout(self.rda_analyze_core, args=(caller_func,), timeout=20000)
  File "/home/SGTaint/tool/BugFinder/utils.py", line 613, in run_function_with_timeout
    raise data
AttributeError: 'Jump' object has no attribute 'args'
2025-06-21 05:29:54,264 [INFO] Analyzing predecessor function tw_add_static_route at 0x419730 | XRefs: [<CFGNode tw_add_static_route+0x54 [44]>, <CFGNode tw_add_static_route+0xb4 [44]>]
2025-06-21 05:29:54,296 [INFO] Starting RDA core analysis for function tw_add_static_route at 0x419730
2025-06-21 05:29:55,369 [INFO] RDA core analysis for tw_add_static_route finished in 1s
2025-06-21 05:29:55,416 [INFO] Analyzing predecessor function mac_check_and_change at 0x41683c | XRefs: [<CFGNode mac_check_and_change+0xa4 [60]>]
2025-06-21 05:29:55,446 [INFO] Starting RDA core analysis for function mac_check_and_change at 0x41683c
2025-06-21 05:29:56,346 [INFO] RDA core analysis for mac_check_and_change finished in 0s
2025-06-21 05:29:56,384 [INFO] Analyzing predecessor function getIfMac at 0x40b9fc | XRefs: [<CFGNode getIfMac+0x88 [60]>]
2025-06-21 05:29:56,416 [INFO] Starting RDA core analysis for function getIfMac at 0x40b9fc
2025-06-21 05:29:57,299 [INFO] RDA core analysis for getIfMac finished in 0s
2025-06-21 05:29:57,336 [INFO] Analyzing predecessor function file_lock at 0x40d3d0 | XRefs: [<CFGNode file_lock [52]>]
2025-06-21 05:29:57,368 [INFO] Starting RDA core analysis for function file_lock at 0x40d3d0
2025-06-21 05:29:58,565 [INFO] RDA core analysis for file_lock finished in 1s
2025-06-21 05:29:58,605 [INFO] Analyzing predecessor function USBWAN_check_card_support at 0x4248d8 | XRefs: [<CFGNode USBWAN_check_card_support+0x108 [24]>, <CFGNode USBWAN_check_card_support+0x120 [28]>, <CFGNode USBWAN_check_card_support+0x13c [28]>, <CFGNode USBWAN_check_card_support+0x158 [28]>, <CFGNode USBWAN_check_card_support+0x190 [28]>, <CFGNode USBWAN_check_card_support+0x1c8 [28]>, <CFGNode USBWAN_check_card_support+0x200 [28]>, <CFGNode USBWAN_check_card_support+0x238 [28]>, <CFGNode USBWAN_check_card_support+0x290 [28]>, <CFGNode USBWAN_check_card_support+0x2c8 [28]>]
2025-06-21 05:29:58,637 [INFO] Starting RDA core analysis for function USBWAN_check_card_support at 0x4248d8
2025-06-21 05:30:00,976 [INFO] RDA core analysis for USBWAN_check_card_support finished in 2s
2025-06-21 05:30:01,028 [INFO] Analyzing predecessor function ipv6_wan_getpathprefix at 0x406bdc | XRefs: [<CFGNode ipv6_wan_getpathprefix+0x64 [32]>, <CFGNode ipv6_wan_getpathprefix+0xd4 [32]>, <CFGNode ipv6_wan_getpathprefix+0x144 [32]>, <CFGNode ipv6_wan_getpathprefix+0x1a4 [32]>]
2025-06-21 05:30:01,060 [INFO] Starting RDA core analysis for function ipv6_wan_getpathprefix at 0x406bdc
2025-06-21 05:30:02,466 [ERROR] Error analyzing function ipv6_wan_getpathprefix (addr=0x406bdc): 'ConditionalJump' object has no attribute 'args'
Traceback (most recent call last):
  File "/home/SGTaint/tool/SGGraph/base.py", line 271, in rda_analyze
    result = run_function_with_timeout(self.rda_analyze_core, args=(caller_func,), timeout=20000)
  File "/home/SGTaint/tool/BugFinder/utils.py", line 613, in run_function_with_timeout
    raise data
AttributeError: 'ConditionalJump' object has no attribute 'args'
2025-06-21 05:30:02,466 [INFO] Analyzing predecessor function tw_set_localtime_to_nvram at 0x415060 | XRefs: [<CFGNode tw_set_localtime_to_nvram+0xa0 [28]>]
2025-06-21 05:30:02,499 [INFO] Starting RDA core analysis for function tw_set_localtime_to_nvram at 0x415060
2025-06-21 05:30:03,073 [INFO] RDA core analysis for tw_set_localtime_to_nvram finished in 0s
2025-06-21 05:30:03,110 [INFO] Analyzing predecessor function start_logmonitor at 0x41bbe8 | XRefs: [<CFGNode start_logmonitor+0x3c [20]>]
2025-06-21 05:30:03,142 [INFO] Starting RDA core analysis for function start_logmonitor at 0x41bbe8
2025-06-21 05:30:03,424 [INFO] RDA core analysis for start_logmonitor finished in 0s
2025-06-21 05:30:03,465 [INFO] Analyzing predecessor function tw_enable_coredump at 0x4089ec | XRefs: [<CFGNode tw_enable_coredump+0x4c [20]>]
2025-06-21 05:30:03,495 [INFO] Starting RDA core analysis for function tw_enable_coredump at 0x4089ec
2025-06-21 05:30:04,035 [INFO] RDA core analysis for tw_enable_coredump finished in 0s
2025-06-21 05:30:04,072 [INFO] Analyzing predecessor function loadFactoryDefault at 0x40b610 | XRefs: [<CFGNode loadFactoryDefault+0xd0 [20]>, <CFGNode loadFactoryDefault+0x104 [20]>, <CFGNode loadFactoryDefault+0x9c [20]>, <CFGNode loadFactoryDefault+0x40 [20]>, <CFGNode loadFactoryDefault+0x54 [32]>, <CFGNode loadFactoryDefault+0xb0 [32]>, <CFGNode loadFactoryDefault+0x118 [32]>, <CFGNode loadFactoryDefault+0xe4 [32]>]
2025-06-21 05:30:04,104 [INFO] Starting RDA core analysis for function loadFactoryDefault at 0x40b610
2025-06-21 05:30:04,974 [INFO] RDA core analysis for loadFactoryDefault finished in 0s
2025-06-21 05:30:05,012 [INFO] Analyzing predecessor function loadDefault at 0x40b4d8 | XRefs: [<CFGNode loadDefault+0xd0 [20]>, <CFGNode loadDefault+0x104 [20]>, <CFGNode loadDefault+0x9c [20]>, <CFGNode loadDefault+0x40 [20]>, <CFGNode loadDefault+0x54 [32]>, <CFGNode loadDefault+0xb0 [32]>, <CFGNode loadDefault+0x118 [32]>, <CFGNode loadDefault+0xe4 [32]>]
2025-06-21 05:30:05,044 [INFO] Starting RDA core analysis for function loadDefault at 0x40b4d8
2025-06-21 05:30:05,908 [INFO] RDA core analysis for loadDefault finished in 0s
2025-06-21 05:30:05,946 [INFO] Analyzing predecessor function COMM_SystemEx at 0x408904 | XRefs: [<CFGNode COMM_SystemEx [72]>]
2025-06-21 05:30:05,979 [INFO] Starting RDA core analysis for function COMM_SystemEx at 0x408904
2025-06-21 05:30:06,632 [INFO] RDA core analysis for COMM_SystemEx finished in 0s
2025-06-21 05:30:06,668 [INFO] Analyzing predecessor function start_alg_service at 0x41940c | XRefs: [<CFGNode start_alg_service [44]>, <CFGNode start_alg_service+0x2c [28]>, <CFGNode start_alg_service+0x48 [60]>, <CFGNode start_alg_service+0x84 [28]>]
2025-06-21 05:30:06,701 [INFO] Starting RDA core analysis for function start_alg_service at 0x41940c
2025-06-21 05:30:07,384 [INFO] RDA core analysis for start_alg_service finished in 0s
2025-06-21 05:30:07,421 [INFO] Analyzing predecessor function IPFILTER_chain_init at 0x42cc10 | XRefs: [<CFGNode IPFILTER_chain_init+0x54 [24]>, <CFGNode IPFILTER_chain_init+0x8c [24]>]
2025-06-21 05:30:07,454 [INFO] Starting RDA core analysis for function IPFILTER_chain_init at 0x42cc10
2025-06-21 05:30:07,952 [INFO] RDA core analysis for IPFILTER_chain_init finished in 0s
2025-06-21 05:30:07,993 [INFO] Analyzing predecessor function tw_add_url_filter_chain at 0x41ae10 | XRefs: [<CFGNode tw_add_url_filter_chain+0x70 [24]>, <CFGNode tw_add_url_filter_chain+0xc4 [24]>]
2025-06-21 05:30:08,023 [INFO] Starting RDA core analysis for function tw_add_url_filter_chain at 0x41ae10
2025-06-21 05:30:08,616 [INFO] RDA core analysis for tw_add_url_filter_chain finished in 0s
2025-06-21 05:30:08,657 [INFO] Analyzing predecessor function start_timer at 0x41ba10 | XRefs: [<CFGNode start_timer+0x44 [24]>]
2025-06-21 05:30:08,686 [INFO] Starting RDA core analysis for function start_timer at 0x41ba10
2025-06-21 05:30:09,358 [INFO] RDA core analysis for start_timer finished in 0s
2025-06-21 05:30:09,395 [INFO] Analyzing predecessor function VIRTUALSERVER_chain_destroy at 0x429a1c | XRefs: [<CFGNode VIRTUALSERVER_chain_destroy+0x5c [24]>, <CFGNode VIRTUALSERVER_chain_destroy+0x90 [24]>, <CFGNode VIRTUALSERVER_chain_destroy+0xc4 [24]>, <CFGNode VIRTUALSERVER_chain_destroy+0x100 [24]>, <CFGNode VIRTUALSERVER_chain_destroy+0x134 [24]>, <CFGNode VIRTUALSERVER_chain_destroy+0x168 [24]>, <CFGNode VIRTUALSERVER_chain_destroy+0x1a4 [24]>, <CFGNode VIRTUALSERVER_chain_destroy+0x1dc [24]>, <CFGNode VIRTUALSERVER_chain_destroy+0x214 [24]>]
2025-06-21 05:30:09,427 [INFO] Starting RDA core analysis for function VIRTUALSERVER_chain_destroy at 0x429a1c
2025-06-21 05:30:10,939 [INFO] RDA core analysis for VIRTUALSERVER_chain_destroy finished in 1s
2025-06-21 05:30:10,983 [INFO] Analyzing predecessor function tw_add_parent_control_chain at 0x41dc1c | XRefs: [<CFGNode tw_add_parent_control_chain+0x70 [24]>, <CFGNode tw_add_parent_control_chain+0xc4 [24]>]
2025-06-21 05:30:11,012 [INFO] Starting RDA core analysis for function tw_add_parent_control_chain at 0x41dc1c
2025-06-21 05:30:11,195 [ERROR] Error analyzing function sub_47acc8 (addr=0x47acc8): list index out of range
Traceback (most recent call last):
  File "/home/SGTaint/tool/SGGraph/base.py", line 271, in rda_analyze
    result = run_function_with_timeout(self.rda_analyze_core, args=(caller_func,), timeout=20000)
  File "/home/SGTaint/tool/BugFinder/utils.py", line 613, in run_function_with_timeout
    raise data
IndexError: list index out of range
2025-06-21 05:30:11,196 [INFO] Analyzing predecessor function sub_463ccc at 0x463ccc | XRefs: [<CFGNode 0x463ffc[28]>, <CFGNode 0x4640ac[28]>]
2025-06-21 05:30:11,235 [INFO] Starting RDA core analysis for function sub_463ccc at 0x463ccc
2025-06-21 05:30:11,607 [INFO] RDA core analysis for tw_add_parent_control_chain finished in 0s
2025-06-21 05:30:11,643 [INFO] Analyzing predecessor function tw_add_porttrigger_chain_for_nat at 0x41c21c | XRefs: [<CFGNode tw_add_porttrigger_chain_for_nat+0x70 [24]>, <CFGNode tw_add_porttrigger_chain_for_nat+0xc4 [24]>]
2025-06-21 05:30:11,675 [INFO] Starting RDA core analysis for function tw_add_porttrigger_chain_for_nat at 0x41c21c
2025-06-21 05:30:12,266 [INFO] RDA core analysis for tw_add_porttrigger_chain_for_nat finished in 0s
2025-06-21 05:30:12,301 [INFO] Analyzing predecessor function tw_del_parent_skipctf_chain at 0x41da20 | XRefs: [<CFGNode tw_del_parent_skipctf_chain+0x54 [24]>, <CFGNode tw_del_parent_skipctf_chain+0x8c [24]>]
2025-06-21 05:30:12,334 [INFO] Starting RDA core analysis for function tw_del_parent_skipctf_chain at 0x41da20
2025-06-21 05:30:12,832 [INFO] RDA core analysis for tw_del_parent_skipctf_chain finished in 0s
2025-06-21 05:30:12,868 [INFO] Analyzing predecessor function TW_IPv6_Simple_Security_Destroy at 0x412a28 | XRefs: [<CFGNode TW_IPv6_Simple_Security_Destroy+0x70 [48]>, <CFGNode TW_IPv6_Simple_Security_Destroy+0xe4 [32]>, <CFGNode TW_IPv6_Simple_Security_Destroy+0x148 [48]>]
2025-06-21 05:30:12,899 [INFO] Starting RDA core analysis for function TW_IPv6_Simple_Security_Destroy at 0x412a28
2025-06-21 05:30:14,726 [INFO] RDA core analysis for TW_IPv6_Simple_Security_Destroy finished in 1s
2025-06-21 05:30:14,766 [INFO] Analyzing predecessor function FIREWALL_IPv6_FILTER_chain_init at 0x430e2c | XRefs: [<CFGNode FIREWALL_IPv6_FILTER_chain_init+0x54 [24]>, <CFGNode FIREWALL_IPv6_FILTER_chain_init+0x8c [24]>]
2025-06-21 05:30:14,797 [INFO] Starting RDA core analysis for function FIREWALL_IPv6_FILTER_chain_init at 0x430e2c
2025-06-21 05:30:15,293 [INFO] RDA core analysis for FIREWALL_IPv6_FILTER_chain_init finished in 0s
2025-06-21 05:30:15,329 [INFO] Analyzing predecessor function PORTFORWARD_chain_destroy at 0x42764c | XRefs: [<CFGNode PORTFORWARD_chain_destroy+0x5c [24]>, <CFGNode PORTFORWARD_chain_destroy+0x90 [24]>, <CFGNode PORTFORWARD_chain_destroy+0xc4 [24]>, <CFGNode PORTFORWARD_chain_destroy+0x100 [24]>, <CFGNode PORTFORWARD_chain_destroy+0x134 [24]>, <CFGNode PORTFORWARD_chain_destroy+0x168 [24]>, <CFGNode PORTFORWARD_chain_destroy+0x1a4 [24]>, <CFGNode PORTFORWARD_chain_destroy+0x1dc [24]>, <CFGNode PORTFORWARD_chain_destroy+0x214 [24]>]
2025-06-21 05:30:15,360 [INFO] Starting RDA core analysis for function PORTFORWARD_chain_destroy at 0x42764c
2025-06-21 05:30:16,870 [INFO] RDA core analysis for PORTFORWARD_chain_destroy finished in 1s
2025-06-21 05:30:16,910 [INFO] Analyzing predecessor function DMZ_chain_init at 0x426650 | XRefs: [<CFGNode DMZ_chain_init+0x58 [24]>, <CFGNode DMZ_chain_init+0x90 [24]>, <CFGNode DMZ_chain_init+0xc4 [24]>, <CFGNode DMZ_chain_init+0xfc [24]>, <CFGNode DMZ_chain_init+0x138 [24]>, <CFGNode DMZ_chain_init+0x170 [24]>]
2025-06-21 05:30:16,941 [INFO] Starting RDA core analysis for function DMZ_chain_init at 0x426650
2025-06-21 05:30:18,036 [INFO] RDA core analysis for DMZ_chain_init finished in 1s
2025-06-21 05:30:18,075 [INFO] Analyzing predecessor function sub_40fc50 at 0x40fc50 | XRefs: [<CFGNode 0x40fcc0[32]>, <CFGNode 0x40fd24[32]>, <CFGNode 0x40fd88[32]>, <CFGNode 0x40fdec[24]>, <CFGNode 0x40fe48[32]>, <CFGNode 0x40feac[32]>, <CFGNode 0x40ff10[24]>]
2025-06-21 05:30:18,107 [INFO] Starting RDA core analysis for function sub_40fc50 at 0x40fc50
2025-06-21 05:30:22,154 [INFO] RDA core analysis for sub_40fc50 finished in 4s
2025-06-21 05:30:22,206 [INFO] Analyzing predecessor function del_acl_ping_chain at 0x416a78 | XRefs: [<CFGNode del_acl_ping_chain+0x54 [24]>, <CFGNode del_acl_ping_chain+0x8c [24]>, <CFGNode del_acl_ping_chain+0xc4 [24]>]
2025-06-21 05:30:22,235 [INFO] Starting RDA core analysis for function del_acl_ping_chain at 0x416a78
2025-06-21 05:30:22,890 [INFO] RDA core analysis for del_acl_ping_chain finished in 0s
2025-06-21 05:30:22,926 [INFO] Analyzing predecessor function tw_add_url_filter_iptables_rule at 0x41b078 | XRefs: [<CFGNode tw_add_url_filter_iptables_rule+0x70 [24]>]
2025-06-21 05:30:22,958 [INFO] Starting RDA core analysis for function tw_add_url_filter_iptables_rule at 0x41b078
2025-06-21 05:30:23,355 [INFO] RDA core analysis for tw_add_url_filter_iptables_rule finished in 0s
2025-06-21 05:30:23,390 [INFO] Analyzing predecessor function TW_grc_run at 0x41827c | XRefs: [<CFGNode TW_grc_run+0x54 [24]>, <CFGNode TW_grc_run+0x8c [24]>, <CFGNode TW_grc_run+0xc4 [24]>, <CFGNode TW_grc_run+0xfc [24]>, <CFGNode TW_grc_run+0x134 [24]>, <CFGNode TW_grc_run+0x16c [24]>, <CFGNode TW_grc_run+0x1a4 [24]>, <CFGNode TW_grc_run+0x1dc [24]>]
2025-06-21 05:30:23,421 [INFO] Starting RDA core analysis for function TW_grc_run at 0x41827c
2025-06-21 05:30:25,125 [INFO] RDA core analysis for TW_grc_run finished in 1s
2025-06-21 05:30:25,166 [INFO] Analyzing predecessor function load_iptalbes at 0x418480 | XRefs: [<CFGNode load_iptalbes [44]>, <CFGNode load_iptalbes+0x23c [28]>]
2025-06-21 05:30:25,198 [INFO] Starting RDA core analysis for function load_iptalbes at 0x418480
2025-06-21 05:30:26,673 [INFO] RDA core analysis for load_iptalbes finished in 1s
2025-06-21 05:30:26,719 [INFO] Analyzing predecessor function VIRTUALSERVER_chain_init at 0x429880 | XRefs: [<CFGNode VIRTUALSERVER_chain_init+0x58 [24]>, <CFGNode VIRTUALSERVER_chain_init+0x90 [24]>, <CFGNode VIRTUALSERVER_chain_init+0xc4 [24]>, <CFGNode VIRTUALSERVER_chain_init+0xfc [24]>, <CFGNode VIRTUALSERVER_chain_init+0x138 [24]>, <CFGNode VIRTUALSERVER_chain_init+0x170 [24]>]
2025-06-21 05:30:26,749 [INFO] Starting RDA core analysis for function VIRTUALSERVER_chain_init at 0x429880
2025-06-21 05:30:27,869 [INFO] RDA core analysis for VIRTUALSERVER_chain_init finished in 1s
2025-06-21 05:30:27,906 [INFO] Analyzing predecessor function QOS_chain_init at 0x432a80 | XRefs: [<CFGNode QOS_chain_init+0x164 [24]>, <CFGNode QOS_chain_init+0x19c [24]>, <CFGNode QOS_chain_init+0x1d0 [24]>, <CFGNode QOS_chain_init+0x208 [24]>, <CFGNode QOS_chain_init+0x240 [24]>, <CFGNode QOS_chain_init+0x2cc [28]>]
2025-06-21 05:30:27,940 [INFO] Starting RDA core analysis for function QOS_chain_init at 0x432a80
2025-06-21 05:30:30,757 [ERROR] Error analyzing function QOS_chain_init (addr=0x432a80): 'ConditionalJump' object has no attribute 'args'
Traceback (most recent call last):
  File "/home/SGTaint/tool/SGGraph/base.py", line 271, in rda_analyze
    result = run_function_with_timeout(self.rda_analyze_core, args=(caller_func,), timeout=20000)
  File "/home/SGTaint/tool/BugFinder/utils.py", line 613, in run_function_with_timeout
    raise data
AttributeError: 'ConditionalJump' object has no attribute 'args'
2025-06-21 05:30:30,758 [INFO] Analyzing predecessor function QOS_stop at 0x433c90 | XRefs: [<CFGNode QOS_stop+0x64 [24]>, <CFGNode QOS_stop+0x9c [24]>, <CFGNode QOS_stop+0xd4 [24]>, <CFGNode QOS_stop+0x10c [24]>, <CFGNode QOS_stop+0x144 [24]>, <CFGNode QOS_stop+0x17c [24]>, <CFGNode QOS_stop+0x1b4 [24]>]
2025-06-21 05:30:30,789 [INFO] Starting RDA core analysis for function QOS_stop at 0x433c90
2025-06-21 05:30:31,709 [ERROR] Error analyzing function QOS_stop (addr=0x433c90): list index out of range
Traceback (most recent call last):
  File "/home/SGTaint/tool/SGGraph/base.py", line 271, in rda_analyze
    result = run_function_with_timeout(self.rda_analyze_core, args=(caller_func,), timeout=20000)
  File "/home/SGTaint/tool/BugFinder/utils.py", line 613, in run_function_with_timeout
    raise data
IndexError: list index out of range
2025-06-21 05:30:31,710 [INFO] Analyzing predecessor function tw_del_skipctf_chain at 0x41ac90 | XRefs: [<CFGNode tw_del_skipctf_chain+0x54 [24]>, <CFGNode tw_del_skipctf_chain+0x8c [24]>, <CFGNode tw_del_skipctf_chain+0xc4 [24]>]
2025-06-21 05:30:31,743 [INFO] Starting RDA core analysis for function tw_del_skipctf_chain at 0x41ac90
2025-06-21 05:30:32,401 [INFO] RDA core analysis for tw_del_skipctf_chain finished in 0s
2025-06-21 05:30:32,436 [INFO] Analyzing predecessor function TCPMSS_run at 0x417c90 | XRefs: [<CFGNode TCPMSS_run+0x54 [24]>, <CFGNode TCPMSS_run+0x8c [24]>, <CFGNode TCPMSS_run+0xc4 [24]>, <CFGNode TCPMSS_run+0xfc [24]>]
2025-06-21 05:30:32,462 [INFO] Starting RDA core analysis for function TCPMSS_run at 0x417c90
2025-06-21 05:30:33,292 [INFO] RDA core analysis for TCPMSS_run finished in 0s
2025-06-21 05:30:33,336 [INFO] Analyzing predecessor function MACFILTER_chain_destroy at 0x42de94 | XRefs: [<CFGNode MACFILTER_chain_destroy+0x54 [24]>, <CFGNode MACFILTER_chain_destroy+0x8c [24]>, <CFGNode MACFILTER_chain_destroy+0xc4 [24]>]
2025-06-21 05:30:33,367 [INFO] Starting RDA core analysis for function MACFILTER_chain_destroy at 0x42de94
2025-06-21 05:30:34,025 [INFO] RDA core analysis for MACFILTER_chain_destroy finished in 0s
2025-06-21 05:30:34,068 [INFO] Analyzing predecessor function tw_add_parent_skipctf_chain at 0x41d8a0 | XRefs: [<CFGNode tw_add_parent_skipctf_chain+0x70 [24]>, <CFGNode tw_add_parent_skipctf_chain+0xc4 [24]>]
2025-06-21 05:30:34,100 [INFO] Starting RDA core analysis for function tw_add_parent_skipctf_chain at 0x41d8a0
2025-06-21 05:30:34,694 [INFO] RDA core analysis for tw_add_parent_skipctf_chain finished in 0s
2025-06-21 05:30:34,737 [INFO] Analyzing predecessor function TW_Anti_Spoofing_Destroy at 0x4120a8 | XRefs: [<CFGNode TW_Anti_Spoofing_Destroy+0x70 [48]>, <CFGNode TW_Anti_Spoofing_Destroy+0xe4 [32]>, <CFGNode TW_Anti_Spoofing_Destroy+0x148 [48]>]
2025-06-21 05:30:34,768 [INFO] Starting RDA core analysis for function TW_Anti_Spoofing_Destroy at 0x4120a8
2025-06-21 05:30:35,241 [ERROR] Error analyzing function sub_463ccc (addr=0x463ccc): list index out of range
Traceback (most recent call last):
  File "/home/SGTaint/tool/SGGraph/base.py", line 271, in rda_analyze
    result = run_function_with_timeout(self.rda_analyze_core, args=(caller_func,), timeout=20000)
  File "/home/SGTaint/tool/BugFinder/utils.py", line 613, in run_function_with_timeout
    raise data
IndexError: list index out of range
2025-06-21 05:30:35,242 [INFO] Analyzing predecessor function sub_4460d0 at 0x4460d0 | XRefs: [<CFGNode 0x4460d0[92]>]
2025-06-21 05:30:35,274 [INFO] Starting RDA core analysis for function sub_4460d0 at 0x4460d0
2025-06-21 05:30:36,697 [ERROR] Error analyzing function sub_4460d0 (addr=0x4460d0): list index out of range
Traceback (most recent call last):
  File "/home/SGTaint/tool/SGGraph/base.py", line 271, in rda_analyze
    result = run_function_with_timeout(self.rda_analyze_core, args=(caller_func,), timeout=20000)
  File "/home/SGTaint/tool/BugFinder/utils.py", line 613, in run_function_with_timeout
    raise data
IndexError: list index out of range
2025-06-21 05:30:36,698 [INFO] Analyzing predecessor function sub_4502d0 at 0x4502d0 | XRefs: [<CFGNode 0x4507b8[32]>, <CFGNode 0x4509d4[32]>]
2025-06-21 05:30:36,727 [INFO] Starting RDA core analysis for function sub_4502d0 at 0x4502d0
2025-06-21 05:30:36,929 [INFO] RDA core analysis for TW_Anti_Spoofing_Destroy finished in 2s
2025-06-21 05:30:36,976 [INFO] Analyzing predecessor function FIREWALL_FILTER_add_allow_rule_drop at 0x42f0b0 | XRefs: [<CFGNode FIREWALL_FILTER_add_allow_rule_drop+0x54 [24]>, <CFGNode FIREWALL_FILTER_add_allow_rule_drop+0x8c [24]>]
2025-06-21 05:30:37,007 [INFO] Starting RDA core analysis for function FIREWALL_FILTER_add_allow_rule_drop at 0x42f0b0
2025-06-21 05:30:37,518 [INFO] RDA core analysis for FIREWALL_FILTER_add_allow_rule_drop finished in 0s
2025-06-21 05:30:37,560 [INFO] Analyzing predecessor function REMOTEMANGE_chain_init at 0x42beb0 | XRefs: [<CFGNode REMOTEMANGE_chain_init+0x54 [24]>, <CFGNode REMOTEMANGE_chain_init+0x8c [24]>, <CFGNode REMOTEMANGE_chain_init+0xc8 [24]>, <CFGNode REMOTEMANGE_chain_init+0x100 [24]>]
2025-06-21 05:30:37,591 [INFO] Starting RDA core analysis for function REMOTEMANGE_chain_init at 0x42beb0
2025-06-21 05:30:38,346 [INFO] RDA core analysis for REMOTEMANGE_chain_init finished in 0s
2025-06-21 05:30:38,389 [INFO] Analyzing predecessor function PORTFORWARD_chain_init at 0x4274b0 | XRefs: [<CFGNode PORTFORWARD_chain_init+0x58 [24]>, <CFGNode PORTFORWARD_chain_init+0x90 [24]>, <CFGNode PORTFORWARD_chain_init+0xc4 [24]>, <CFGNode PORTFORWARD_chain_init+0xfc [24]>, <CFGNode PORTFORWARD_chain_init+0x138 [24]>, <CFGNode PORTFORWARD_chain_init+0x170 [24]>]
2025-06-21 05:30:38,421 [INFO] Starting RDA core analysis for function PORTFORWARD_chain_init at 0x4274b0
2025-06-21 05:30:39,504 [INFO] RDA core analysis for PORTFORWARD_chain_init finished in 1s
2025-06-21 05:30:39,542 [INFO] Analyzing predecessor function IPFILTER_chain_destroy at 0x42ccc4 | XRefs: [<CFGNode IPFILTER_chain_destroy+0x54 [24]>, <CFGNode IPFILTER_chain_destroy+0x8c [24]>, <CFGNode IPFILTER_chain_destroy+0xc4 [24]>]
2025-06-21 05:30:39,571 [INFO] Starting RDA core analysis for function IPFILTER_chain_destroy at 0x42ccc4
2025-06-21 05:30:40,230 [INFO] RDA core analysis for IPFILTER_chain_destroy finished in 0s
2025-06-21 05:30:40,272 [INFO] Analyzing predecessor function tw_del_parent_skipctf_iptables_rule at 0x41dad4 | XRefs: [<CFGNode tw_del_parent_skipctf_iptables_rule+0x6c [24]>]
2025-06-21 05:30:40,304 [INFO] Starting RDA core analysis for function tw_del_parent_skipctf_iptables_rule at 0x41dad4
2025-06-21 05:30:40,692 [INFO] RDA core analysis for tw_del_parent_skipctf_iptables_rule finished in 0s
2025-06-21 05:30:40,734 [INFO] Analyzing predecessor function FIREWALL_IPv6_FILTER_chain_destroy at 0x430ee0 | XRefs: [<CFGNode FIREWALL_IPv6_FILTER_chain_destroy+0x54 [24]>, <CFGNode FIREWALL_IPv6_FILTER_chain_destroy+0x8c [24]>, <CFGNode FIREWALL_IPv6_FILTER_chain_destroy+0xc4 [24]>]
2025-06-21 05:30:40,766 [INFO] Starting RDA core analysis for function FIREWALL_IPv6_FILTER_chain_destroy at 0x430ee0
2025-06-21 05:30:41,428 [INFO] RDA core analysis for FIREWALL_IPv6_FILTER_chain_destroy finished in 0s
2025-06-21 05:30:41,471 [INFO] Analyzing predecessor function tw_del_url_filter_chain at 0x41aefc | XRefs: [<CFGNode tw_del_url_filter_chain+0x54 [24]>, <CFGNode tw_del_url_filter_chain+0x8c [24]>, <CFGNode tw_del_url_filter_chain+0xc4 [24]>]
2025-06-21 05:30:41,501 [INFO] Starting RDA core analysis for function tw_del_url_filter_chain at 0x41aefc
2025-06-21 05:30:41,630 [INFO] RDA core analysis for sub_4502d0 finished in 4s
2025-06-21 05:30:41,699 [INFO] Analyzing predecessor function ModifyVirtualServerRuleIpNetAddr at 0x44fae4 | XRefs: [<CFGNode ModifyVirtualServerRuleIpNetAddr+0x6ec [36]>]
2025-06-21 05:30:41,729 [INFO] Starting RDA core analysis for function ModifyVirtualServerRuleIpNetAddr at 0x44fae4
2025-06-21 05:30:42,161 [INFO] RDA core analysis for tw_del_url_filter_chain finished in 0s
2025-06-21 05:30:42,203 [INFO] Analyzing predecessor function Anti_DOS_rule_clear at 0x410100 | XRefs: [<CFGNode Anti_DOS_rule_clear+0x70 [24]>, <CFGNode Anti_DOS_rule_clear+0xcc [24]>, <CFGNode Anti_DOS_rule_clear+0x128 [32]>, <CFGNode Anti_DOS_rule_clear+0x18c [32]>, <CFGNode Anti_DOS_rule_clear+0x1f0 [32]>, <CFGNode Anti_DOS_rule_clear+0x254 [32]>, <CFGNode Anti_DOS_rule_clear+0x2b8 [32]>]
2025-06-21 05:30:42,235 [INFO] Starting RDA core analysis for function Anti_DOS_rule_clear at 0x410100
2025-06-21 05:30:46,276 [INFO] RDA core analysis for Anti_DOS_rule_clear finished in 4s
2025-06-21 05:30:46,327 [INFO] Analyzing predecessor function iptables_upnp_destroy at 0x421508 | XRefs: [<CFGNode iptables_upnp_destroy+0x5c [28]>, <CFGNode iptables_upnp_destroy+0x9c [24]>, <CFGNode iptables_upnp_destroy+0xd4 [24]>, <CFGNode iptables_upnp_destroy+0x10c [24]>, <CFGNode iptables_upnp_destroy+0x14c [24]>, <CFGNode iptables_upnp_destroy+0x184 [24]>]
2025-06-21 05:30:46,357 [INFO] Starting RDA core analysis for function iptables_upnp_destroy at 0x421508
2025-06-21 05:30:47,002 [ERROR] Error analyzing function ModifyVirtualServerRuleIpNetAddr (addr=0x44fae4): list index out of range
Traceback (most recent call last):
  File "/home/SGTaint/tool/SGGraph/base.py", line 271, in rda_analyze
    result = run_function_with_timeout(self.rda_analyze_core, args=(caller_func,), timeout=20000)
  File "/home/SGTaint/tool/BugFinder/utils.py", line 613, in run_function_with_timeout
    raise data
IndexError: list index out of range
2025-06-21 05:30:47,003 [INFO] Analyzing predecessor function sub_4832e4 at 0x4832e4 | XRefs: [<CFGNode 0x483cb4[296]>, <CFGNode 0x4842f8[52]>, <CFGNode 0x484518[52]>, <CFGNode 0x4848e8[36]>, <CFGNode 0x485104[36]>]
2025-06-21 05:30:47,034 [INFO] Starting RDA core analysis for function sub_4832e4 at 0x4832e4
2025-06-21 05:30:47,753 [INFO] RDA core analysis for iptables_upnp_destroy finished in 1s
2025-06-21 05:30:47,792 [INFO] Analyzing predecessor function tw_del_porttrigger_chain_for_filter at 0x41c308 | XRefs: [<CFGNode tw_del_porttrigger_chain_for_filter+0x54 [24]>, <CFGNode tw_del_porttrigger_chain_for_filter+0x8c [24]>, <CFGNode tw_del_porttrigger_chain_for_filter+0xc4 [24]>]
2025-06-21 05:30:47,824 [INFO] Starting RDA core analysis for function tw_del_porttrigger_chain_for_filter at 0x41c308
2025-06-21 05:30:48,479 [INFO] RDA core analysis for tw_del_porttrigger_chain_for_filter finished in 0s
2025-06-21 05:30:48,516 [INFO] Analyzing predecessor function FIREWALL_FILTER_chain_init at 0x42ef10 | XRefs: [<CFGNode FIREWALL_FILTER_chain_init+0x54 [24]>, <CFGNode FIREWALL_FILTER_chain_init+0x8c [24]>]
2025-06-21 05:30:48,548 [INFO] Starting RDA core analysis for function FIREWALL_FILTER_chain_init at 0x42ef10
2025-06-21 05:30:49,046 [INFO] RDA core analysis for FIREWALL_FILTER_chain_init finished in 0s
2025-06-21 05:30:49,082 [INFO] Analyzing predecessor function tw_add_url_allow_filter_iptables_rule at 0x41b110 | XRefs: [<CFGNode tw_add_url_allow_filter_iptables_rule+0x70 [24]>]
2025-06-21 05:30:49,115 [INFO] Starting RDA core analysis for function tw_add_url_allow_filter_iptables_rule at 0x41b110
2025-06-21 05:30:49,514 [INFO] RDA core analysis for tw_add_url_allow_filter_iptables_rule finished in 0s
2025-06-21 05:30:49,549 [INFO] Analyzing predecessor function tw_add_skipctf_chain at 0x41ab10 | XRefs: [<CFGNode tw_add_skipctf_chain+0x70 [24]>, <CFGNode tw_add_skipctf_chain+0xc4 [24]>]
2025-06-21 05:30:49,582 [INFO] Starting RDA core analysis for function tw_add_skipctf_chain at 0x41ab10
2025-06-21 05:30:50,177 [INFO] RDA core analysis for tw_add_skipctf_chain finished in 0s
2025-06-21 05:30:50,213 [INFO] Analyzing predecessor function USBWAN_switch_card_common at 0x425324 | XRefs: [<CFGNode USBWAN_switch_card_common+0x110 [28]>]
2025-06-21 05:30:50,245 [INFO] Starting RDA core analysis for function USBWAN_switch_card_common at 0x425324
2025-06-21 05:30:51,463 [INFO] RDA core analysis for USBWAN_switch_card_common finished in 1s
2025-06-21 05:30:51,503 [INFO] Analyzing predecessor function QOS_init_interface at 0x432f28 | XRefs: [<CFGNode QOS_init_interface+0x4c [24]>, <CFGNode QOS_init_interface+0x84 [24]>, <CFGNode QOS_init_interface+0xbc [24]>, <CFGNode QOS_init_interface+0xf4 [24]>, <CFGNode QOS_init_interface+0x12c [24]>]
2025-06-21 05:30:51,535 [INFO] Starting RDA core analysis for function QOS_init_interface at 0x432f28
2025-06-21 05:30:52,227 [ERROR] Error analyzing function QOS_init_interface (addr=0x432f28): list index out of range
Traceback (most recent call last):
  File "/home/SGTaint/tool/SGGraph/base.py", line 271, in rda_analyze
    result = run_function_with_timeout(self.rda_analyze_core, args=(caller_func,), timeout=20000)
  File "/home/SGTaint/tool/BugFinder/utils.py", line 613, in run_function_with_timeout
    raise data
IndexError: list index out of range
2025-06-21 05:30:52,228 [INFO] Analyzing predecessor function tw_add_porttrigger_chain_for_filter at 0x41c130 | XRefs: [<CFGNode tw_add_porttrigger_chain_for_filter+0x70 [24]>, <CFGNode tw_add_porttrigger_chain_for_filter+0xc4 [24]>]
2025-06-21 05:30:52,258 [INFO] Starting RDA core analysis for function tw_add_porttrigger_chain_for_filter at 0x41c130
2025-06-21 05:30:52,850 [INFO] RDA core analysis for tw_add_porttrigger_chain_for_filter finished in 0s
2025-06-21 05:30:52,887 [INFO] Analyzing predecessor function tw_add_skipctf_iptables_rule at 0x41abfc | XRefs: [<CFGNode tw_add_skipctf_iptables_rule+0x6c [24]>]
2025-06-21 05:30:52,919 [INFO] Starting RDA core analysis for function tw_add_skipctf_iptables_rule at 0x41abfc
2025-06-21 05:30:53,307 [INFO] RDA core analysis for tw_add_skipctf_iptables_rule finished in 0s
2025-06-21 05:30:53,342 [INFO] Analyzing predecessor function tw_add_parental_control_rules at 0x41dd5c | XRefs: [<CFGNode tw_add_parental_control_rules+0x7c [24]>]
2025-06-21 05:30:53,375 [INFO] Starting RDA core analysis for function tw_add_parental_control_rules at 0x41dd5c
2025-06-21 05:30:53,847 [INFO] RDA core analysis for tw_add_parental_control_rules finished in 0s
2025-06-21 05:30:53,883 [INFO] Analyzing predecessor function add_acl_ping_chain at 0x416b64 | XRefs: [<CFGNode add_acl_ping_chain+0x70 [24]>, <CFGNode add_acl_ping_chain+0xc4 [24]>]
2025-06-21 05:30:53,916 [INFO] Starting RDA core analysis for function add_acl_ping_chain at 0x416b64
2025-06-21 05:30:54,508 [INFO] RDA core analysis for add_acl_ping_chain finished in 0s
2025-06-21 05:30:54,544 [INFO] Analyzing predecessor function tw_del_parent_control_chain at 0x41db68 | XRefs: [<CFGNode tw_del_parent_control_chain+0x54 [24]>, <CFGNode tw_del_parent_control_chain+0x8c [24]>]
2025-06-21 05:30:54,578 [INFO] Starting RDA core analysis for function tw_del_parent_control_chain at 0x41db68
2025-06-21 05:30:55,077 [INFO] RDA core analysis for tw_del_parent_control_chain finished in 0s
2025-06-21 05:30:55,113 [INFO] Analyzing predecessor function TW_IPv6_Ingress_Filtering_Destroy at 0x41337c | XRefs: [<CFGNode TW_IPv6_Ingress_Filtering_Destroy+0x70 [24]>, <CFGNode TW_IPv6_Ingress_Filtering_Destroy+0xcc [48]>, <CFGNode TW_IPv6_Ingress_Filtering_Destroy+0x140 [24]>]
2025-06-21 05:30:55,146 [INFO] Starting RDA core analysis for function TW_IPv6_Ingress_Filtering_Destroy at 0x41337c
2025-06-21 05:30:56,969 [INFO] RDA core analysis for TW_IPv6_Ingress_Filtering_Destroy finished in 1s
2025-06-21 05:30:57,008 [INFO] Analyzing predecessor function tw_del_skipctf_iptables_rule at 0x41ad7c | XRefs: [<CFGNode tw_del_skipctf_iptables_rule+0x6c [24]>]
2025-06-21 05:30:57,041 [INFO] Starting RDA core analysis for function tw_del_skipctf_iptables_rule at 0x41ad7c
2025-06-21 05:30:57,423 [INFO] RDA core analysis for tw_del_skipctf_iptables_rule finished in 0s
2025-06-21 05:30:57,458 [INFO] Analyzing predecessor function MACFILTER_add_allow_rule_drop at 0x42df80 | XRefs: [<CFGNode MACFILTER_add_allow_rule_drop+0x54 [24]>, <CFGNode MACFILTER_add_allow_rule_drop+0x8c [24]>]
2025-06-21 05:30:57,490 [INFO] Starting RDA core analysis for function MACFILTER_add_allow_rule_drop at 0x42df80
2025-06-21 05:30:57,984 [INFO] RDA core analysis for MACFILTER_add_allow_rule_drop finished in 0s
2025-06-21 05:30:58,019 [INFO] Analyzing predecessor function ping_unblock_iptables_rules at 0x416980 | XRefs: [<CFGNode ping_unblock_iptables_rules+0x54 [24]>]
2025-06-21 05:30:58,052 [INFO] Starting RDA core analysis for function ping_unblock_iptables_rules at 0x416980
2025-06-21 05:30:58,430 [INFO] RDA core analysis for ping_unblock_iptables_rules finished in 0s
2025-06-21 05:30:58,464 [INFO] Analyzing predecessor function tw_add_parent_skipctf_iptables_rule at 0x41d98c | XRefs: [<CFGNode tw_add_parent_skipctf_iptables_rule+0x6c [24]>]
2025-06-21 05:30:58,497 [INFO] Starting RDA core analysis for function tw_add_parent_skipctf_iptables_rule at 0x41d98c
2025-06-21 05:30:58,882 [INFO] RDA core analysis for tw_add_parent_skipctf_iptables_rule finished in 0s
2025-06-21 05:30:58,917 [INFO] Analyzing predecessor function QOS_chain_destroy at 0x432d90 | XRefs: [<CFGNode QOS_chain_destroy+0x5c [24]>, <CFGNode QOS_chain_destroy+0x90 [24]>, <CFGNode QOS_chain_destroy+0xc4 [24]>, <CFGNode QOS_chain_destroy+0x100 [24]>, <CFGNode QOS_chain_destroy+0x134 [24]>, <CFGNode QOS_chain_destroy+0x168 [24]>]
2025-06-21 05:30:58,949 [INFO] Starting RDA core analysis for function QOS_chain_destroy at 0x432d90
2025-06-21 05:31:00,043 [INFO] RDA core analysis for QOS_chain_destroy finished in 1s
2025-06-21 05:31:00,080 [INFO] Analyzing predecessor function TW_flush_all_chain at 0x418190 | XRefs: [<CFGNode TW_flush_all_chain+0x54 [24]>, <CFGNode TW_flush_all_chain+0x8c [24]>, <CFGNode TW_flush_all_chain+0xc4 [24]>]
2025-06-21 05:31:00,112 [INFO] Starting RDA core analysis for function TW_flush_all_chain at 0x418190
2025-06-21 05:31:00,765 [INFO] RDA core analysis for TW_flush_all_chain finished in 0s
2025-06-21 05:31:00,800 [INFO] Analyzing predecessor function tw_del_url_filter_iptables_rule at 0x41b1a8 | XRefs: [<CFGNode tw_del_url_filter_iptables_rule+0x70 [24]>]
2025-06-21 05:31:00,833 [INFO] Starting RDA core analysis for function tw_del_url_filter_iptables_rule at 0x41b1a8
2025-06-21 05:31:01,228 [INFO] RDA core analysis for tw_del_url_filter_iptables_rule finished in 0s
2025-06-21 05:31:01,262 [INFO] Analyzing predecessor function IPFILTER_add_allow_rule_drop at 0x42cdb0 | XRefs: [<CFGNode IPFILTER_add_allow_rule_drop+0x54 [24]>, <CFGNode IPFILTER_add_allow_rule_drop+0x8c [24]>]
2025-06-21 05:31:01,295 [INFO] Starting RDA core analysis for function IPFILTER_add_allow_rule_drop at 0x42cdb0
2025-06-21 05:31:01,793 [INFO] RDA core analysis for IPFILTER_add_allow_rule_drop finished in 0s
2025-06-21 05:31:01,827 [INFO] Analyzing predecessor function TW_IPv6_Simple_Security_Init at 0x412bb0 | XRefs: [<CFGNode TW_IPv6_Simple_Security_Init+0x70 [24]>, <CFGNode TW_IPv6_Simple_Security_Init+0xcc [48]>, <CFGNode TW_IPv6_Simple_Security_Init+0x140 [32]>, <CFGNode TW_IPv6_Simple_Security_Init+0x1a4 [40]>, <CFGNode TW_IPv6_Simple_Security_Init+0x210 [40]>, <CFGNode TW_IPv6_Simple_Security_Init+0x27c [40]>, <CFGNode TW_IPv6_Simple_Security_Init+0x2e8 [40]>, <CFGNode TW_IPv6_Simple_Security_Init+0x354 [40]>, <CFGNode TW_IPv6_Simple_Security_Init+0x3c0 [48]>, <CFGNode TW_IPv6_Simple_Security_Init+0x434 [40]>, <CFGNode TW_IPv6_Simple_Security_Init+0x4a0 [32]>, <CFGNode TW_IPv6_Simple_Security_Init+0x504 [24]>, <CFGNode TW_IPv6_Simple_Security_Init+0x560 [32]>]
2025-06-21 05:31:01,860 [INFO] Starting RDA core analysis for function TW_IPv6_Simple_Security_Init at 0x412bb0
2025-06-21 05:31:15,183 [INFO] RDA core analysis for TW_IPv6_Simple_Security_Init finished in 13s
2025-06-21 05:31:15,280 [INFO] Analyzing predecessor function TW_wan_pre_run at 0x417db4 | XRefs: [<CFGNode TW_wan_pre_run+0x168 [24]>, <CFGNode TW_wan_pre_run+0x1a0 [24]>, <CFGNode TW_wan_pre_run+0x1d8 [24]>, <CFGNode TW_wan_pre_run+0x260 [28]>, <CFGNode TW_wan_pre_run+0x2c4 [24]>, <CFGNode TW_wan_pre_run+0x2fc [24]>, <CFGNode TW_wan_pre_run+0x348 [24]>, <CFGNode TW_wan_pre_run+0x380 [24]>, <CFGNode TW_wan_pre_run+0x3b8 [24]>]
2025-06-21 05:31:15,313 [INFO] Starting RDA core analysis for function TW_wan_pre_run at 0x417db4
2025-06-21 05:31:18,301 [ERROR] Error analyzing function TW_wan_pre_run (addr=0x417db4): 'ConditionalJump' object has no attribute 'args'
Traceback (most recent call last):
  File "/home/SGTaint/tool/SGGraph/base.py", line 271, in rda_analyze
    result = run_function_with_timeout(self.rda_analyze_core, args=(caller_func,), timeout=20000)
  File "/home/SGTaint/tool/BugFinder/utils.py", line 613, in run_function_with_timeout
    raise data
AttributeError: 'ConditionalJump' object has no attribute 'args'
2025-06-21 05:31:18,302 [INFO] Analyzing predecessor function FIREWALL_FILTER_chain_destroy at 0x42efc4 | XRefs: [<CFGNode FIREWALL_FILTER_chain_destroy+0x54 [24]>, <CFGNode FIREWALL_FILTER_chain_destroy+0x8c [24]>, <CFGNode FIREWALL_FILTER_chain_destroy+0xc4 [24]>]
2025-06-21 05:31:18,334 [INFO] Starting RDA core analysis for function FIREWALL_FILTER_chain_destroy at 0x42efc4
2025-06-21 05:31:18,984 [INFO] RDA core analysis for FIREWALL_FILTER_chain_destroy finished in 0s
2025-06-21 05:31:19,019 [INFO] Analyzing predecessor function FIREWALL_IPv6_FILTER_add_allow_rule_drop at 0x430fcc | XRefs: [<CFGNode FIREWALL_IPv6_FILTER_add_allow_rule_drop+0x54 [24]>, <CFGNode FIREWALL_IPv6_FILTER_add_allow_rule_drop+0x8c [24]>]
2025-06-21 05:31:19,052 [INFO] Starting RDA core analysis for function FIREWALL_IPv6_FILTER_add_allow_rule_drop at 0x430fcc
2025-06-21 05:31:19,545 [INFO] RDA core analysis for FIREWALL_IPv6_FILTER_add_allow_rule_drop finished in 0s
2025-06-21 05:31:19,579 [INFO] Analyzing predecessor function REMOTEMANGE_chain_destroy at 0x42bfd8 | XRefs: [<CFGNode REMOTEMANGE_chain_destroy+0x54 [24]>, <CFGNode REMOTEMANGE_chain_destroy+0x8c [24]>, <CFGNode REMOTEMANGE_chain_destroy+0xc4 [24]>, <CFGNode REMOTEMANGE_chain_destroy+0x100 [24]>, <CFGNode REMOTEMANGE_chain_destroy+0x138 [24]>, <CFGNode REMOTEMANGE_chain_destroy+0x170 [24]>]
2025-06-21 05:31:19,612 [INFO] Starting RDA core analysis for function REMOTEMANGE_chain_destroy at 0x42bfd8
2025-06-21 05:31:20,655 [INFO] RDA core analysis for REMOTEMANGE_chain_destroy finished in 1s
2025-06-21 05:31:20,691 [INFO] Analyzing predecessor function MACFILTER_chain_init at 0x42dde0 | XRefs: [<CFGNode MACFILTER_chain_init+0x54 [24]>, <CFGNode MACFILTER_chain_init+0x8c [24]>]
2025-06-21 05:31:20,725 [INFO] Starting RDA core analysis for function MACFILTER_chain_init at 0x42dde0
2025-06-21 05:31:21,217 [INFO] RDA core analysis for MACFILTER_chain_init finished in 0s
2025-06-21 05:31:21,251 [INFO] Analyzing predecessor function tw_add_url_filter_iptables_rule_drop at 0x41afe8 | XRefs: [<CFGNode tw_add_url_filter_iptables_rule_drop+0x68 [24]>]
2025-06-21 05:31:21,284 [INFO] Starting RDA core analysis for function tw_add_url_filter_iptables_rule_drop at 0x41afe8
2025-06-21 05:31:21,643 [ERROR] Error analyzing function tw_add_url_filter_iptables_rule_drop (addr=0x41afe8): list index out of range
Traceback (most recent call last):
  File "/home/SGTaint/tool/SGGraph/base.py", line 271, in rda_analyze
    result = run_function_with_timeout(self.rda_analyze_core, args=(caller_func,), timeout=20000)
  File "/home/SGTaint/tool/BugFinder/utils.py", line 613, in run_function_with_timeout
    raise data
IndexError: list index out of range
2025-06-21 05:31:21,644 [INFO] Analyzing predecessor function DMZ_chain_destroy at 0x4267ec | XRefs: [<CFGNode DMZ_chain_destroy+0x5c [24]>, <CFGNode DMZ_chain_destroy+0x90 [24]>, <CFGNode DMZ_chain_destroy+0xc4 [24]>, <CFGNode DMZ_chain_destroy+0x100 [24]>, <CFGNode DMZ_chain_destroy+0x134 [24]>, <CFGNode DMZ_chain_destroy+0x168 [24]>, <CFGNode DMZ_chain_destroy+0x1a4 [24]>, <CFGNode DMZ_chain_destroy+0x1dc [24]>, <CFGNode DMZ_chain_destroy+0x210 [24]>]
2025-06-21 05:31:21,677 [INFO] Starting RDA core analysis for function DMZ_chain_destroy at 0x4267ec
2025-06-21 05:31:23,040 [INFO] RDA core analysis for sub_453584 finished in 248s
2025-06-21 05:31:23,253 [INFO] RDA core analysis for DMZ_chain_destroy finished in 1s
2025-06-21 05:31:23,292 [INFO] Analyzing predecessor function tw_del_porttrigger_chain_for_nat at 0x41c3f4 | XRefs: [<CFGNode tw_del_porttrigger_chain_for_nat+0x54 [24]>, <CFGNode tw_del_porttrigger_chain_for_nat+0x8c [24]>, <CFGNode tw_del_porttrigger_chain_for_nat+0xc4 [24]>]
2025-06-21 05:31:23,312 [INFO] Analyzing predecessor function sub_423988 at 0x423988 | XRefs: [<CFGNode 0x4245c8[32]>]
2025-06-21 05:31:23,324 [INFO] Starting RDA core analysis for function tw_del_porttrigger_chain_for_nat at 0x41c3f4
2025-06-21 05:31:23,347 [INFO] Starting RDA core analysis for function sub_423988 at 0x423988
2025-06-21 05:31:23,973 [INFO] RDA core analysis for tw_del_porttrigger_chain_for_nat finished in 0s
2025-06-21 05:31:24,007 [INFO] Analyzing predecessor function ping_block_iptables_rules at 0x4169fc | XRefs: [<CFGNode ping_block_iptables_rules+0x54 [24]>]
2025-06-21 05:31:24,040 [INFO] Starting RDA core analysis for function ping_block_iptables_rules at 0x4169fc
2025-06-21 05:31:24,420 [INFO] RDA core analysis for ping_block_iptables_rules finished in 0s
2025-06-21 05:31:24,461 [INFO] Analyzing predecessor function reset_ipv6_linklocal_addr at 0x407160 | XRefs: [<CFGNode reset_ipv6_linklocal_addr+0x208 [100]>, <CFGNode reset_ipv6_linklocal_addr+0x18c [100]>]
2025-06-21 05:31:24,493 [INFO] Starting RDA core analysis for function reset_ipv6_linklocal_addr at 0x407160
2025-06-21 05:31:26,337 [INFO] RDA core analysis for reset_ipv6_linklocal_addr finished in 1s
2025-06-21 05:31:26,386 [INFO] Analyzing predecessor function stop_syslogd at 0x41bfc4 | XRefs: [<CFGNode stop_syslogd [80]>]
2025-06-21 05:31:26,415 [INFO] Starting RDA core analysis for function stop_syslogd at 0x41bfc4
2025-06-21 05:31:26,710 [INFO] RDA core analysis for stop_syslogd finished in 0s
2025-06-21 05:31:26,750 [INFO] Analyzing predecessor function start_btn at 0x41c024 | XRefs: [<CFGNode start_btn [64]>]
2025-06-21 05:31:26,781 [INFO] Starting RDA core analysis for function start_btn at 0x41c024
2025-06-21 05:31:27,009 [INFO] RDA core analysis for start_btn finished in 0s
2025-06-21 05:31:27,049 [INFO] Analyzing predecessor function stop_logmonitor at 0x41bc48 | XRefs: [<CFGNode stop_logmonitor [80]>]
2025-06-21 05:31:27,079 [INFO] Starting RDA core analysis for function stop_logmonitor at 0x41bc48
2025-06-21 05:31:27,373 [INFO] RDA core analysis for stop_logmonitor finished in 0s
2025-06-21 05:31:27,414 [INFO] Analyzing predecessor function start_klogd at 0x41bca8 | XRefs: [<CFGNode start_klogd+0x3c [40]>]
2025-06-21 05:31:27,444 [INFO] Starting RDA core analysis for function start_klogd at 0x41bca8
2025-06-21 05:31:27,790 [INFO] RDA core analysis for start_klogd finished in 0s
2025-06-21 05:31:27,824 [INFO] Analyzing predecessor function stop_miniupnpd at 0x421008 | XRefs: [<CFGNode stop_miniupnpd+0x7c [56]>]
2025-06-21 05:31:27,856 [INFO] Starting RDA core analysis for function stop_miniupnpd at 0x421008
2025-06-21 05:31:28,371 [INFO] RDA core analysis for stop_miniupnpd finished in 0s
2025-06-21 05:31:28,407 [INFO] Analyzing predecessor function tw_stop_ftpd at 0x41a694 | XRefs: [<CFGNode tw_stop_ftpd [80]>]
2025-06-21 05:31:28,440 [INFO] Starting RDA core analysis for function tw_stop_ftpd at 0x41a694
2025-06-21 05:31:28,735 [INFO] RDA core analysis for tw_stop_ftpd finished in 0s
2025-06-21 05:31:28,775 [INFO] Analyzing predecessor function stop_btn at 0x41c074 | XRefs: [<CFGNode stop_btn [80]>]
2025-06-21 05:31:28,805 [INFO] Starting RDA core analysis for function stop_btn at 0x41c074
2025-06-21 05:31:29,098 [INFO] RDA core analysis for stop_btn finished in 0s
2025-06-21 05:31:29,138 [INFO] Analyzing predecessor function start_downloader at 0x41c0d4 | XRefs: [<CFGNode start_downloader [64]>]
2025-06-21 05:31:29,169 [INFO] Starting RDA core analysis for function start_downloader at 0x41c0d4
2025-06-21 05:31:29,396 [INFO] RDA core analysis for start_downloader finished in 0s
2025-06-21 05:31:29,436 [INFO] Analyzing predecessor function stop_timer at 0x41bb18 | XRefs: [<CFGNode stop_timer [88]>]
2025-06-21 05:31:29,466 [INFO] Starting RDA core analysis for function stop_timer at 0x41bb18
2025-06-21 05:31:30,051 [INFO] RDA core analysis for stop_timer finished in 0s
2025-06-21 05:31:30,093 [INFO] Analyzing predecessor function stop_klogd at 0x41bd1c | XRefs: [<CFGNode stop_klogd [80]>]
2025-06-21 05:31:30,123 [INFO] Starting RDA core analysis for function stop_klogd at 0x41bd1c
2025-06-21 05:31:30,420 [INFO] RDA core analysis for stop_klogd finished in 0s
2025-06-21 05:31:30,454 [INFO] Analyzing predecessor function _eval at 0x408f04 | XRefs: [<CFGNode _eval+0x250 [28]>]
2025-06-21 05:31:30,487 [INFO] Starting RDA core analysis for function _eval at 0x408f04
2025-06-21 05:31:34,074 [INFO] RDA core analysis for _eval finished in 3s
2025-06-21 05:31:34,129 [INFO] Analyzing predecessor function nvram_set_double at 0x4083dc | XRefs: [<CFGNode nvram_set_double+0x40 [24]>]
2025-06-21 05:31:34,163 [INFO] Starting RDA core analysis for function nvram_set_double at 0x4083dc
2025-06-21 05:31:34,516 [INFO] RDA core analysis for nvram_set_double finished in 0s
2025-06-21 05:31:34,550 [INFO] Analyzing predecessor function cleanRCModeType at 0x40dc5c | XRefs: [<CFGNode cleanRCModeType [48]>]
2025-06-21 05:31:34,584 [INFO] Starting RDA core analysis for function cleanRCModeType at 0x40dc5c
2025-06-21 05:31:34,791 [INFO] RDA core analysis for cleanRCModeType finished in 0s
2025-06-21 05:31:34,825 [INFO] Analyzing predecessor function setAllRCModetype at 0x40dc9c | XRefs: [<CFGNode setAllRCModetype [48]>]
2025-06-21 05:31:34,859 [INFO] Starting RDA core analysis for function setAllRCModetype at 0x40dc9c
2025-06-21 05:31:35,062 [INFO] RDA core analysis for setAllRCModetype finished in 0s
2025-06-21 05:31:35,102 [INFO] Analyzing predecessor function nvram_set_int at 0x408338 | XRefs: [<CFGNode nvram_set_int+0x3c [24]>]
2025-06-21 05:31:35,133 [INFO] Starting RDA core analysis for function nvram_set_int at 0x408338
2025-06-21 05:31:35,471 [INFO] RDA core analysis for nvram_set_int finished in 0s
2025-06-21 05:31:35,506 [INFO] Analyzing predecessor function TW_Anti_DOS_ReConfig at 0x414f9c | XRefs: [<CFGNode TW_Anti_DOS_ReConfig+0x44 [20]>, <CFGNode TW_Anti_DOS_ReConfig+0x70 [24]>]
2025-06-21 05:31:35,539 [INFO] Starting RDA core analysis for function TW_Anti_DOS_ReConfig at 0x414f9c
2025-06-21 05:31:36,056 [INFO] RDA core analysis for TW_Anti_DOS_ReConfig finished in 0s
2025-06-21 05:31:36,227 [INFO] Importing /home/firmware/Current_dataset/D-Link/DIR-878/cpio-root/lib/librcm.so into Ghidra project with command: /home/SGTaint/ghidra/support/analyzeHeadless /home/SGTaint/tmp/ghidra librcm.so -import /home/firmware/Current_dataset/D-Link/DIR-878/cpio-root/lib/librcm.so
2025-06-21 05:31:40,022 [INFO] Successfully imported /home/firmware/Current_dataset/D-Link/DIR-878/cpio-root/lib/librcm.so into Ghidra project.
2025-06-21 05:31:40,050 [ERROR] Error analyzing function sub_423988 (addr=0x423988): list index out of range
Traceback (most recent call last):
  File "/home/SGTaint/tool/SGGraph/base.py", line 271, in rda_analyze
    result = run_function_with_timeout(self.rda_analyze_core, args=(caller_func,), timeout=20000)
  File "/home/SGTaint/tool/BugFinder/utils.py", line 613, in run_function_with_timeout
    raise data
IndexError: list index out of range
2025-06-21 05:31:40,051 [INFO] Analyzing predecessor function sub_411590 at 0x411590 | XRefs: [<CFGNode 0x4115ec[36]>, <CFGNode 0x411634[40]>, <CFGNode 0x411680[40]>, <CFGNode 0x4116cc[40]>, <CFGNode 0x411718[40]>, <CFGNode 0x411764[40]>, <CFGNode 0x4117b0[40]>, <CFGNode 0x4117fc[40]>, <CFGNode 0x411848[40]>, <CFGNode 0x411894[40]>, <CFGNode 0x4118e0[40]>, <CFGNode 0x41192c[40]>, <CFGNode 0x411978[40]>, <CFGNode 0x4119c4[40]>, <CFGNode 0x411a10[40]>]
2025-06-21 05:31:40,084 [INFO] Starting RDA core analysis for function sub_411590 at 0x411590
2025-06-21 05:31:42,319 [INFO] RDA core analysis for sub_411590 finished in 2s
2025-06-21 05:31:42,375 [INFO] Analyzing predecessor function start_schedule at 0x42ab94 | XRefs: [<CFGNode start_schedule+0x1270 [36]>]
2025-06-21 05:31:42,407 [INFO] Starting RDA core analysis for function start_schedule at 0x42ab94
2025-06-21 05:32:03,113 [INFO] Executed Ghidra command for decompilation: /home/SGTaint/ghidra/support/analyzeHeadless /home/SGTaint/tmp/ghidra librcm.so -process librcm.so -postScript /home/SGTaint/tool/Ghidra/decompile_assist.py "0x400000"
2025-06-21 05:32:03,244 [INFO] Finished RDA analysis for /home/firmware/Current_dataset/D-Link/DIR-878/cpio-root/lib/librcm.so in 1752s
2025-06-21 05:32:03,267 [INFO] [PARALLEL] Finished analysis for: /home/firmware/Current_dataset/D-Link/DIR-878/cpio-root/lib/librcm.so (4/6)
2025-06-21 05:32:03,548 [ERROR] Error analyzing function sub_4832e4 (addr=0x4832e4): list index out of range
Traceback (most recent call last):
  File "/home/SGTaint/tool/SGGraph/base.py", line 271, in rda_analyze
    result = run_function_with_timeout(self.rda_analyze_core, args=(caller_func,), timeout=20000)
  File "/home/SGTaint/tool/BugFinder/utils.py", line 613, in run_function_with_timeout
    raise data
IndexError: list index out of range
2025-06-21 05:32:03,549 [INFO] Analyzing predecessor function sub_433cf8 at 0x433cf8 | XRefs: [<CFGNode 0x433e30[32]>, <CFGNode 0x434004[72]>, <CFGNode 0x43408c[28]>, <CFGNode 0x4340e8[28]>]
2025-06-21 05:32:03,586 [INFO] Starting RDA core analysis for function sub_433cf8 at 0x433cf8
2025-06-21 05:32:06,414 [ERROR] Error analyzing function sub_433cf8 (addr=0x433cf8): list index out of range
Traceback (most recent call last):
  File "/home/SGTaint/tool/SGGraph/base.py", line 271, in rda_analyze
    result = run_function_with_timeout(self.rda_analyze_core, args=(caller_func,), timeout=20000)
  File "/home/SGTaint/tool/BugFinder/utils.py", line 613, in run_function_with_timeout
    raise data
IndexError: list index out of range
2025-06-21 05:32:06,415 [INFO] Analyzing predecessor function sub_444700 at 0x444700 | XRefs: [<CFGNode 0x4448d0[36]>, <CFGNode 0x444964[32]>, <CFGNode 0x4449c8[32]>, <CFGNode 0x444a2c[32]>, <CFGNode 0x444a90[76]>, <CFGNode 0x444b1c[28]>]
2025-06-21 05:32:06,452 [INFO] Starting RDA core analysis for function sub_444700 at 0x444700
2025-06-21 05:32:09,663 [ERROR] Error analyzing function sub_444700 (addr=0x444700): list index out of range
Traceback (most recent call last):
  File "/home/SGTaint/tool/SGGraph/base.py", line 271, in rda_analyze
    result = run_function_with_timeout(self.rda_analyze_core, args=(caller_func,), timeout=20000)
  File "/home/SGTaint/tool/BugFinder/utils.py", line 613, in run_function_with_timeout
    raise data
IndexError: list index out of range
2025-06-21 05:32:09,664 [INFO] Analyzing predecessor function sub_479f00 at 0x479f00 | XRefs: [<CFGNode 0x47a05c[36]>]
2025-06-21 05:32:09,695 [INFO] Starting RDA core analysis for function sub_479f00 at 0x479f00
2025-06-21 05:32:15,959 [ERROR] Error analyzing function sub_479f00 (addr=0x479f00): list index out of range
Traceback (most recent call last):
  File "/home/SGTaint/tool/SGGraph/base.py", line 271, in rda_analyze
    result = run_function_with_timeout(self.rda_analyze_core, args=(caller_func,), timeout=20000)
  File "/home/SGTaint/tool/BugFinder/utils.py", line 613, in run_function_with_timeout
    raise data
IndexError: list index out of range
2025-06-21 05:32:15,960 [INFO] Analyzing predecessor function sub_480700 at 0x480700 | XRefs: [<CFGNode 0x480810[28]>]
2025-06-21 05:32:15,997 [INFO] Starting RDA core analysis for function sub_480700 at 0x480700
2025-06-21 05:32:16,800 [INFO] RDA core analysis for sub_480700 finished in 0s
2025-06-21 05:32:16,855 [INFO] Analyzing predecessor function ModifyPortForwardingRuleIpNetAddr at 0x44e114 | XRefs: [<CFGNode ModifyPortForwardingRuleIpNetAddr+0x724 [36]>]
2025-06-21 05:32:16,892 [INFO] Starting RDA core analysis for function ModifyPortForwardingRuleIpNetAddr at 0x44e114
2025-06-21 05:32:22,366 [ERROR] Error analyzing function ModifyPortForwardingRuleIpNetAddr (addr=0x44e114): list index out of range
Traceback (most recent call last):
  File "/home/SGTaint/tool/SGGraph/base.py", line 271, in rda_analyze
    result = run_function_with_timeout(self.rda_analyze_core, args=(caller_func,), timeout=20000)
  File "/home/SGTaint/tool/BugFinder/utils.py", line 613, in run_function_with_timeout
    raise data
IndexError: list index out of range
2025-06-21 05:32:22,367 [INFO] Analyzing predecessor function sub_467124 at 0x467124 | XRefs: [<CFGNode 0x467358[28]>, <CFGNode 0x467428[28]>, <CFGNode 0x467524[28]>, <CFGNode 0x467678[28]>, <CFGNode 0x467694[36]>, <CFGNode 0x4676b8[36]>, <CFGNode 0x4676dc[36]>, <CFGNode 0x4677ac[28]>, <CFGNode 0x4678a8[28]>, <CFGNode 0x4679fc[28]>, <CFGNode 0x467a18[36]>, <CFGNode 0x467a3c[36]>, <CFGNode 0x467a60[36]>]
2025-06-21 05:32:22,404 [INFO] Starting RDA core analysis for function sub_467124 at 0x467124
2025-06-21 05:32:31,097 [ERROR] Error analyzing function sub_467124 (addr=0x467124): list index out of range
Traceback (most recent call last):
  File "/home/SGTaint/tool/SGGraph/base.py", line 271, in rda_analyze
    result = run_function_with_timeout(self.rda_analyze_core, args=(caller_func,), timeout=20000)
  File "/home/SGTaint/tool/BugFinder/utils.py", line 613, in run_function_with_timeout
    raise data
IndexError: list index out of range
2025-06-21 05:32:31,098 [INFO] Analyzing predecessor function sub_478530 at 0x478530 | XRefs: [<CFGNode 0x47876c[40]>]
2025-06-21 05:32:31,135 [INFO] Starting RDA core analysis for function sub_478530 at 0x478530
2025-06-21 05:32:34,935 [ERROR] Error analyzing function sub_478530 (addr=0x478530): list index out of range
Traceback (most recent call last):
  File "/home/SGTaint/tool/SGGraph/base.py", line 271, in rda_analyze
    result = run_function_with_timeout(self.rda_analyze_core, args=(caller_func,), timeout=20000)
  File "/home/SGTaint/tool/BugFinder/utils.py", line 613, in run_function_with_timeout
    raise data
IndexError: list index out of range
2025-06-21 05:32:34,936 [INFO] Analyzing predecessor function sub_431f30 at 0x431f30 | XRefs: [<CFGNode 0x432764[32]>]
2025-06-21 05:32:34,972 [INFO] Starting RDA core analysis for function sub_431f30 at 0x431f30
2025-06-21 05:32:40,543 [ERROR] Error analyzing function sub_431f30 (addr=0x431f30): list index out of range
Traceback (most recent call last):
  File "/home/SGTaint/tool/SGGraph/base.py", line 271, in rda_analyze
    result = run_function_with_timeout(self.rda_analyze_core, args=(caller_func,), timeout=20000)
  File "/home/SGTaint/tool/BugFinder/utils.py", line 613, in run_function_with_timeout
    raise data
IndexError: list index out of range
2025-06-21 05:32:40,545 [INFO] Analyzing predecessor function sub_446730 at 0x446730 | XRefs: [<CFGNode 0x446790[36]>]
2025-06-21 05:32:40,582 [INFO] Starting RDA core analysis for function sub_446730 at 0x446730
2025-06-21 05:32:42,141 [ERROR] Error analyzing function sub_446730 (addr=0x446730): list index out of range
Traceback (most recent call last):
  File "/home/SGTaint/tool/SGGraph/base.py", line 271, in rda_analyze
    result = run_function_with_timeout(self.rda_analyze_core, args=(caller_func,), timeout=20000)
  File "/home/SGTaint/tool/BugFinder/utils.py", line 613, in run_function_with_timeout
    raise data
IndexError: list index out of range
2025-06-21 05:32:42,142 [INFO] Analyzing predecessor function sub_466130 at 0x466130 | XRefs: [<CFGNode 0x46632c[28]>, <CFGNode 0x466348[36]>, <CFGNode 0x46636c[36]>, <CFGNode 0x4664d4[28]>, <CFGNode 0x4664f0[36]>, <CFGNode 0x466514[36]>]
2025-06-21 05:32:42,179 [INFO] Starting RDA core analysis for function sub_466130 at 0x466130
2025-06-21 05:32:46,639 [ERROR] Error analyzing function sub_466130 (addr=0x466130): list index out of range
Traceback (most recent call last):
  File "/home/SGTaint/tool/SGGraph/base.py", line 271, in rda_analyze
    result = run_function_with_timeout(self.rda_analyze_core, args=(caller_func,), timeout=20000)
  File "/home/SGTaint/tool/BugFinder/utils.py", line 613, in run_function_with_timeout
    raise data
IndexError: list index out of range
2025-06-21 05:32:46,641 [INFO] Analyzing predecessor function sub_45a934 at 0x45a934 | XRefs: [<CFGNode 0x45a934[100]>, <CFGNode 0x45a9e0[32]>, <CFGNode 0x45aa48[32]>, <CFGNode 0x45aa68[36]>, <CFGNode 0x45aa8c[36]>, <CFGNode 0x45aab0[36]>, <CFGNode 0x45aad4[36]>, <CFGNode 0x45aaf8[36]>, <CFGNode 0x45ab1c[36]>, <CFGNode 0x45ab40[36]>, <CFGNode 0x45ab64[36]>, <CFGNode 0x45ab88[36]>, <CFGNode 0x45abac[36]>, <CFGNode 0x45abd0[36]>]
2025-06-21 05:32:46,677 [INFO] Starting RDA core analysis for function sub_45a934 at 0x45a934
2025-06-21 05:32:49,680 [ERROR] Error analyzing function sub_45a934 (addr=0x45a934): list index out of range
Traceback (most recent call last):
  File "/home/SGTaint/tool/SGGraph/base.py", line 271, in rda_analyze
    result = run_function_with_timeout(self.rda_analyze_core, args=(caller_func,), timeout=20000)
  File "/home/SGTaint/tool/BugFinder/utils.py", line 613, in run_function_with_timeout
    raise data
IndexError: list index out of range
2025-06-21 05:32:49,681 [INFO] Analyzing predecessor function sub_43493c at 0x43493c | XRefs: [<CFGNode 0x434a48[80]>, <CFGNode 0x434a98[36]>, <CFGNode 0x434b04[28]>]
2025-06-21 05:32:49,717 [INFO] Starting RDA core analysis for function sub_43493c at 0x43493c
2025-06-21 05:32:51,556 [ERROR] Error analyzing function sub_43493c (addr=0x43493c): list index out of range
Traceback (most recent call last):
  File "/home/SGTaint/tool/SGGraph/base.py", line 271, in rda_analyze
    result = run_function_with_timeout(self.rda_analyze_core, args=(caller_func,), timeout=20000)
  File "/home/SGTaint/tool/BugFinder/utils.py", line 613, in run_function_with_timeout
    raise data
IndexError: list index out of range
2025-06-21 05:32:51,558 [INFO] Analyzing predecessor function ModifyDhcpStaticBindIpNetAddr at 0x47d940 | XRefs: [<CFGNode ModifyDhcpStaticBindIpNetAddr+0x5a0 [36]>]
2025-06-21 05:32:51,610 [INFO] Starting RDA core analysis for function ModifyDhcpStaticBindIpNetAddr at 0x47d940
2025-06-21 05:32:55,166 [ERROR] Error analyzing function ModifyDhcpStaticBindIpNetAddr (addr=0x47d940): list index out of range
Traceback (most recent call last):
  File "/home/SGTaint/tool/SGGraph/base.py", line 271, in rda_analyze
    result = run_function_with_timeout(self.rda_analyze_core, args=(caller_func,), timeout=20000)
  File "/home/SGTaint/tool/BugFinder/utils.py", line 613, in run_function_with_timeout
    raise data
IndexError: list index out of range
2025-06-21 05:32:55,168 [INFO] Analyzing predecessor function sub_468d44 at 0x468d44 | XRefs: [<CFGNode 0x468f6c[28]>, <CFGNode 0x46903c[28]>, <CFGNode 0x469080[28]>, <CFGNode 0x4690c4[28]>, <CFGNode 0x469108[28]>, <CFGNode 0x469190[32]>, <CFGNode 0x469298[28]>, <CFGNode 0x4692b4[36]>, <CFGNode 0x4692d8[36]>, <CFGNode 0x4692fc[36]>, <CFGNode 0x4693cc[28]>, <CFGNode 0x469410[28]>, <CFGNode 0x469454[28]>, <CFGNode 0x469498[28]>, <CFGNode 0x469520[32]>, <CFGNode 0x469628[28]>, <CFGNode 0x469644[36]>, <CFGNode 0x469668[36]>, <CFGNode 0x46968c[36]>]
2025-06-21 05:32:55,220 [INFO] Starting RDA core analysis for function sub_468d44 at 0x468d44
2025-06-21 05:33:03,870 [ERROR] Error analyzing function sub_468d44 (addr=0x468d44): list index out of range
Traceback (most recent call last):
  File "/home/SGTaint/tool/SGGraph/base.py", line 271, in rda_analyze
    result = run_function_with_timeout(self.rda_analyze_core, args=(caller_func,), timeout=20000)
  File "/home/SGTaint/tool/BugFinder/utils.py", line 613, in run_function_with_timeout
    raise data
IndexError: list index out of range
2025-06-21 05:33:03,871 [INFO] Analyzing predecessor function sub_47a754 at 0x47a754 | XRefs: [<CFGNode 0x47ab18[32]>, <CFGNode 0x47ab50[32]>]
2025-06-21 05:33:03,908 [INFO] Starting RDA core analysis for function sub_47a754 at 0x47a754
2025-06-21 05:33:08,189 [INFO] RDA core analysis for sub_47a754 finished in 4s
2025-06-21 05:33:08,257 [INFO] Analyzing predecessor function sub_450d90 at 0x450d90 | XRefs: [<CFGNode 0x450e6c[36]>, <CFGNode 0x450eec[28]>, <CFGNode 0x450f08[36]>, <CFGNode 0x450f9c[32]>, <CFGNode 0x450fbc[36]>]
2025-06-21 05:33:08,294 [INFO] Starting RDA core analysis for function sub_450d90 at 0x450d90
2025-06-21 05:33:10,048 [INFO] RDA core analysis for start_schedule finished in 87s
2025-06-21 05:33:10,236 [INFO] Analyzing predecessor function sub_438d94 at 0x438d94 | XRefs: [<CFGNode 0x438e78[96]>]
2025-06-21 05:33:10,271 [INFO] Starting RDA core analysis for function sub_438d94 at 0x438d94
2025-06-21 05:33:11,436 [ERROR] Error analyzing function sub_438d94 (addr=0x438d94): list index out of range
Traceback (most recent call last):
  File "/home/SGTaint/tool/SGGraph/base.py", line 271, in rda_analyze
    result = run_function_with_timeout(self.rda_analyze_core, args=(caller_func,), timeout=20000)
  File "/home/SGTaint/tool/BugFinder/utils.py", line 613, in run_function_with_timeout
    raise data
IndexError: list index out of range
2025-06-21 05:33:11,437 [INFO] Analyzing predecessor function sub_40b59c at 0x40b59c | XRefs: [<CFGNode 0x40b670[28]>]
2025-06-21 05:33:11,469 [INFO] Starting RDA core analysis for function sub_40b59c at 0x40b59c
2025-06-21 05:33:12,219 [INFO] RDA core analysis for sub_40b59c finished in 0s
2025-06-21 05:33:12,258 [INFO] Analyzing predecessor function sub_447f9c at 0x447f9c | XRefs: [<CFGNode 0x448560[36]>, <CFGNode 0x4485a8[36]>, <CFGNode 0x4483cc[40]>, <CFGNode 0x4483f4[40]>, <CFGNode 0x44841c[40]>]
2025-06-21 05:33:12,290 [INFO] Starting RDA core analysis for function sub_447f9c at 0x447f9c
2025-06-21 05:33:18,184 [ERROR] Error analyzing function sub_450d90 (addr=0x450d90): list index out of range
Traceback (most recent call last):
  File "/home/SGTaint/tool/SGGraph/base.py", line 271, in rda_analyze
    result = run_function_with_timeout(self.rda_analyze_core, args=(caller_func,), timeout=20000)
  File "/home/SGTaint/tool/BugFinder/utils.py", line 613, in run_function_with_timeout
    raise data
IndexError: list index out of range
2025-06-21 05:33:18,185 [INFO] Analyzing predecessor function sub_451d90 at 0x451d90 | XRefs: [<CFGNode 0x451eb4[36]>, <CFGNode 0x451ed8[36]>]
2025-06-21 05:33:18,223 [INFO] Starting RDA core analysis for function sub_451d90 at 0x451d90
2025-06-21 05:33:22,134 [ERROR] Error analyzing function sub_451d90 (addr=0x451d90): list index out of range
Traceback (most recent call last):
  File "/home/SGTaint/tool/SGGraph/base.py", line 271, in rda_analyze
    result = run_function_with_timeout(self.rda_analyze_core, args=(caller_func,), timeout=20000)
  File "/home/SGTaint/tool/BugFinder/utils.py", line 613, in run_function_with_timeout
    raise data
IndexError: list index out of range
2025-06-21 05:33:22,135 [INFO] Analyzing predecessor function ModifyDmzIpNetAddr at 0x446b94 | XRefs: [<CFGNode ModifyDmzIpNetAddr+0x1e0 [36]>, <CFGNode ModifyDmzIpNetAddr+0x1b0 [36]>]
2025-06-21 05:33:22,171 [INFO] Starting RDA core analysis for function ModifyDmzIpNetAddr at 0x446b94
2025-06-21 05:33:26,020 [INFO] RDA core analysis for ModifyDmzIpNetAddr finished in 3s
2025-06-21 05:33:26,093 [INFO] Analyzing predecessor function sub_449fa8 at 0x449fa8 | XRefs: [<CFGNode 0x44a220[36]>, <CFGNode 0x44a244[36]>]
2025-06-21 05:33:26,129 [INFO] Starting RDA core analysis for function sub_449fa8 at 0x449fa8
2025-06-21 05:33:39,668 [ERROR] Error analyzing function sub_449fa8 (addr=0x449fa8): list index out of range
Traceback (most recent call last):
  File "/home/SGTaint/tool/SGGraph/base.py", line 271, in rda_analyze
    result = run_function_with_timeout(self.rda_analyze_core, args=(caller_func,), timeout=20000)
  File "/home/SGTaint/tool/BugFinder/utils.py", line 613, in run_function_with_timeout
    raise data
IndexError: list index out of range
2025-06-21 05:33:39,669 [INFO] Analyzing predecessor function sub_4329ac at 0x4329ac | XRefs: [<CFGNode 0x432a44[28]>, <CFGNode 0x432a90[32]>, <CFGNode 0x432b64[80]>, <CFGNode 0x432bb4[36]>, <CFGNode 0x432bd8[36]>, <CFGNode 0x432bfc[36]>]
2025-06-21 05:33:39,706 [INFO] Starting RDA core analysis for function sub_4329ac at 0x4329ac
2025-06-21 05:33:42,506 [ERROR] Error analyzing function sub_4329ac (addr=0x4329ac): list index out of range
Traceback (most recent call last):
  File "/home/SGTaint/tool/SGGraph/base.py", line 271, in rda_analyze
    result = run_function_with_timeout(self.rda_analyze_core, args=(caller_func,), timeout=20000)
  File "/home/SGTaint/tool/BugFinder/utils.py", line 613, in run_function_with_timeout
    raise data
IndexError: list index out of range
2025-06-21 05:33:42,507 [INFO] Analyzing predecessor function sub_4823ac at 0x4823ac | XRefs: [<CFGNode 0x48266c[28]>, <CFGNode 0x482790[28]>, <CFGNode 0x482894[28]>, <CFGNode 0x482a24[28]>, <CFGNode 0x482bb4[28]>, <CFGNode 0x48271c[28]>]
2025-06-21 05:33:42,543 [INFO] Starting RDA core analysis for function sub_4823ac at 0x4823ac
2025-06-21 05:33:48,070 [INFO] RDA core analysis for sub_447f9c finished in 35s
2025-06-21 05:33:48,238 [INFO] Analyzing predecessor function sub_4079a4 at 0x4079a4 | XRefs: [<CFGNode 0x4080dc[72]>]
2025-06-21 05:33:48,275 [INFO] Starting RDA core analysis for function sub_4079a4 at 0x4079a4
2025-06-21 05:34:05,435 [INFO] RDA core analysis for sub_4079a4 finished in 17s
2025-06-21 05:34:05,579 [INFO] Analyzing predecessor function lan_wan_ip_conflict_handler at 0x4225b0 | XRefs: [<CFGNode lan_wan_ip_conflict_handler+0x9d0 [36]>, <CFGNode lan_wan_ip_conflict_handler+0x928 [36]>, <CFGNode lan_wan_ip_conflict_handler+0x94c [40]>, <CFGNode lan_wan_ip_conflict_handler+0x974 [40]>, <CFGNode lan_wan_ip_conflict_handler+0x99c [40]>, <CFGNode lan_wan_ip_conflict_handler+0x9f4 [40]>, <CFGNode lan_wan_ip_conflict_handler+0xa1c [40]>, <CFGNode lan_wan_ip_conflict_handler+0xa44 [40]>, <CFGNode lan_wan_ip_conflict_handler+0x828 [36]>, <CFGNode lan_wan_ip_conflict_handler+0x780 [36]>, <CFGNode lan_wan_ip_conflict_handler+0x7a4 [40]>, <CFGNode lan_wan_ip_conflict_handler+0x7cc [40]>, <CFGNode lan_wan_ip_conflict_handler+0x7f4 [40]>, <CFGNode lan_wan_ip_conflict_handler+0x84c [40]>, <CFGNode lan_wan_ip_conflict_handler+0x874 [40]>, <CFGNode lan_wan_ip_conflict_handler+0x89c [40]>, <CFGNode lan_wan_ip_conflict_handler+0x680 [36]>, <CFGNode lan_wan_ip_conflict_handler+0x5d8 [36]>, <CFGNode lan_wan_ip_conflict_handler+0x5fc [40]>, <CFGNode lan_wan_ip_conflict_handler+0x624 [40]>, <CFGNode lan_wan_ip_conflict_handler+0x64c [40]>, <CFGNode lan_wan_ip_conflict_handler+0x6a4 [40]>, <CFGNode lan_wan_ip_conflict_handler+0x6cc [40]>, <CFGNode lan_wan_ip_conflict_handler+0x6f4 [40]>, <CFGNode lan_wan_ip_conflict_handler+0x1080 [36]>, <CFGNode lan_wan_ip_conflict_handler+0xfd8 [36]>, <CFGNode lan_wan_ip_conflict_handler+0xffc [40]>, <CFGNode lan_wan_ip_conflict_handler+0x1024 [40]>, <CFGNode lan_wan_ip_conflict_handler+0x104c [40]>, <CFGNode lan_wan_ip_conflict_handler+0x10a4 [40]>, <CFGNode lan_wan_ip_conflict_handler+0x10cc [40]>, <CFGNode lan_wan_ip_conflict_handler+0x10f4 [40]>, <CFGNode lan_wan_ip_conflict_handler+0xed8 [36]>, <CFGNode lan_wan_ip_conflict_handler+0xe30 [36]>, <CFGNode lan_wan_ip_conflict_handler+0xe54 [40]>, <CFGNode lan_wan_ip_conflict_handler+0xe7c [40]>, <CFGNode lan_wan_ip_conflict_handler+0xea4 [40]>, <CFGNode lan_wan_ip_conflict_handler+0xefc [40]>, <CFGNode lan_wan_ip_conflict_handler+0xf24 [40]>, <CFGNode lan_wan_ip_conflict_handler+0xf4c [40]>, <CFGNode lan_wan_ip_conflict_handler+0xd30 [36]>, <CFGNode lan_wan_ip_conflict_handler+0xc88 [36]>, <CFGNode lan_wan_ip_conflict_handler+0xcac [40]>, <CFGNode lan_wan_ip_conflict_handler+0xcd4 [40]>, <CFGNode lan_wan_ip_conflict_handler+0xcfc [40]>, <CFGNode lan_wan_ip_conflict_handler+0xd54 [40]>, <CFGNode lan_wan_ip_conflict_handler+0xd7c [40]>, <CFGNode lan_wan_ip_conflict_handler+0xda4 [40]>]
2025-06-21 05:34:05,630 [INFO] Starting RDA core analysis for function lan_wan_ip_conflict_handler at 0x4225b0
2025-06-21 05:34:05,963 [ERROR] Error analyzing function sub_4823ac (addr=0x4823ac): list index out of range
Traceback (most recent call last):
  File "/home/SGTaint/tool/SGGraph/base.py", line 271, in rda_analyze
    result = run_function_with_timeout(self.rda_analyze_core, args=(caller_func,), timeout=20000)
  File "/home/SGTaint/tool/BugFinder/utils.py", line 613, in run_function_with_timeout
    raise data
IndexError: list index out of range
2025-06-21 05:34:05,964 [INFO] Analyzing predecessor function sub_4773b0 at 0x4773b0 | XRefs: [<CFGNode 0x4775ec[40]>]
2025-06-21 05:34:06,002 [INFO] Starting RDA core analysis for function sub_4773b0 at 0x4773b0
2025-06-21 05:34:09,784 [ERROR] Error analyzing function sub_4773b0 (addr=0x4773b0): list index out of range
Traceback (most recent call last):
  File "/home/SGTaint/tool/SGGraph/base.py", line 271, in rda_analyze
    result = run_function_with_timeout(self.rda_analyze_core, args=(caller_func,), timeout=20000)
  File "/home/SGTaint/tool/BugFinder/utils.py", line 613, in run_function_with_timeout
    raise data
IndexError: list index out of range
2025-06-21 05:34:09,785 [INFO] Analyzing predecessor function sub_4451c0 at 0x4451c0 | XRefs: [<CFGNode 0x44525c[56]>, <CFGNode 0x445294[36]>, <CFGNode 0x445304[32]>, <CFGNode 0x44535c[32]>, <CFGNode 0x4453b4[32]>, <CFGNode 0x44540c[32]>, <CFGNode 0x445464[32]>]
2025-06-21 05:34:09,822 [INFO] Starting RDA core analysis for function sub_4451c0 at 0x4451c0
2025-06-21 05:34:13,851 [ERROR] Error analyzing function sub_4451c0 (addr=0x4451c0): list index out of range
Traceback (most recent call last):
  File "/home/SGTaint/tool/SGGraph/base.py", line 271, in rda_analyze
    result = run_function_with_timeout(self.rda_analyze_core, args=(caller_func,), timeout=20000)
  File "/home/SGTaint/tool/BugFinder/utils.py", line 613, in run_function_with_timeout
    raise data
IndexError: list index out of range
2025-06-21 05:34:13,852 [INFO] Analyzing predecessor function sub_4619c0 at 0x4619c0 | XRefs: [<CFGNode 0x461aec[28]>]
2025-06-21 05:34:13,882 [INFO] Starting RDA core analysis for function sub_4619c0 at 0x4619c0
2025-06-21 05:34:15,346 [INFO] RDA core analysis for sub_4619c0 finished in 1s
2025-06-21 05:34:15,400 [INFO] Analyzing predecessor function sub_4761cc at 0x4761cc | XRefs: [<CFGNode 0x47641c[104]>, <CFGNode 0x476484[84]>]
2025-06-21 05:34:15,431 [INFO] Starting RDA core analysis for function sub_4761cc at 0x4761cc
2025-06-21 05:34:19,445 [ERROR] Error analyzing function sub_4761cc (addr=0x4761cc): list index out of range
Traceback (most recent call last):
  File "/home/SGTaint/tool/SGGraph/base.py", line 271, in rda_analyze
    result = run_function_with_timeout(self.rda_analyze_core, args=(caller_func,), timeout=20000)
  File "/home/SGTaint/tool/BugFinder/utils.py", line 613, in run_function_with_timeout
    raise data
IndexError: list index out of range
2025-06-21 05:34:19,446 [INFO] Analyzing predecessor function sub_430dd0 at 0x430dd0 | XRefs: [<CFGNode 0x431320[44]>, <CFGNode 0x431474[44]>]
2025-06-21 05:34:19,483 [INFO] Starting RDA core analysis for function sub_430dd0 at 0x430dd0
2025-06-21 05:34:24,137 [ERROR] Error analyzing function sub_430dd0 (addr=0x430dd0): list index out of range
Traceback (most recent call last):
  File "/home/SGTaint/tool/SGGraph/base.py", line 271, in rda_analyze
    result = run_function_with_timeout(self.rda_analyze_core, args=(caller_func,), timeout=20000)
  File "/home/SGTaint/tool/BugFinder/utils.py", line 613, in run_function_with_timeout
    raise data
IndexError: list index out of range
2025-06-21 05:34:24,138 [INFO] Analyzing predecessor function sub_4617d0 at 0x4617d0 | XRefs: [<CFGNode 0x461978[36]>, <CFGNode 0x46190c[36]>, <CFGNode 0x4618a0[36]>]
2025-06-21 05:34:24,175 [INFO] Starting RDA core analysis for function sub_4617d0 at 0x4617d0
2025-06-21 05:34:27,070 [INFO] RDA core analysis for sub_4617d0 finished in 2s
2025-06-21 05:34:27,137 [INFO] Analyzing predecessor function sub_46f9d4 at 0x46f9d4 | XRefs: [<CFGNode 0x46fc1c[28]>, <CFGNode 0x46fc7c[28]>, <CFGNode 0x46fcc0[28]>, <CFGNode 0x46fd04[28]>, <CFGNode 0x46fd48[28]>, <CFGNode 0x46fd8c[28]>, <CFGNode 0x46fe40[28]>, <CFGNode 0x46ff3c[28]>, <CFGNode 0x470090[28]>, <CFGNode 0x4700ac[36]>, <CFGNode 0x4700d0[36]>, <CFGNode 0x4700f4[36]>, <CFGNode 0x470154[28]>, <CFGNode 0x470198[28]>, <CFGNode 0x4701dc[28]>, <CFGNode 0x470220[28]>, <CFGNode 0x470264[28]>, <CFGNode 0x470318[28]>, <CFGNode 0x470414[28]>, <CFGNode 0x470568[28]>, <CFGNode 0x470584[36]>, <CFGNode 0x4705a8[36]>, <CFGNode 0x4705cc[36]>]
2025-06-21 05:34:27,174 [INFO] Starting RDA core analysis for function sub_46f9d4 at 0x46f9d4
2025-06-21 05:34:37,631 [ERROR] Error analyzing function sub_46f9d4 (addr=0x46f9d4): list index out of range
Traceback (most recent call last):
  File "/home/SGTaint/tool/SGGraph/base.py", line 271, in rda_analyze
    result = run_function_with_timeout(self.rda_analyze_core, args=(caller_func,), timeout=20000)
  File "/home/SGTaint/tool/BugFinder/utils.py", line 613, in run_function_with_timeout
    raise data
IndexError: list index out of range
2025-06-21 05:34:37,632 [INFO] Analyzing predecessor function ModifyQosIpNetAddr at 0x4463e4 | XRefs: [<CFGNode ModifyQosIpNetAddr+0x214 [40]>]
2025-06-21 05:34:37,669 [INFO] Starting RDA core analysis for function ModifyQosIpNetAddr at 0x4463e4
2025-06-21 05:34:44,784 [INFO] RDA core analysis for ModifyQosIpNetAddr finished in 7s
2025-06-21 05:34:44,865 [INFO] Analyzing predecessor function sub_426758 at 0x426758 | XRefs: [<CFGNode 0x426758[52]>, <CFGNode 0x4267b0[40]>]
2025-06-21 05:34:44,903 [INFO] Starting RDA core analysis for function sub_426758 at 0x426758
2025-06-21 05:34:45,303 [INFO] RDA core analysis for lan_wan_ip_conflict_handler finished in 39s
2025-06-21 05:34:45,489 [INFO] Analyzing predecessor function sub_41fbb4 at 0x41fbb4 | XRefs: [<CFGNode 0x41fc94[28]>, <CFGNode 0x41fcb0[36]>, <CFGNode 0x41fe38[28]>]
2025-06-21 05:34:45,525 [INFO] Starting RDA core analysis for function sub_41fbb4 at 0x41fbb4
2025-06-21 05:34:47,083 [INFO] RDA core analysis for sub_426758 finished in 2s
2025-06-21 05:34:47,146 [INFO] Analyzing predecessor function websCgiHandler at 0x405558 | XRefs: [<CFGNode websCgiHandler+0xa64 [72]>]
2025-06-21 05:34:47,183 [INFO] Starting RDA core analysis for function websCgiHandler at 0x405558
2025-06-21 05:34:48,027 [INFO] RDA core analysis for sub_41fbb4 finished in 2s
2025-06-21 05:34:48,074 [INFO] Analyzing predecessor function handle_notifications at 0x4439c0 | XRefs: [<CFGNode handle_notifications+0x20c [36]>, <CFGNode handle_notifications+0x15bc [36]>, <CFGNode handle_notifications+0x15e0 [40]>]
2025-06-21 05:34:48,105 [INFO] Starting RDA core analysis for function handle_notifications at 0x4439c0
2025-06-21 05:34:59,965 [INFO] RDA core analysis for websCgiHandler finished in 12s
2025-06-21 05:35:00,062 [INFO] Analyzing predecessor function main at 0x4249ac | XRefs: [<CFGNode main+0x1168 [44]>]
2025-06-21 05:35:00,099 [INFO] Starting RDA core analysis for function main at 0x4249ac
2025-06-21 05:35:09,127 [WARNING] Decompiler failed for function main: 'NoneType' object has no attribute 'bytes_at'
2025-06-21 05:35:13,910 [INFO] RDA core analysis for handle_notifications finished in 25s
2025-06-21 05:35:14,054 [INFO] Analyzing predecessor function start_services at 0x4435c0 | XRefs: [<CFGNode start_services+0xa4 [32]>]
2025-06-21 05:35:14,090 [INFO] Starting RDA core analysis for function start_services at 0x4435c0
2025-06-21 05:35:15,191 [INFO] RDA core analysis for start_services finished in 1s
2025-06-21 05:35:15,234 [INFO] Analyzing predecessor function sub_4247c0 at 0x4247c0 | XRefs: [<CFGNode 0x424d2c[44]>, <CFGNode 0x424dfc[48]>, <CFGNode 0x425744[44]>, <CFGNode 0x4257e8[64]>, <CFGNode 0x425690[48]>, <CFGNode 0x4255fc[48]>]
2025-06-21 05:35:15,267 [INFO] Starting RDA core analysis for function sub_4247c0 at 0x4247c0
2025-06-21 05:35:20,128 [INFO] RDA core analysis for main finished in 20s
2025-06-21 05:35:20,208 [INFO] Analyzing predecessor function sub_4193e4 at 0x4193e4 | XRefs: [<CFGNode 0x419438[40]>]
2025-06-21 05:35:20,245 [INFO] Starting RDA core analysis for function sub_4193e4 at 0x4193e4
2025-06-21 05:35:23,155 [INFO] RDA core analysis for sub_4193e4 finished in 2s
2025-06-21 05:35:23,224 [INFO] Analyzing predecessor function sub_426528 at 0x426528 | XRefs: [<CFGNode 0x42666c[40]>]
2025-06-21 05:35:23,261 [INFO] Starting RDA core analysis for function sub_426528 at 0x426528
2025-06-21 05:35:24,603 [INFO] RDA core analysis for sub_426528 finished in 1s
2025-06-21 05:35:24,662 [INFO] Analyzing predecessor function sub_428dfc at 0x428dfc | XRefs: [<CFGNode 0x428e40[40]>]
2025-06-21 05:35:24,699 [INFO] Starting RDA core analysis for function sub_428dfc at 0x428dfc
2025-06-21 05:35:27,677 [INFO] RDA core analysis for sub_428dfc finished in 2s
2025-06-21 05:35:27,742 [INFO] Analyzing predecessor function sub_429214 at 0x429214 | XRefs: [<CFGNode 0x429258[40]>]
2025-06-21 05:35:27,779 [INFO] Starting RDA core analysis for function sub_429214 at 0x429214
2025-06-21 05:35:30,983 [INFO] RDA core analysis for sub_429214 finished in 3s
2025-06-21 05:35:31,052 [INFO] Analyzing predecessor function socketGetInput at 0x4157cc | XRefs: [<CFGNode socketGetInput+0xb4 [76]>]
2025-06-21 05:35:31,090 [INFO] Starting RDA core analysis for function socketGetInput at 0x4157cc
2025-06-21 05:35:32,288 [INFO] RDA core analysis for socketGetInput finished in 1s
2025-06-21 05:35:32,345 [INFO] Analyzing predecessor function set_nth_value_flash at 0x4369b0 | XRefs: [<CFGNode set_nth_value_flash+0x78 [40]>]
2025-06-21 05:35:32,382 [INFO] Starting RDA core analysis for function set_nth_value_flash at 0x4369b0
2025-06-21 05:35:35,638 [INFO] RDA core analysis for set_nth_value_flash finished in 3s
2025-06-21 05:35:35,703 [INFO] Analyzing predecessor function sub_436b7c at 0x436b7c | XRefs: [<CFGNode 0x436c14[36]>, <CFGNode 0x436cc4[32]>]
2025-06-21 05:35:35,740 [INFO] Starting RDA core analysis for function sub_436b7c at 0x436b7c
2025-06-21 05:35:38,036 [INFO] RDA core analysis for sub_4247c0 finished in 22s
2025-06-21 05:35:38,107 [ERROR] Error analyzing function sub_436b7c (addr=0x436b7c): list index out of range
Traceback (most recent call last):
  File "/home/SGTaint/tool/SGGraph/base.py", line 271, in rda_analyze
    result = run_function_with_timeout(self.rda_analyze_core, args=(caller_func,), timeout=20000)
  File "/home/SGTaint/tool/BugFinder/utils.py", line 613, in run_function_with_timeout
    raise data
IndexError: list index out of range
2025-06-21 05:35:38,108 [INFO] Analyzing predecessor function sub_426d80 at 0x426d80 | XRefs: [<CFGNode 0x426d80[60]>]
2025-06-21 05:35:38,145 [INFO] Starting RDA core analysis for function sub_426d80 at 0x426d80
2025-06-21 05:35:38,184 [INFO] Analyzing predecessor function sub_4337dc at 0x4337dc | XRefs: [<CFGNode 0x434a50[72]>]
2025-06-21 05:35:38,221 [INFO] Starting RDA core analysis for function sub_4337dc at 0x4337dc
2025-06-21 05:35:40,687 [INFO] RDA core analysis for sub_426d80 finished in 2s
2025-06-21 05:35:40,750 [INFO] Analyzing predecessor function sub_40d500 at 0x40d500 | XRefs: [<CFGNode 0x40d5c0[84]>]
2025-06-21 05:35:40,788 [INFO] Starting RDA core analysis for function sub_40d500 at 0x40d500
2025-06-21 05:35:41,532 [INFO] RDA core analysis for sub_40d500 finished in 0s
2025-06-21 05:35:41,586 [INFO] Analyzing predecessor function sub_40ec10 at 0x40ec10 | XRefs: [<CFGNode 0x40ec84[40]>]
2025-06-21 05:35:41,623 [INFO] Starting RDA core analysis for function sub_40ec10 at 0x40ec10
2025-06-21 05:35:42,133 [INFO] RDA core analysis for sub_40ec10 finished in 0s
2025-06-21 05:35:42,185 [INFO] Analyzing predecessor function sub_477938 at 0x477938 | XRefs: [<CFGNode 0x477b98[76]>]
2025-06-21 05:35:42,222 [INFO] Starting RDA core analysis for function sub_477938 at 0x477938
2025-06-21 05:35:43,738 [INFO] RDA core analysis for sub_477938 finished in 1s
2025-06-21 05:35:43,799 [INFO] Analyzing predecessor function sub_45f040 at 0x45f040 | XRefs: [<CFGNode 0x45f07c[32]>]
2025-06-21 05:35:43,835 [INFO] Starting RDA core analysis for function sub_45f040 at 0x45f040
2025-06-21 05:35:44,217 [INFO] RDA core analysis for sub_45f040 finished in 0s
2025-06-21 05:35:44,267 [INFO] Analyzing predecessor function sub_47dfc0 at 0x47dfc0 | XRefs: [<CFGNode 0x47dffc[32]>]
2025-06-21 05:35:44,304 [INFO] Starting RDA core analysis for function sub_47dfc0 at 0x47dfc0
2025-06-21 05:35:44,684 [INFO] RDA core analysis for sub_47dfc0 finished in 0s
2025-06-21 05:35:44,734 [INFO] Analyzing predecessor function sub_47f2c0 at 0x47f2c0 | XRefs: [<CFGNode 0x47f3dc[76]>]
2025-06-21 05:35:44,771 [INFO] Starting RDA core analysis for function sub_47f2c0 at 0x47f2c0
2025-06-21 05:35:46,887 [INFO] RDA core analysis for sub_47f2c0 finished in 2s
2025-06-21 05:35:46,948 [INFO] Analyzing predecessor function sub_435d60 at 0x435d60 | XRefs: [<CFGNode 0x435d9c[32]>]
2025-06-21 05:35:46,985 [INFO] Starting RDA core analysis for function sub_435d60 at 0x435d60
2025-06-21 05:35:47,365 [INFO] RDA core analysis for sub_435d60 finished in 0s
2025-06-21 05:35:47,414 [INFO] Analyzing predecessor function sub_4649e0 at 0x4649e0 | XRefs: [<CFGNode 0x464a1c[32]>]
2025-06-21 05:35:47,451 [INFO] Starting RDA core analysis for function sub_4649e0 at 0x4649e0
2025-06-21 05:35:47,836 [INFO] RDA core analysis for sub_4649e0 finished in 0s
2025-06-21 05:35:47,885 [INFO] Analyzing predecessor function sub_4969e4 at 0x4969e4 | XRefs: [<CFGNode 0x496ab8[48]>]
2025-06-21 05:35:47,922 [INFO] Starting RDA core analysis for function sub_4969e4 at 0x4969e4
2025-06-21 05:35:48,860 [INFO] RDA core analysis for sub_4969e4 finished in 0s
2025-06-21 05:35:48,916 [INFO] Analyzing predecessor function sub_4302e8 at 0x4302e8 | XRefs: [<CFGNode 0x43073c[68]>, <CFGNode 0x430780[96]>, <CFGNode 0x430804[64]>, <CFGNode 0x43088c[68]>]
2025-06-21 05:35:48,953 [INFO] Starting RDA core analysis for function sub_4302e8 at 0x4302e8
2025-06-21 05:35:55,341 [ERROR] Error analyzing function sub_4302e8 (addr=0x4302e8): list index out of range
Traceback (most recent call last):
  File "/home/SGTaint/tool/SGGraph/base.py", line 271, in rda_analyze
    result = run_function_with_timeout(self.rda_analyze_core, args=(caller_func,), timeout=20000)
  File "/home/SGTaint/tool/BugFinder/utils.py", line 613, in run_function_with_timeout
    raise data
IndexError: list index out of range
2025-06-21 05:35:55,342 [INFO] Analyzing predecessor function set_nth_value at 0x43666c | XRefs: [<CFGNode set_nth_value+0x23c [40]>]
2025-06-21 05:35:55,380 [INFO] Starting RDA core analysis for function set_nth_value at 0x43666c
2025-06-21 05:35:57,583 [INFO] RDA core analysis for set_nth_value finished in 2s
2025-06-21 05:35:57,643 [INFO] Analyzing predecessor function sub_452870 at 0x452870 | XRefs: [<CFGNode 0x4528ac[32]>]
2025-06-21 05:35:57,680 [INFO] Starting RDA core analysis for function sub_452870 at 0x452870
2025-06-21 05:35:58,060 [INFO] RDA core analysis for sub_452870 finished in 0s
2025-06-21 05:35:58,110 [INFO] Analyzing predecessor function sub_406af4 at 0x406af4 | XRefs: [<CFGNode 0x406ee0[96]>]
2025-06-21 05:35:58,146 [INFO] Starting RDA core analysis for function sub_406af4 at 0x406af4
2025-06-21 05:36:05,519 [INFO] RDA core analysis for sub_406af4 finished in 7s
2025-06-21 05:36:05,593 [INFO] Analyzing predecessor function sub_41fd74 at 0x41fd74 | XRefs: [<CFGNode 0x41fe00[108]>, <CFGNode 0x41fea8[108]>]
2025-06-21 05:36:05,631 [INFO] Starting RDA core analysis for function sub_41fd74 at 0x41fd74
2025-06-21 05:36:07,329 [INFO] RDA core analysis for sub_41fd74 finished in 1s
2025-06-21 05:36:07,388 [INFO] Analyzing predecessor function sub_461ff8 at 0x461ff8 | XRefs: [<CFGNode 0x462090[32]>]
2025-06-21 05:36:07,421 [INFO] RDA core analysis for sub_4337dc finished in 29s
2025-06-21 05:36:07,425 [INFO] Starting RDA core analysis for function sub_461ff8 at 0x461ff8
2025-06-21 05:36:07,574 [INFO] Analyzing predecessor function sub_41e1dc at 0x41e1dc | XRefs: [<CFGNode 0x41e624[36]>]
2025-06-21 05:36:07,610 [INFO] Starting RDA core analysis for function sub_41e1dc at 0x41e1dc
2025-06-21 05:36:08,242 [INFO] RDA core analysis for sub_461ff8 finished in 0s
2025-06-21 05:36:08,290 [INFO] Analyzing predecessor function sub_438fe0 at 0x438fe0 | XRefs: [<CFGNode 0x4390c8[36]>, <CFGNode 0x439100[32]>, <CFGNode 0x439134[32]>, <CFGNode 0x43918c[36]>, <CFGNode 0x439168[32]>, <CFGNode 0x4391c4[32]>, <CFGNode 0x4391f8[32]>]
2025-06-21 05:36:08,322 [INFO] Starting RDA core analysis for function sub_438fe0 at 0x438fe0
2025-06-21 05:36:09,697 [INFO] RDA core analysis for sub_438fe0 finished in 1s
2025-06-21 05:36:09,756 [INFO] Analyzing predecessor function sub_439444 at 0x439444 | XRefs: [<CFGNode 0x4394c4[40]>, <CFGNode 0x439564[36]>, <CFGNode 0x439534[36]>, <CFGNode 0x439510[32]>, <CFGNode 0x439628[32]>, <CFGNode 0x43965c[32]>, <CFGNode 0x4396b4[36]>, <CFGNode 0x439690[32]>, <CFGNode 0x4395ec[40]>, <CFGNode 0x4396ec[32]>, <CFGNode 0x439720[32]>, <CFGNode 0x4397a8[36]>, <CFGNode 0x439778[36]>, <CFGNode 0x4397e0[32]>]
2025-06-21 05:36:09,793 [INFO] Starting RDA core analysis for function sub_439444 at 0x439444
2025-06-21 05:36:11,287 [INFO] RDA core analysis for sub_41e1dc finished in 3s
2025-06-21 05:36:11,341 [INFO] Analyzing predecessor function sub_44f3e0 at 0x44f3e0 | XRefs: [<CFGNode 0x44f4cc[36]>, <CFGNode 0x44f530[80]>, <CFGNode 0x44f58c[80]>]
2025-06-21 05:36:11,374 [INFO] Starting RDA core analysis for function sub_44f3e0 at 0x44f3e0
2025-06-21 05:36:11,803 [INFO] RDA core analysis for sub_439444 finished in 2s
2025-06-21 05:36:11,866 [INFO] Analyzing predecessor function sub_4242c8 at 0x4242c8 | XRefs: [<CFGNode 0x424304[144]>]
2025-06-21 05:36:11,903 [INFO] Starting RDA core analysis for function sub_4242c8 at 0x4242c8
2025-06-21 05:36:12,692 [INFO] RDA core analysis for sub_4242c8 finished in 0s
2025-06-21 05:36:12,745 [INFO] Analyzing predecessor function sub_45754c at 0x45754c | XRefs: [<CFGNode 0x4575cc[40]>, <CFGNode 0x45766c[36]>, <CFGNode 0x45763c[36]>, <CFGNode 0x457618[32]>, <CFGNode 0x457730[32]>, <CFGNode 0x457764[32]>, <CFGNode 0x457898[36]>, <CFGNode 0x457874[32]>, <CFGNode 0x457840[40]>, <CFGNode 0x4576f4[40]>, <CFGNode 0x4578d0[32]>, <CFGNode 0x457904[32]>, <CFGNode 0x45798c[36]>, <CFGNode 0x45795c[36]>, <CFGNode 0x4579c4[32]>]
2025-06-21 05:36:12,781 [INFO] Starting RDA core analysis for function sub_45754c at 0x45754c
2025-06-21 05:36:12,911 [INFO] RDA core analysis for sub_44f3e0 finished in 1s
2025-06-21 05:36:12,953 [INFO] Analyzing predecessor function hotplug_net at 0x4201e8 | XRefs: [<CFGNode hotplug_net+0x3e0 [108]>]
2025-06-21 05:36:12,986 [INFO] Starting RDA core analysis for function hotplug_net at 0x4201e8
2025-06-21 05:36:15,209 [INFO] RDA core analysis for sub_45754c finished in 2s
2025-06-21 05:36:15,277 [INFO] Analyzing predecessor function sub_4620ec at 0x4620ec | XRefs: [<CFGNode 0x462194[60]>, <CFGNode 0x462128[60]>]
2025-06-21 05:36:15,313 [INFO] Starting RDA core analysis for function sub_4620ec at 0x4620ec
2025-06-21 05:36:16,037 [INFO] RDA core analysis for sub_4620ec finished in 0s
2025-06-21 05:36:16,090 [INFO] Analyzing predecessor function sub_439230 at 0x439230 | XRefs: [<CFGNode 0x439318[36]>, <CFGNode 0x439350[32]>, <CFGNode 0x4393a0[36]>, <CFGNode 0x4393d8[32]>, <CFGNode 0x43940c[32]>]
2025-06-21 05:36:16,127 [INFO] Starting RDA core analysis for function sub_439230 at 0x439230
2025-06-21 05:36:17,342 [INFO] RDA core analysis for sub_439230 finished in 1s
2025-06-21 05:36:17,402 [INFO] Analyzing predecessor function sub_457054 at 0x457054 | XRefs: [<CFGNode 0x45713c[36]>, <CFGNode 0x457174[32]>, <CFGNode 0x4571a8[32]>, <CFGNode 0x457200[36]>, <CFGNode 0x4571dc[32]>, <CFGNode 0x457238[32]>, <CFGNode 0x45726c[32]>]
2025-06-21 05:36:17,439 [INFO] Starting RDA core analysis for function sub_457054 at 0x457054
2025-06-21 05:36:18,810 [INFO] RDA core analysis for sub_457054 finished in 1s
2025-06-21 05:36:18,868 [INFO] Analyzing predecessor function sub_457338 at 0x457338 | XRefs: [<CFGNode 0x457420[36]>, <CFGNode 0x457458[32]>, <CFGNode 0x4574a8[36]>, <CFGNode 0x4574e0[32]>, <CFGNode 0x457514[32]>]
2025-06-21 05:36:18,905 [INFO] Starting RDA core analysis for function sub_457338 at 0x457338
2025-06-21 05:36:20,061 [INFO] RDA core analysis for hotplug_net finished in 7s
2025-06-21 05:36:20,125 [INFO] Analyzing predecessor function start_DDNS_ipv6 at 0x43dfe8 | XRefs: [<CFGNode start_DDNS_ipv6+0x238 [48]>, <CFGNode start_DDNS_ipv6+0x4a0 [96]>, <CFGNode start_DDNS_ipv6+0x50c [44]>]
2025-06-21 05:36:20,130 [INFO] RDA core analysis for sub_457338 finished in 1s
2025-06-21 05:36:20,158 [INFO] Starting RDA core analysis for function start_DDNS_ipv6 at 0x43dfe8
2025-06-21 05:36:20,200 [INFO] Analyzing predecessor function sub_47ea80 at 0x47ea80 | XRefs: [<CFGNode 0x47ed8c[48]>, <CFGNode 0x47edfc[44]>]
2025-06-21 05:36:20,237 [INFO] Starting RDA core analysis for function sub_47ea80 at 0x47ea80
2025-06-21 05:36:24,426 [ERROR] Error analyzing function sub_47ea80 (addr=0x47ea80): list index out of range
Traceback (most recent call last):
  File "/home/SGTaint/tool/SGGraph/base.py", line 271, in rda_analyze
    result = run_function_with_timeout(self.rda_analyze_core, args=(caller_func,), timeout=20000)
  File "/home/SGTaint/tool/BugFinder/utils.py", line 613, in run_function_with_timeout
    raise data
IndexError: list index out of range
2025-06-21 05:36:24,427 [INFO] Analyzing predecessor function sub_420a8c at 0x420a8c | XRefs: [<CFGNode 0x420ec8[56]>]
2025-06-21 05:36:24,464 [INFO] Starting RDA core analysis for function sub_420a8c at 0x420a8c
2025-06-21 05:36:28,138 [ERROR] Error analyzing function sub_420a8c (addr=0x420a8c): list index out of range
Traceback (most recent call last):
  File "/home/SGTaint/tool/SGGraph/base.py", line 271, in rda_analyze
    result = run_function_with_timeout(self.rda_analyze_core, args=(caller_func,), timeout=20000)
  File "/home/SGTaint/tool/BugFinder/utils.py", line 613, in run_function_with_timeout
    raise data
IndexError: list index out of range
2025-06-21 05:36:28,139 [INFO] Analyzing predecessor function sub_41e294 at 0x41e294 | XRefs: [<CFGNode 0x41e514[56]>]
2025-06-21 05:36:28,176 [INFO] Starting RDA core analysis for function sub_41e294 at 0x41e294
2025-06-21 05:36:29,233 [INFO] RDA core analysis for start_DDNS_ipv6 finished in 9s
2025-06-21 05:36:29,286 [INFO] Analyzing predecessor function sub_44e7e8 at 0x44e7e8 | XRefs: [<CFGNode 0x44e870[32]>, <CFGNode 0x44e8c8[32]>, <CFGNode 0x44e920[32]>]
2025-06-21 05:36:29,319 [INFO] Starting RDA core analysis for function sub_44e7e8 at 0x44e7e8
2025-06-21 05:36:30,155 [INFO] RDA core analysis for sub_41e294 finished in 1s
2025-06-21 05:36:30,217 [INFO] Analyzing predecessor function sub_43589c at 0x43589c | XRefs: [<CFGNode 0x4358f0[52]>]
2025-06-21 05:36:30,254 [INFO] Starting RDA core analysis for function sub_43589c at 0x43589c
2025-06-21 05:36:31,543 [INFO] RDA core analysis for sub_43589c finished in 1s
2025-06-21 05:36:31,602 [INFO] Analyzing predecessor function sub_4301bc at 0x4301bc | XRefs: [<CFGNode 0x430264[68]>]
2025-06-21 05:36:31,639 [INFO] Starting RDA core analysis for function sub_4301bc at 0x4301bc
2025-06-21 05:36:31,856 [WARNING] Decompiler failed for function sub_4301bc: 'NoneType' object has no attribute 'bits'
2025-06-21 05:36:32,083 [ERROR] Error analyzing function sub_4301bc (addr=0x4301bc): list index out of range
Traceback (most recent call last):
  File "/home/SGTaint/tool/SGGraph/base.py", line 271, in rda_analyze
    result = run_function_with_timeout(self.rda_analyze_core, args=(caller_func,), timeout=20000)
  File "/home/SGTaint/tool/BugFinder/utils.py", line 613, in run_function_with_timeout
    raise data
IndexError: list index out of range
2025-06-21 05:36:32,085 [INFO] Analyzing predecessor function sub_45db3c at 0x45db3c | XRefs: [<CFGNode 0x45dc60[68]>]
2025-06-21 05:36:32,121 [INFO] Starting RDA core analysis for function sub_45db3c at 0x45db3c
2025-06-21 05:36:33,587 [ERROR] Error analyzing function sub_45db3c (addr=0x45db3c): list index out of range
Traceback (most recent call last):
  File "/home/SGTaint/tool/SGGraph/base.py", line 271, in rda_analyze
    result = run_function_with_timeout(self.rda_analyze_core, args=(caller_func,), timeout=20000)
  File "/home/SGTaint/tool/BugFinder/utils.py", line 613, in run_function_with_timeout
    raise data
IndexError: list index out of range
2025-06-21 05:36:33,588 [INFO] Analyzing predecessor function sub_4355cc at 0x4355cc | XRefs: [<CFGNode 0x435620[52]>]
2025-06-21 05:36:33,624 [INFO] Starting RDA core analysis for function sub_4355cc at 0x4355cc
2025-06-21 05:36:35,453 [INFO] RDA core analysis for sub_4355cc finished in 1s
2025-06-21 05:36:35,513 [INFO] Analyzing predecessor function sub_436a64 at 0x436a64 | XRefs: [<CFGNode 0x436ab8[80]>]
2025-06-21 05:36:35,550 [INFO] Starting RDA core analysis for function sub_436a64 at 0x436a64
2025-06-21 05:36:36,402 [ERROR] Error analyzing function sub_436a64 (addr=0x436a64): list index out of range
Traceback (most recent call last):
  File "/home/SGTaint/tool/SGGraph/base.py", line 271, in rda_analyze
    result = run_function_with_timeout(self.rda_analyze_core, args=(caller_func,), timeout=20000)
  File "/home/SGTaint/tool/BugFinder/utils.py", line 613, in run_function_with_timeout
    raise data
IndexError: list index out of range
2025-06-21 05:36:36,403 [INFO] Analyzing predecessor function sub_4248c0 at 0x4248c0 | XRefs: [<CFGNode 0x42494c[28]>]
2025-06-21 05:36:36,439 [INFO] Starting RDA core analysis for function sub_4248c0 at 0x4248c0
2025-06-21 05:36:36,934 [INFO] RDA core analysis for sub_4248c0 finished in 0s
2025-06-21 05:36:36,980 [INFO] Analyzing predecessor function sub_4053e0 at 0x4053e0 | XRefs: [<CFGNode 0x4054d0[40]>]
2025-06-21 05:36:37,012 [INFO] Starting RDA core analysis for function sub_4053e0 at 0x4053e0
2025-06-21 05:36:37,932 [INFO] RDA core analysis for sub_44e7e8 finished in 8s
2025-06-21 05:36:37,997 [INFO] Analyzing predecessor function sub_435bec at 0x435bec | XRefs: [<CFGNode 0x435c28[28]>]
2025-06-21 05:36:38,030 [INFO] Starting RDA core analysis for function sub_435bec at 0x435bec
2025-06-21 05:36:38,049 [INFO] RDA core analysis for sub_4053e0 finished in 1s
2025-06-21 05:36:38,106 [INFO] Analyzing predecessor function sub_42d680 at 0x42d680 | XRefs: [<CFGNode 0x42d724[32]>]
2025-06-21 05:36:38,142 [INFO] Starting RDA core analysis for function sub_42d680 at 0x42d680
2025-06-21 05:36:38,647 [INFO] RDA core analysis for sub_42d680 finished in 0s
2025-06-21 05:36:38,699 [INFO] Analyzing predecessor function sub_45d004 at 0x45d004 | XRefs: [<CFGNode 0x45d274[28]>, <CFGNode 0x45d290[32]>, <CFGNode 0x45d2b0[32]>, <CFGNode 0x45d2d0[32]>]
2025-06-21 05:36:38,719 [ERROR] Error analyzing function sub_435bec (addr=0x435bec): list index out of range
Traceback (most recent call last):
  File "/home/SGTaint/tool/SGGraph/base.py", line 271, in rda_analyze
    result = run_function_with_timeout(self.rda_analyze_core, args=(caller_func,), timeout=20000)
  File "/home/SGTaint/tool/BugFinder/utils.py", line 613, in run_function_with_timeout
    raise data
IndexError: list index out of range
2025-06-21 05:36:38,720 [INFO] Analyzing predecessor function start_dslite_tunnel at 0x4361f0 | XRefs: [<CFGNode start_dslite_tunnel+0x64c [40]>]
2025-06-21 05:36:38,736 [INFO] Starting RDA core analysis for function sub_45d004 at 0x45d004
2025-06-21 05:36:38,751 [INFO] Starting RDA core analysis for function start_dslite_tunnel at 0x4361f0
2025-06-21 05:36:40,523 [ERROR] Error analyzing function sub_45d004 (addr=0x45d004): list index out of range
Traceback (most recent call last):
  File "/home/SGTaint/tool/SGGraph/base.py", line 271, in rda_analyze
    result = run_function_with_timeout(self.rda_analyze_core, args=(caller_func,), timeout=20000)
  File "/home/SGTaint/tool/BugFinder/utils.py", line 613, in run_function_with_timeout
    raise data
IndexError: list index out of range
2025-06-21 05:36:40,524 [INFO] Analyzing predecessor function sub_42cd28 at 0x42cd28 | XRefs: [<CFGNode 0x42ce98[32]>, <CFGNode 0x42ceb8[32]>]
2025-06-21 05:36:40,561 [INFO] Starting RDA core analysis for function sub_42cd28 at 0x42cd28
2025-06-21 05:36:42,203 [INFO] RDA core analysis for start_dslite_tunnel finished in 3s
2025-06-21 05:36:42,257 [INFO] Analyzing predecessor function sub_4049f4 at 0x4049f4 | XRefs: [<CFGNode 0x404b68[36]>, <CFGNode 0x404bb0[36]>, <CFGNode 0x404bf8[36]>]
2025-06-21 05:36:42,289 [INFO] Starting RDA core analysis for function sub_4049f4 at 0x4049f4
2025-06-21 05:36:43,651 [INFO] RDA core analysis for sub_4049f4 finished in 1s
2025-06-21 05:36:43,694 [INFO] Analyzing predecessor function sub_40bbfc at 0x40bbfc | XRefs: [<CFGNode 0x40bc38[28]>, <CFGNode 0x40bc74[28]>]
2025-06-21 05:36:43,726 [INFO] Starting RDA core analysis for function sub_40bbfc at 0x40bbfc
2025-06-21 05:36:45,615 [INFO] RDA core analysis for sub_42cd28 finished in 5s
2025-06-21 05:36:45,690 [INFO] Analyzing predecessor function sub_42d548 at 0x42d548 | XRefs: [<CFGNode 0x42d5ec[32]>, <CFGNode 0x42d60c[32]>, <CFGNode 0x42d62c[32]>, <CFGNode 0x42d64c[32]>]
2025-06-21 05:36:45,727 [INFO] Starting RDA core analysis for function sub_42d548 at 0x42d548
2025-06-21 05:36:46,353 [INFO] RDA core analysis for sub_42d548 finished in 0s
2025-06-21 05:36:46,405 [INFO] Analyzing predecessor function sub_42c380 at 0x42c380 | XRefs: [<CFGNode 0x42c45c[36]>]
2025-06-21 05:36:46,442 [INFO] Starting RDA core analysis for function sub_42c380 at 0x42c380
2025-06-21 05:36:47,302 [INFO] RDA core analysis for sub_42c380 finished in 0s
2025-06-21 05:36:47,356 [INFO] Analyzing predecessor function sub_4549e0 at 0x4549e0 | XRefs: [<CFGNode 0x454ac0[36]>]
2025-06-21 05:36:47,392 [INFO] Starting RDA core analysis for function sub_4549e0 at 0x4549e0
2025-06-21 05:36:48,800 [INFO] RDA core analysis for sub_4549e0 finished in 1s
2025-06-21 05:36:48,858 [INFO] Analyzing predecessor function websLaunchCgiProc at 0x427440 | XRefs: [<CFGNode websLaunchCgiProc+0x200 [32]>]
2025-06-21 05:36:48,895 [INFO] Starting RDA core analysis for function websLaunchCgiProc at 0x427440
2025-06-21 05:36:54,627 [INFO] RDA core analysis for websLaunchCgiProc finished in 5s
2025-06-21 05:36:54,694 [INFO] Analyzing predecessor function sub_439914 at 0x439914 | XRefs: [<CFGNode 0x439914[72]>, <CFGNode 0x439970[32]>]
2025-06-21 05:36:54,731 [INFO] Starting RDA core analysis for function sub_439914 at 0x439914
2025-06-21 05:36:55,155 [INFO] RDA core analysis for sub_439914 finished in 0s
2025-06-21 05:36:55,207 [INFO] Analyzing predecessor function sub_439818 at 0x439818 | XRefs: [<CFGNode 0x439818[72]>, <CFGNode 0x439874[32]>, <CFGNode 0x4398a8[32]>, <CFGNode 0x4398dc[32]>]
2025-06-21 05:36:55,243 [INFO] Starting RDA core analysis for function sub_439818 at 0x439818
2025-06-21 05:36:55,860 [INFO] RDA core analysis for sub_439818 finished in 0s
2025-06-21 05:36:55,913 [INFO] Analyzing predecessor function sub_4572a4 at 0x4572a4 | XRefs: [<CFGNode 0x4572a4[72]>, <CFGNode 0x457300[32]>]
2025-06-21 05:36:55,950 [INFO] Starting RDA core analysis for function sub_4572a4 at 0x4572a4
2025-06-21 05:36:56,373 [INFO] RDA core analysis for sub_4572a4 finished in 0s
2025-06-21 05:36:56,425 [INFO] Analyzing predecessor function sub_4399a8 at 0x4399a8 | XRefs: [<CFGNode 0x439a6c[36]>, <CFGNode 0x439a3c[36]>, <CFGNode 0x439bcc[36]>, <CFGNode 0x439c20[36]>, <CFGNode 0x439cd8[32]>, <CFGNode 0x439d0c[32]>, <CFGNode 0x439d40[32]>, <CFGNode 0x439d9c[32]>, <CFGNode 0x439e24[36]>, <CFGNode 0x439df4[36]>, <CFGNode 0x439ca0[36]>, <CFGNode 0x439e5c[32]>, <CFGNode 0x439e90[32]>]
2025-06-21 05:36:56,461 [INFO] Starting RDA core analysis for function sub_4399a8 at 0x4399a8
2025-06-21 05:36:57,872 [INFO] RDA core analysis for sub_40bbfc finished in 14s
2025-06-21 05:36:58,017 [INFO] Analyzing predecessor function sub_4451e0 at 0x4451e0 | XRefs: [<CFGNode 0x4451e0[52]>]
2025-06-21 05:36:58,053 [INFO] Starting RDA core analysis for function sub_4451e0 at 0x4451e0
2025-06-21 05:36:59,254 [INFO] RDA core analysis for sub_4451e0 finished in 1s
2025-06-21 05:36:59,296 [INFO] Analyzing predecessor function sub_451dec at 0x451dec | XRefs: [<CFGNode 0x451dec[68]>, <CFGNode 0x451e54[28]>, <CFGNode 0x451e94[28]>]
2025-06-21 05:36:59,330 [INFO] Starting RDA core analysis for function sub_451dec at 0x451dec
2025-06-21 05:36:59,601 [INFO] RDA core analysis for sub_4399a8 finished in 3s
2025-06-21 05:36:59,670 [INFO] Analyzing predecessor function sub_4579fc at 0x4579fc | XRefs: [<CFGNode 0x457ac0[36]>, <CFGNode 0x457a90[36]>, <CFGNode 0x457c20[36]>, <CFGNode 0x457c74[36]>, <CFGNode 0x457d2c[32]>, <CFGNode 0x457d60[32]>, <CFGNode 0x457d94[32]>, <CFGNode 0x457df0[32]>, <CFGNode 0x457e78[36]>, <CFGNode 0x457e48[36]>, <CFGNode 0x457cf4[36]>, <CFGNode 0x457eb0[32]>, <CFGNode 0x457ee4[32]>]
2025-06-21 05:36:59,707 [INFO] Starting RDA core analysis for function sub_4579fc at 0x4579fc
2025-06-21 05:37:01,621 [INFO] RDA core analysis for sub_451dec finished in 2s
2025-06-21 05:37:01,667 [INFO] Analyzing predecessor function sub_454e0c at 0x454e0c | XRefs: [<CFGNode 0x454f78[32]>]
2025-06-21 05:37:01,700 [INFO] Starting RDA core analysis for function sub_454e0c at 0x454e0c
2025-06-21 05:37:02,834 [INFO] RDA core analysis for sub_4579fc finished in 3s
2025-06-21 05:37:02,904 [INFO] Analyzing predecessor function sub_456f58 at 0x456f58 | XRefs: [<CFGNode 0x456f58[72]>, <CFGNode 0x456fb4[32]>, <CFGNode 0x456fe8[32]>, <CFGNode 0x45701c[32]>]
2025-06-21 05:37:02,941 [INFO] Starting RDA core analysis for function sub_456f58 at 0x456f58
2025-06-21 05:37:03,558 [INFO] RDA core analysis for sub_456f58 finished in 0s
2025-06-21 05:37:03,611 [INFO] Analyzing predecessor function sub_462358 at 0x462358 | XRefs: [<CFGNode 0x462500[80]>, <CFGNode 0x4626b8[40]>, <CFGNode 0x4627d4[80]>, <CFGNode 0x462748[36]>]
2025-06-21 05:37:03,647 [INFO] Starting RDA core analysis for function sub_462358 at 0x462358
2025-06-21 05:37:06,986 [INFO] RDA core analysis for sub_454e0c finished in 5s
2025-06-21 05:37:07,051 [INFO] Analyzing predecessor function sub_4550cc at 0x4550cc | XRefs: [<CFGNode 0x4551e0[36]>, <CFGNode 0x455298[36]>]
2025-06-21 05:37:07,084 [INFO] Starting RDA core analysis for function sub_4550cc at 0x4550cc
2025-06-21 05:37:07,684 [ERROR] Error analyzing function sub_462358 (addr=0x462358): list index out of range
Traceback (most recent call last):
  File "/home/SGTaint/tool/SGGraph/base.py", line 271, in rda_analyze
    result = run_function_with_timeout(self.rda_analyze_core, args=(caller_func,), timeout=20000)
  File "/home/SGTaint/tool/BugFinder/utils.py", line 613, in run_function_with_timeout
    raise data
IndexError: list index out of range
2025-06-21 05:37:07,685 [INFO] Analyzing predecessor function sub_480b60 at 0x480b60 | XRefs: [<CFGNode 0x480d7c[40]>, <CFGNode 0x480dc8[96]>, <CFGNode 0x480e4c[96]>, <CFGNode 0x480fb8[40]>, <CFGNode 0x4810ec[40]>, <CFGNode 0x4811a4[40]>]
2025-06-21 05:37:07,722 [INFO] Starting RDA core analysis for function sub_480b60 at 0x480b60
2025-06-21 05:37:12,436 [INFO] RDA core analysis for sub_480b60 finished in 4s
2025-06-21 05:37:12,506 [INFO] Analyzing predecessor function sub_48086c at 0x48086c | XRefs: [<CFGNode 0x480998[36]>, <CFGNode 0x4809e0[36]>, <CFGNode 0x480a28[36]>, <CFGNode 0x480a70[36]>, <CFGNode 0x480ab8[36]>, <CFGNode 0x480b00[36]>]
2025-06-21 05:37:12,542 [INFO] Starting RDA core analysis for function sub_48086c at 0x48086c
2025-06-21 05:37:14,969 [INFO] RDA core analysis for sub_48086c finished in 2s
2025-06-21 05:37:15,034 [INFO] Analyzing predecessor function sub_461b70 at 0x461b70 | XRefs: [<CFGNode 0x461c98[36]>, <CFGNode 0x461ce0[36]>]
2025-06-21 05:37:15,071 [INFO] Starting RDA core analysis for function sub_461b70 at 0x461b70
2025-06-21 05:37:16,555 [INFO] RDA core analysis for sub_461b70 finished in 1s
2025-06-21 05:37:18,301 [INFO] Ghidra project already exists for /home/firmware/Current_dataset/D-Link/DIR-878/cpio-root/bin/prog.cgi, skipping import.
2025-06-21 05:37:54,940 [INFO] Executed Ghidra command for decompilation: /home/SGTaint/ghidra/support/analyzeHeadless /home/SGTaint/tmp/ghidra prog.cgi -process prog.cgi -postScript /home/SGTaint/tool/Ghidra/decompile_assist.py "0x400000"
2025-06-21 05:37:55,099 [INFO] Finished RDA analysis for /home/firmware/Current_dataset/D-Link/DIR-878/cpio-root/bin/prog.cgi in 1990s
2025-06-21 05:37:55,128 [INFO] [PARALLEL] Finished analysis for: /home/firmware/Current_dataset/D-Link/DIR-878/cpio-root/bin/prog.cgi (5/6)
2025-06-21 05:38:04,654 [INFO] RDA core analysis for sub_4550cc finished in 57s
2025-06-21 05:38:04,848 [INFO] Analyzing predecessor function hotplug_usb at 0x452250 | XRefs: [<CFGNode hotplug_usb+0x49c [40]>]
2025-06-21 05:38:04,885 [INFO] Starting RDA core analysis for function hotplug_usb at 0x452250
2025-06-21 05:38:08,009 [INFO] RDA core analysis for hotplug_usb finished in 3s
2025-06-21 05:38:08,070 [INFO] Analyzing predecessor function sub_44e6b4 at 0x44e6b4 | XRefs: [<CFGNode 0x44e6b4[48]>]
2025-06-21 05:38:08,098 [INFO] Starting RDA core analysis for function sub_44e6b4 at 0x44e6b4
2025-06-21 05:38:11,140 [INFO] RDA core analysis for sub_44e6b4 finished in 3s
2025-06-21 05:38:11,188 [INFO] Analyzing predecessor function sub_42bf04 at 0x42bf04 | XRefs: [<CFGNode 0x42bf54[64]>]
2025-06-21 05:38:11,220 [INFO] Starting RDA core analysis for function sub_42bf04 at 0x42bf04
2025-06-21 05:38:14,261 [INFO] RDA core analysis for sub_42bf04 finished in 3s
2025-06-21 05:38:14,310 [INFO] Analyzing predecessor function init_eth_hwaddr at 0x459a88 | XRefs: [<CFGNode init_eth_hwaddr+0x380 [36]>, <CFGNode init_eth_hwaddr+0x3a4 [40]>, <CFGNode init_eth_hwaddr+0x1b8 [36]>]
2025-06-21 05:38:14,336 [INFO] Starting RDA core analysis for function init_eth_hwaddr at 0x459a88
2025-06-21 05:38:17,123 [INFO] RDA core analysis for init_eth_hwaddr finished in 2s
2025-06-21 05:38:17,177 [INFO] Analyzing predecessor function sub_428994 at 0x428994 | XRefs: [<CFGNode 0x428d34[36]>]
2025-06-21 05:38:17,207 [INFO] Starting RDA core analysis for function sub_428994 at 0x428994
2025-06-21 05:38:20,456 [INFO] RDA core analysis for sub_428994 finished in 3s
2025-06-21 05:38:20,505 [INFO] Analyzing predecessor function sub_440824 at 0x440824 | XRefs: [<CFGNode 0x440be8[36]>]
2025-06-21 05:38:20,538 [INFO] Starting RDA core analysis for function sub_440824 at 0x440824
2025-06-21 05:38:23,370 [INFO] RDA core analysis for sub_440824 finished in 2s
2025-06-21 05:38:23,428 [INFO] Analyzing predecessor function sub_4500a8 at 0x4500a8 | XRefs: [<CFGNode 0x45056c[44]>, <CFGNode 0x450778[56]>, <CFGNode 0x4507dc[64]>]
2025-06-21 05:38:23,460 [INFO] Starting RDA core analysis for function sub_4500a8 at 0x4500a8
2025-06-21 05:38:28,165 [INFO] RDA core analysis for sub_4500a8 finished in 4s
2025-06-21 05:38:28,217 [INFO] Analyzing predecessor function sub_450834 at 0x450834 | XRefs: [<CFGNode 0x4508d0[40]>]
2025-06-21 05:38:28,249 [INFO] Starting RDA core analysis for function sub_450834 at 0x450834
2025-06-21 05:38:29,438 [INFO] RDA core analysis for sub_450834 finished in 1s
2025-06-21 05:38:29,479 [INFO] Analyzing predecessor function sub_412d3c at 0x412d3c | XRefs: [<CFGNode 0x413150[32]>]
2025-06-21 05:38:29,512 [INFO] Starting RDA core analysis for function sub_412d3c at 0x412d3c
2025-06-21 05:38:37,629 [INFO] RDA core analysis for sub_412d3c finished in 8s
2025-06-21 05:38:37,697 [INFO] Analyzing predecessor function sub_4279bc at 0x4279bc | XRefs: [<CFGNode 0x427a00[44]>, <CFGNode 0x427af0[36]>, <CFGNode 0x427bd8[36]>, <CFGNode 0x427cc0[36]>]
2025-06-21 05:38:37,730 [INFO] Starting RDA core analysis for function sub_4279bc at 0x4279bc
2025-06-21 05:38:40,616 [INFO] RDA core analysis for sub_4279bc finished in 2s
2025-06-21 05:38:40,661 [INFO] Analyzing predecessor function sub_40744c at 0x40744c | XRefs: [<CFGNode 0x40748c[40]>, <CFGNode 0x4074b4[40]>]
2025-06-21 05:38:40,694 [INFO] Starting RDA core analysis for function sub_40744c at 0x40744c
2025-06-21 05:38:42,062 [INFO] RDA core analysis for sub_40744c finished in 1s
2025-06-21 05:38:42,104 [INFO] Analyzing predecessor function sub_43fdd0 at 0x43fdd0 | XRefs: [<CFGNode 0x44004c[48]>]
2025-06-21 05:38:42,138 [INFO] Starting RDA core analysis for function sub_43fdd0 at 0x43fdd0
2025-06-21 05:38:46,194 [INFO] RDA core analysis for sub_43fdd0 finished in 4s
2025-06-21 05:38:46,244 [INFO] Analyzing predecessor function hotplug_block at 0x4509d8 | XRefs: [<CFGNode hotplug_block+0xbe0 [40]>, <CFGNode hotplug_block+0xf98 [48]>, <CFGNode hotplug_block+0x1024 [48]>, <CFGNode hotplug_block+0x10a8 [48]>, <CFGNode hotplug_block+0x1380 [52]>, <CFGNode hotplug_block+0x12c4 [52]>, <CFGNode hotplug_block+0x113c [48]>, <CFGNode hotplug_block+0xd50 [48]>, <CFGNode hotplug_block+0xdd4 [48]>, <CFGNode hotplug_block+0xe58 [48]>, <CFGNode hotplug_block+0x3fc [56]>, <CFGNode hotplug_block+0x59c [56]>, <CFGNode hotplug_block+0x604 [48]>, <CFGNode hotplug_block+0x688 [52]>, <CFGNode hotplug_block+0x754 [40]>]
2025-06-21 05:38:46,269 [INFO] Starting RDA core analysis for function hotplug_block at 0x4509d8
2025-06-21 05:39:04,077 [INFO] RDA core analysis for hotplug_block finished in 17s
2025-06-21 05:39:04,219 [INFO] Analyzing predecessor function sub_4285dc at 0x4285dc | XRefs: [<CFGNode 0x4288f0[36]>]
2025-06-21 05:39:04,246 [INFO] Starting RDA core analysis for function sub_4285dc at 0x4285dc
2025-06-21 05:39:06,499 [INFO] RDA core analysis for sub_4285dc finished in 2s
2025-06-21 05:39:06,546 [INFO] Analyzing predecessor function sub_45276c at 0x45276c | XRefs: [<CFGNode 0x4528a4[36]>]
2025-06-21 05:39:06,571 [INFO] Starting RDA core analysis for function sub_45276c at 0x45276c
2025-06-21 05:39:07,508 [INFO] RDA core analysis for sub_45276c finished in 0s
2025-06-21 05:39:07,554 [INFO] Analyzing predecessor function sub_41d56c at 0x41d56c | XRefs: [<CFGNode 0x41d944[36]>]
2025-06-21 05:39:07,586 [INFO] Starting RDA core analysis for function sub_41d56c at 0x41d56c
2025-06-21 05:39:11,008 [INFO] RDA core analysis for sub_41d56c finished in 3s
2025-06-21 05:39:11,066 [INFO] Analyzing predecessor function sub_428e6c at 0x428e6c | XRefs: [<CFGNode 0x428edc[36]>]
2025-06-21 05:39:11,092 [INFO] Starting RDA core analysis for function sub_428e6c at 0x428e6c
2025-06-21 05:39:11,698 [INFO] RDA core analysis for sub_428e6c finished in 0s
2025-06-21 05:39:11,742 [INFO] Analyzing predecessor function mtd_open at 0x44edf0 | XRefs: [<CFGNode mtd_open+0x148 [36]>]
2025-06-21 05:39:11,773 [INFO] Starting RDA core analysis for function mtd_open at 0x44edf0
2025-06-21 05:39:12,921 [INFO] RDA core analysis for mtd_open finished in 1s
2025-06-21 05:39:12,967 [INFO] Analyzing predecessor function sub_4175fc at 0x4175fc | XRefs: [<CFGNode 0x4176ac[44]>]
2025-06-21 05:39:12,999 [INFO] Starting RDA core analysis for function sub_4175fc at 0x4175fc
2025-06-21 05:39:14,214 [INFO] RDA core analysis for sub_4175fc finished in 1s
2025-06-21 05:39:14,261 [INFO] Analyzing predecessor function sub_453510 at 0x453510 | XRefs: [<CFGNode 0x45354c[32]>]
2025-06-21 05:39:14,290 [INFO] Starting RDA core analysis for function sub_453510 at 0x453510
2025-06-21 05:39:14,644 [INFO] RDA core analysis for sub_453510 finished in 0s
2025-06-21 05:39:14,682 [INFO] Analyzing predecessor function sub_40b528 at 0x40b528 | XRefs: [<CFGNode 0x40b564[32]>]
2025-06-21 05:39:14,714 [INFO] Starting RDA core analysis for function sub_40b528 at 0x40b528
2025-06-21 05:39:15,066 [INFO] RDA core analysis for sub_40b528 finished in 0s
2025-06-21 05:39:15,104 [INFO] Analyzing predecessor function sub_42d8b4 at 0x42d8b4 | XRefs: [<CFGNode 0x42e5ec[64]>]
2025-06-21 05:39:15,136 [INFO] Starting RDA core analysis for function sub_42d8b4 at 0x42d8b4
2025-06-21 05:39:36,957 [ERROR] Error analyzing function sub_42d8b4 (addr=0x42d8b4): list index out of range
Traceback (most recent call last):
  File "/home/SGTaint/tool/SGGraph/base.py", line 271, in rda_analyze
    result = run_function_with_timeout(self.rda_analyze_core, args=(caller_func,), timeout=20000)
  File "/home/SGTaint/tool/BugFinder/utils.py", line 613, in run_function_with_timeout
    raise data
IndexError: list index out of range
2025-06-21 05:39:36,958 [INFO] Analyzing predecessor function sub_4122c0 at 0x4122c0 | XRefs: [<CFGNode 0x412620[32]>]
2025-06-21 05:39:36,993 [INFO] Starting RDA core analysis for function sub_4122c0 at 0x4122c0
2025-06-21 05:39:39,237 [INFO] RDA core analysis for sub_4122c0 finished in 2s
2025-06-21 05:39:39,284 [INFO] Analyzing predecessor function sub_455458 at 0x455458 | XRefs: [<CFGNode 0x455494[32]>]
2025-06-21 05:39:39,316 [INFO] Starting RDA core analysis for function sub_455458 at 0x455458
2025-06-21 05:39:39,665 [INFO] RDA core analysis for sub_455458 finished in 0s
2025-06-21 05:39:39,704 [INFO] Analyzing predecessor function sub_403160 at 0x403160 | XRefs: [<CFGNode 0x40319c[32]>]
2025-06-21 05:39:39,736 [INFO] Starting RDA core analysis for function sub_403160 at 0x403160
2025-06-21 05:39:40,086 [INFO] RDA core analysis for sub_403160 finished in 0s
2025-06-21 05:39:40,125 [INFO] Analyzing predecessor function sub_445070 at 0x445070 | XRefs: [<CFGNode 0x4450ac[32]>]
2025-06-21 05:39:40,157 [INFO] Starting RDA core analysis for function sub_445070 at 0x445070
2025-06-21 05:39:40,506 [INFO] RDA core analysis for sub_445070 finished in 0s
2025-06-21 05:39:40,545 [INFO] Analyzing predecessor function sub_424670 at 0x424670 | XRefs: [<CFGNode 0x4246ac[32]>]
2025-06-21 05:39:40,577 [INFO] Starting RDA core analysis for function sub_424670 at 0x424670
2025-06-21 05:39:40,928 [INFO] RDA core analysis for sub_424670 finished in 0s
2025-06-21 05:39:40,966 [INFO] Analyzing predecessor function wan_if_getpathprefix at 0x420b00 | XRefs: [<CFGNode wan_if_getpathprefix+0xa8 [48]>]
2025-06-21 05:39:40,999 [INFO] Starting RDA core analysis for function wan_if_getpathprefix at 0x420b00
2025-06-21 05:39:41,639 [INFO] RDA core analysis for wan_if_getpathprefix finished in 0s
2025-06-21 05:39:41,680 [INFO] Analyzing predecessor function sub_4414a0 at 0x4414a0 | XRefs: [<CFGNode 0x441684[48]>]
2025-06-21 05:39:41,712 [INFO] Starting RDA core analysis for function sub_4414a0 at 0x4414a0
2025-06-21 05:39:46,120 [INFO] RDA core analysis for sub_4414a0 finished in 4s
2025-06-21 05:39:46,175 [INFO] Analyzing predecessor function sub_4097a8 at 0x4097a8 | XRefs: [<CFGNode 0x409898[44]>]
2025-06-21 05:39:46,208 [INFO] Starting RDA core analysis for function sub_4097a8 at 0x4097a8
2025-06-21 05:39:46,944 [INFO] RDA core analysis for sub_4097a8 finished in 0s
2025-06-21 05:39:46,986 [INFO] Analyzing predecessor function sub_425928 at 0x425928 | XRefs: [<CFGNode 0x425928[80]>]
2025-06-21 05:39:47,018 [INFO] Starting RDA core analysis for function sub_425928 at 0x425928
2025-06-21 05:39:47,978 [INFO] RDA core analysis for sub_425928 finished in 0s
2025-06-21 05:39:48,021 [INFO] Analyzing predecessor function start_ftp at 0x43ebb4 | XRefs: [<CFGNode start_ftp+0x100 [48]>]
2025-06-21 05:39:48,053 [INFO] Starting RDA core analysis for function start_ftp at 0x43ebb4
2025-06-21 05:39:51,171 [INFO] RDA core analysis for start_ftp finished in 3s
2025-06-21 05:39:51,221 [INFO] Analyzing predecessor function sub_4062dc at 0x4062dc | XRefs: [<CFGNode 0x4062dc[68]>, <CFGNode 0x406340[52]>, <CFGNode 0x4063a8[48]>, <CFGNode 0x40642c[48]>]
2025-06-21 05:39:51,254 [INFO] Starting RDA core analysis for function sub_4062dc at 0x4062dc
2025-06-21 05:39:52,430 [INFO] RDA core analysis for sub_4062dc finished in 1s
2025-06-21 05:39:52,470 [INFO] Analyzing predecessor function sub_452a68 at 0x452a68 | XRefs: [<CFGNode 0x452b1c[52]>, <CFGNode 0x452d10[56]>]
2025-06-21 05:39:52,503 [INFO] Starting RDA core analysis for function sub_452a68 at 0x452a68
2025-06-21 05:39:55,759 [INFO] RDA core analysis for sub_452a68 finished in 3s
2025-06-21 05:39:55,807 [INFO] Analyzing predecessor function sub_452974 at 0x452974 | XRefs: [<CFGNode 0x4529a4[56]>]
2025-06-21 05:39:55,840 [INFO] Starting RDA core analysis for function sub_452974 at 0x452974
2025-06-21 05:39:56,379 [INFO] RDA core analysis for sub_452974 finished in 0s
2025-06-21 05:39:56,419 [INFO] Analyzing predecessor function sub_429380 at 0x429380 | XRefs: [<CFGNode 0x4294a4[32]>]
2025-06-21 05:39:56,451 [INFO] Starting RDA core analysis for function sub_429380 at 0x429380
2025-06-21 05:39:57,584 [INFO] RDA core analysis for sub_429380 finished in 1s
2025-06-21 05:39:57,626 [INFO] Analyzing predecessor function sub_412898 at 0x412898 | XRefs: [<CFGNode 0x412898[48]>]
2025-06-21 05:39:57,659 [INFO] Starting RDA core analysis for function sub_412898 at 0x412898
2025-06-21 05:39:57,912 [INFO] RDA core analysis for sub_412898 finished in 0s
2025-06-21 05:39:57,950 [INFO] Analyzing predecessor function stop_DDNS_ipv4 at 0x43df1c | XRefs: [<CFGNode stop_DDNS_ipv4 [116]>]
2025-06-21 05:39:57,983 [INFO] Starting RDA core analysis for function stop_DDNS_ipv4 at 0x43df1c
2025-06-21 05:39:58,428 [INFO] RDA core analysis for stop_DDNS_ipv4 finished in 0s
2025-06-21 05:39:58,472 [INFO] Analyzing predecessor function sub_409050 at 0x409050 | XRefs: [<CFGNode 0x4094d0[32]>, <CFGNode 0x4094f0[32]>, <CFGNode 0x409510[32]>]
2025-06-21 05:39:58,502 [INFO] Starting RDA core analysis for function sub_409050 at 0x409050
2025-06-21 05:40:16,420 [ERROR] Error analyzing function sub_409050 (addr=0x409050): 'IMark' object has no attribute 'data'
Traceback (most recent call last):
  File "/home/SGTaint/tool/SGGraph/base.py", line 271, in rda_analyze
    result = run_function_with_timeout(self.rda_analyze_core, args=(caller_func,), timeout=20000)
  File "/home/SGTaint/tool/BugFinder/utils.py", line 613, in run_function_with_timeout
    raise data
AttributeError: 'IMark' object has no attribute 'data'
2025-06-21 05:40:16,421 [INFO] Analyzing predecessor function tw_enable_coredump at 0x4031d4 | XRefs: [<CFGNode tw_enable_coredump+0xf4 [28]>]
2025-06-21 05:40:16,449 [INFO] Starting RDA core analysis for function tw_enable_coredump at 0x4031d4
2025-06-21 05:40:17,153 [INFO] RDA core analysis for tw_enable_coredump finished in 0s
2025-06-21 05:40:17,199 [INFO] Analyzing predecessor function sub_4126f4 at 0x4126f4 | XRefs: [<CFGNode 0x4127a8[88]>]
2025-06-21 05:40:17,230 [INFO] Starting RDA core analysis for function sub_4126f4 at 0x4126f4
2025-06-21 05:40:18,001 [INFO] RDA core analysis for sub_4126f4 finished in 0s
2025-06-21 05:40:18,042 [INFO] Analyzing predecessor function sub_42c974 at 0x42c974 | XRefs: [<CFGNode 0x42cfd8[28]>, <CFGNode 0x42cff4[32]>, <CFGNode 0x42d014[32]>]
2025-06-21 05:40:18,068 [INFO] Starting RDA core analysis for function sub_42c974 at 0x42c974
2025-06-21 05:40:21,412 [INFO] RDA core analysis for sub_42c974 finished in 3s
2025-06-21 05:40:21,465 [INFO] Analyzing predecessor function sub_43fb80 at 0x43fb80 | XRefs: [<CFGNode 0x43fbb0[36]>]
2025-06-21 05:40:21,491 [INFO] Starting RDA core analysis for function sub_43fb80 at 0x43fb80
2025-06-21 05:40:21,805 [INFO] RDA core analysis for sub_43fb80 finished in 0s
2025-06-21 05:40:21,848 [INFO] Analyzing predecessor function sub_406f8c at 0x406f8c | XRefs: [<CFGNode 0x407304[36]>, <CFGNode 0x40736c[36]>, <CFGNode 0x4073d4[36]>, <CFGNode 0x40719c[36]>, <CFGNode 0x407210[36]>, <CFGNode 0x407284[36]>]
2025-06-21 05:40:21,879 [INFO] Starting RDA core analysis for function sub_406f8c at 0x406f8c
2025-06-21 05:40:23,766 [INFO] RDA core analysis for sub_406f8c finished in 1s
2025-06-21 05:40:23,810 [INFO] Analyzing predecessor function sub_442690 at 0x442690 | XRefs: [<CFGNode 0x442690[52]>]
2025-06-21 05:40:23,838 [INFO] Starting RDA core analysis for function sub_442690 at 0x442690
2025-06-21 05:40:24,109 [INFO] RDA core analysis for sub_442690 finished in 0s
2025-06-21 05:40:24,152 [INFO] Analyzing predecessor function sub_43bd90 at 0x43bd90 | XRefs: [<CFGNode 0x43bd90[52]>, <CFGNode 0x43bdc4[36]>]
2025-06-21 05:40:24,182 [INFO] Starting RDA core analysis for function sub_43bd90 at 0x43bd90
2025-06-21 05:40:24,488 [INFO] RDA core analysis for sub_43bd90 finished in 0s
2025-06-21 05:40:24,526 [INFO] Analyzing predecessor function init_mod at 0x45829c | XRefs: [<CFGNode init_mod [52]>, <CFGNode init_mod+0x34 [36]>, <CFGNode init_mod+0x58 [36]>, <CFGNode init_mod+0x7c [36]>, <CFGNode init_mod+0xa0 [36]>]
2025-06-21 05:40:24,553 [INFO] Starting RDA core analysis for function init_mod at 0x45829c
2025-06-21 05:40:24,996 [INFO] RDA core analysis for init_mod finished in 0s
2025-06-21 05:40:25,040 [INFO] Analyzing predecessor function stop_schedule at 0x42c624 | XRefs: [<CFGNode stop_schedule+0xb4 [36]>]
2025-06-21 05:40:25,072 [INFO] Starting RDA core analysis for function stop_schedule at 0x42c624
2025-06-21 05:40:25,548 [INFO] RDA core analysis for stop_schedule finished in 0s
2025-06-21 05:40:25,591 [INFO] Analyzing predecessor function stop_quick_vpn at 0x4331b0 | XRefs: [<CFGNode stop_quick_vpn+0x5c [36]>]
2025-06-21 05:40:25,617 [INFO] Starting RDA core analysis for function stop_quick_vpn at 0x4331b0
2025-06-21 05:40:25,989 [INFO] RDA core analysis for stop_quick_vpn finished in 0s
2025-06-21 05:40:26,034 [INFO] Analyzing predecessor function sub_4064b0 at 0x4064b0 | XRefs: [<CFGNode 0x4067d4[36]>, <CFGNode 0x4067f8[36]>]
2025-06-21 05:40:26,066 [INFO] Starting RDA core analysis for function sub_4064b0 at 0x4064b0
2025-06-21 05:40:29,539 [INFO] RDA core analysis for sub_4064b0 finished in 3s
2025-06-21 05:40:29,591 [INFO] Analyzing predecessor function sub_43bcdc at 0x43bcdc | XRefs: [<CFGNode 0x43bcdc[52]>, <CFGNode 0x43bd10[36]>, <CFGNode 0x43bd34[36]>, <CFGNode 0x43bd58[36]>]
2025-06-21 05:40:29,617 [INFO] Starting RDA core analysis for function sub_43bcdc at 0x43bcdc
2025-06-21 05:40:30,008 [INFO] RDA core analysis for sub_43bcdc finished in 0s
2025-06-21 05:40:30,051 [INFO] Analyzing predecessor function sub_43bdfc at 0x43bdfc | XRefs: [<CFGNode 0x43bdfc[52]>, <CFGNode 0x43be30[36]>]
2025-06-21 05:40:30,083 [INFO] Starting RDA core analysis for function sub_43bdfc at 0x43bdfc
2025-06-21 05:40:30,389 [INFO] RDA core analysis for sub_43bdfc finished in 0s
2025-06-21 05:40:30,432 [INFO] Analyzing predecessor function sub_40ce6c at 0x40ce6c | XRefs: [<CFGNode 0x40cfe4[32]>, <CFGNode 0x40d004[36]>, <CFGNode 0x40d028[36]>, <CFGNode 0x40d04c[36]>, <CFGNode 0x40cf98[36]>, <CFGNode 0x40cef0[36]>]
2025-06-21 05:40:30,464 [INFO] Starting RDA core analysis for function sub_40ce6c at 0x40ce6c
2025-06-21 05:40:31,677 [INFO] RDA core analysis for sub_40ce6c finished in 1s
2025-06-21 05:40:31,723 [INFO] Analyzing predecessor function stop_ftp at 0x43f270 | XRefs: [<CFGNode stop_ftp+0x30 [36]>]
2025-06-21 05:40:31,754 [INFO] Starting RDA core analysis for function stop_ftp at 0x43f270
2025-06-21 05:40:32,064 [INFO] RDA core analysis for stop_ftp finished in 0s
2025-06-21 05:40:32,107 [INFO] Analyzing predecessor function sub_458374 at 0x458374 | XRefs: [<CFGNode 0x4583e8[36]>, <CFGNode 0x458440[36]>, <CFGNode 0x458498[36]>, <CFGNode 0x4584f0[36]>, <CFGNode 0x458548[36]>, <CFGNode 0x4585a0[36]>, <CFGNode 0x4585f8[36]>, <CFGNode 0x458650[36]>, <CFGNode 0x4586a8[36]>, <CFGNode 0x458700[36]>, <CFGNode 0x458758[36]>, <CFGNode 0x4587b0[36]>, <CFGNode 0x458808[36]>, <CFGNode 0x458860[36]>, <CFGNode 0x4588b8[36]>, <CFGNode 0x458910[36]>]
2025-06-21 05:40:32,139 [INFO] Starting RDA core analysis for function sub_458374 at 0x458374
2025-06-21 05:40:34,283 [INFO] RDA core analysis for sub_458374 finished in 2s
2025-06-21 05:40:34,335 [INFO] Analyzing predecessor function stop_dnsmasq at 0x427274 | XRefs: [<CFGNode stop_dnsmasq+0x94 [36]>]
2025-06-21 05:40:34,366 [INFO] Starting RDA core analysis for function stop_dnsmasq at 0x427274
2025-06-21 05:40:34,801 [INFO] RDA core analysis for stop_dnsmasq finished in 0s
2025-06-21 05:40:34,846 [INFO] Analyzing predecessor function sub_441df8 at 0x441df8 | XRefs: [<CFGNode 0x441e28[36]>, <CFGNode 0x441e4c[36]>, <CFGNode 0x441e70[36]>]
2025-06-21 05:40:34,876 [INFO] Starting RDA core analysis for function sub_441df8 at 0x441df8
2025-06-21 05:40:35,288 [INFO] RDA core analysis for sub_441df8 finished in 0s
2025-06-21 05:40:35,327 [INFO] Analyzing predecessor function sub_437cfc at 0x437cfc | XRefs: [<CFGNode 0x437da0[32]>]
2025-06-21 05:40:35,359 [INFO] Starting RDA core analysis for function sub_437cfc at 0x437cfc
2025-06-21 05:40:35,837 [INFO] RDA core analysis for sub_437cfc finished in 0s
2025-06-21 05:40:35,876 [INFO] Analyzing predecessor function stop_ntpc at 0x438c80 | XRefs: [<CFGNode stop_ntpc [104]>]
2025-06-21 05:40:35,908 [INFO] Starting RDA core analysis for function stop_ntpc at 0x438c80
2025-06-21 05:40:36,475 [INFO] RDA core analysis for stop_ntpc finished in 0s
2025-06-21 05:40:36,516 [INFO] Analyzing predecessor function sub_452900 at 0x452900 | XRefs: [<CFGNode 0x452900[96]>]
2025-06-21 05:40:36,548 [INFO] Starting RDA core analysis for function sub_452900 at 0x452900
2025-06-21 05:40:36,877 [INFO] RDA core analysis for sub_452900 finished in 0s
2025-06-21 05:40:36,915 [INFO] Analyzing predecessor function sub_438800 at 0x438800 | XRefs: [<CFGNode 0x438800[96]>]
2025-06-21 05:40:36,948 [INFO] Starting RDA core analysis for function sub_438800 at 0x438800
2025-06-21 05:40:37,291 [INFO] RDA core analysis for sub_438800 finished in 0s
2025-06-21 05:40:37,330 [INFO] Analyzing predecessor function sub_412110 at 0x412110 | XRefs: [<CFGNode 0x412138[72]>]
2025-06-21 05:40:37,362 [INFO] Starting RDA core analysis for function sub_412110 at 0x412110
2025-06-21 05:40:37,742 [INFO] RDA core analysis for sub_412110 finished in 0s
2025-06-21 05:40:37,781 [INFO] Analyzing predecessor function start_dhcp6c at 0x44df9c | XRefs: [<CFGNode start_dhcp6c+0x4f8 [92]>]
2025-06-21 05:40:37,808 [INFO] Starting RDA core analysis for function start_dhcp6c at 0x44df9c
2025-06-21 05:40:40,443 [INFO] RDA core analysis for start_dhcp6c finished in 2s
2025-06-21 05:40:40,492 [INFO] Analyzing predecessor function sub_43a4a0 at 0x43a4a0 | XRefs: [<CFGNode 0x43a4a0[92]>]
2025-06-21 05:40:40,519 [INFO] Starting RDA core analysis for function sub_43a4a0 at 0x43a4a0
2025-06-21 05:40:40,848 [INFO] RDA core analysis for sub_43a4a0 finished in 0s
2025-06-21 05:40:40,884 [INFO] Analyzing predecessor function sub_4121ac at 0x4121ac | XRefs: [<CFGNode 0x4121d4[72]>]
2025-06-21 05:40:40,911 [INFO] Starting RDA core analysis for function sub_4121ac at 0x4121ac
2025-06-21 05:40:41,289 [INFO] RDA core analysis for sub_4121ac finished in 0s
2025-06-21 05:40:41,333 [INFO] Analyzing predecessor function sub_4335ac at 0x4335ac | XRefs: [<CFGNode 0x4335ac[92]>]
2025-06-21 05:40:41,362 [INFO] Starting RDA core analysis for function sub_4335ac at 0x4335ac
2025-06-21 05:40:41,960 [INFO] RDA core analysis for sub_4335ac finished in 0s
2025-06-21 05:40:42,000 [INFO] Analyzing predecessor function sub_43887c at 0x43887c | XRefs: [<CFGNode 0x43887c[80]>]
2025-06-21 05:40:42,033 [INFO] Starting RDA core analysis for function sub_43887c at 0x43887c
2025-06-21 05:40:42,356 [INFO] RDA core analysis for sub_43887c finished in 0s
2025-06-21 05:40:42,394 [INFO] Analyzing predecessor function sub_43abf8 at 0x43abf8 | XRefs: [<CFGNode 0x43abf8[80]>]
2025-06-21 05:40:42,427 [INFO] Starting RDA core analysis for function sub_43abf8 at 0x43abf8
2025-06-21 05:40:42,750 [INFO] RDA core analysis for sub_43abf8 finished in 0s
2025-06-21 05:40:42,788 [INFO] Analyzing predecessor function sub_43863c at 0x43863c | XRefs: [<CFGNode 0x438680[72]>]
2025-06-21 05:40:42,821 [INFO] Starting RDA core analysis for function sub_43863c at 0x43863c
2025-06-21 05:40:43,229 [INFO] RDA core analysis for sub_43863c finished in 0s
2025-06-21 05:40:43,268 [INFO] Analyzing predecessor function sub_41e7c4 at 0x41e7c4 | XRefs: [<CFGNode 0x41e7c4[104]>]
2025-06-21 05:40:43,301 [INFO] Starting RDA core analysis for function sub_41e7c4 at 0x41e7c4
2025-06-21 05:40:43,620 [INFO] RDA core analysis for sub_41e7c4 finished in 0s
2025-06-21 05:40:43,659 [INFO] Analyzing predecessor function sub_41e748 at 0x41e748 | XRefs: [<CFGNode 0x41e748[104]>]
2025-06-21 05:40:43,686 [INFO] Starting RDA core analysis for function sub_41e748 at 0x41e748
2025-06-21 05:40:44,007 [INFO] RDA core analysis for sub_41e748 finished in 0s
2025-06-21 05:40:44,049 [INFO] Analyzing predecessor function sub_4336d4 at 0x4336d4 | XRefs: [<CFGNode 0x4336d4[92]>]
2025-06-21 05:40:44,081 [INFO] Starting RDA core analysis for function sub_4336d4 at 0x4336d4
2025-06-21 05:40:44,635 [INFO] RDA core analysis for sub_4336d4 finished in 0s
2025-06-21 05:40:44,680 [INFO] Analyzing predecessor function sub_437dd8 at 0x437dd8 | XRefs: [<CFGNode 0x437dd8[92]>]
2025-06-21 05:40:44,712 [INFO] Starting RDA core analysis for function sub_437dd8 at 0x437dd8
2025-06-21 05:40:45,266 [INFO] RDA core analysis for sub_437dd8 finished in 0s
2025-06-21 05:40:45,311 [INFO] Analyzing predecessor function sub_411fdc at 0x411fdc | XRefs: [<CFGNode 0x412004[72]>]
2025-06-21 05:40:45,342 [INFO] Starting RDA core analysis for function sub_411fdc at 0x411fdc
2025-06-21 05:40:45,727 [INFO] RDA core analysis for sub_411fdc finished in 0s
2025-06-21 05:40:45,768 [INFO] Analyzing predecessor function sub_43875c at 0x43875c | XRefs: [<CFGNode 0x4387a0[72]>]
2025-06-21 05:40:45,794 [INFO] Starting RDA core analysis for function sub_43875c at 0x43875c
2025-06-21 05:40:46,203 [INFO] RDA core analysis for sub_43875c finished in 0s
2025-06-21 05:40:46,247 [INFO] Analyzing predecessor function sub_452f60 at 0x452f60 | XRefs: [<CFGNode 0x452fb0[96]>]
2025-06-21 05:40:46,276 [INFO] Starting RDA core analysis for function sub_452f60 at 0x452f60
2025-06-21 05:40:46,757 [INFO] RDA core analysis for sub_452f60 finished in 0s
2025-06-21 05:40:46,797 [INFO] Analyzing predecessor function sub_4386e0 at 0x4386e0 | XRefs: [<CFGNode 0x4386e0[96]>]
2025-06-21 05:40:46,824 [INFO] Starting RDA core analysis for function sub_4386e0 at 0x4386e0
2025-06-21 05:40:47,169 [INFO] RDA core analysis for sub_4386e0 finished in 0s
2025-06-21 05:40:47,213 [INFO] Analyzing predecessor function sub_434b64 at 0x434b64 | XRefs: [<CFGNode 0x434b64[92]>, <CFGNode 0x434bc0[92]>]
2025-06-21 05:40:47,244 [INFO] Starting RDA core analysis for function sub_434b64 at 0x434b64
2025-06-21 05:40:47,916 [INFO] RDA core analysis for sub_434b64 finished in 0s
2025-06-21 05:40:47,960 [INFO] Analyzing predecessor function sub_43ac64 at 0x43ac64 | XRefs: [<CFGNode 0x43ac64[92]>]
2025-06-21 05:40:47,992 [INFO] Starting RDA core analysis for function sub_43ac64 at 0x43ac64
2025-06-21 05:40:48,329 [INFO] RDA core analysis for sub_43ac64 finished in 0s
2025-06-21 05:40:48,367 [INFO] Analyzing predecessor function stop_igmp_proxy at 0x43ab68 | XRefs: [<CFGNode stop_igmp_proxy [108]>]
2025-06-21 05:40:48,400 [INFO] Starting RDA core analysis for function stop_igmp_proxy at 0x43ab68
2025-06-21 05:40:48,821 [INFO] RDA core analysis for stop_igmp_proxy finished in 0s
2025-06-21 05:40:48,860 [INFO] Analyzing predecessor function sub_4388e8 at 0x4388e8 | XRefs: [<CFGNode 0x4388e8[92]>]
2025-06-21 05:40:48,893 [INFO] Starting RDA core analysis for function sub_4388e8 at 0x4388e8
2025-06-21 05:40:49,228 [INFO] RDA core analysis for sub_4388e8 finished in 0s
2025-06-21 05:40:49,267 [INFO] Analyzing predecessor function sub_412078 at 0x412078 | XRefs: [<CFGNode 0x4120a0[72]>]
2025-06-21 05:40:49,299 [INFO] Starting RDA core analysis for function sub_412078 at 0x412078
2025-06-21 05:40:49,674 [INFO] RDA core analysis for sub_412078 finished in 0s
2025-06-21 05:40:49,713 [INFO] Analyzing predecessor function sub_403814 at 0x403814 | XRefs: [<CFGNode 0x403814[56]>]
2025-06-21 05:40:49,746 [INFO] Starting RDA core analysis for function sub_403814 at 0x403814
2025-06-21 05:40:50,017 [INFO] RDA core analysis for sub_403814 finished in 0s
2025-06-21 05:40:50,055 [INFO] Analyzing predecessor function sub_4037a8 at 0x4037a8 | XRefs: [<CFGNode 0x4037a8[56]>]
2025-06-21 05:40:50,089 [INFO] Starting RDA core analysis for function sub_4037a8 at 0x4037a8
2025-06-21 05:40:50,382 [INFO] RDA core analysis for sub_4037a8 finished in 0s
2025-06-21 05:40:50,420 [INFO] Analyzing predecessor function init_product_info at 0x459f44 | XRefs: [<CFGNode init_product_info [56]>, <CFGNode init_product_info+0x38 [40]>, <CFGNode init_product_info+0x60 [40]>, <CFGNode init_product_info+0x88 [40]>]
2025-06-21 05:40:50,452 [INFO] Starting RDA core analysis for function init_product_info at 0x459f44
2025-06-21 05:40:50,845 [INFO] RDA core analysis for init_product_info finished in 0s
2025-06-21 05:40:50,884 [INFO] Analyzing predecessor function start_services_once at 0x43a370 | XRefs: [<CFGNode start_services_once+0x88 [40]>]
2025-06-21 05:40:50,916 [INFO] Starting RDA core analysis for function start_services_once at 0x43a370
2025-06-21 05:40:51,521 [INFO] RDA core analysis for start_services_once finished in 0s
2025-06-21 05:40:52,038 [INFO] Importing /home/firmware/Current_dataset/D-Link/DIR-878/cpio-root/bin/rc into Ghidra project with command: /home/SGTaint/ghidra/support/analyzeHeadless /home/SGTaint/tmp/ghidra rc -import /home/firmware/Current_dataset/D-Link/DIR-878/cpio-root/bin/rc
2025-06-21 05:41:10,038 [INFO] Successfully imported /home/firmware/Current_dataset/D-Link/DIR-878/cpio-root/bin/rc into Ghidra project.
2025-06-21 05:41:39,897 [INFO] Executed Ghidra command for decompilation: /home/SGTaint/ghidra/support/analyzeHeadless /home/SGTaint/tmp/ghidra rc -process rc -postScript /home/SGTaint/tool/Ghidra/decompile_assist.py "0x400000"
2025-06-21 05:41:40,026 [INFO] Finished RDA analysis for /home/firmware/Current_dataset/D-Link/DIR-878/cpio-root/bin/rc in 2240s
2025-06-21 05:41:40,039 [INFO] [PARALLEL] Finished analysis for: /home/firmware/Current_dataset/D-Link/DIR-878/cpio-root/bin/rc (6/6)
2025-06-21 05:41:40,373 [INFO] [STEP 3] All parallel analysis finished in 2396.10 seconds

2025-06-21 05:41:40,373 [INFO] [MERGE] Processing file: /home/firmware/Current_dataset/D-Link/DIR-878/cpio-root/bin/ralink_init
2025-06-21 05:41:40,373 [INFO] [MERGE] Processing file: /home/firmware/Current_dataset/D-Link/DIR-878/cpio-root/bin/ntpclient
2025-06-21 05:41:40,374 [INFO] [MERGE] Processing file: /home/firmware/Current_dataset/D-Link/DIR-878/cpio-root/lib/librcm.so
2025-06-21 05:41:40,380 [INFO] Cross binary path join completed for /home/firmware/Current_dataset/D-Link/DIR-878/cpio-root/lib/librcm.so with set keyword 'dhcp_start'.
2025-06-21 05:41:40,381 [INFO] Cross binary path join completed for /home/firmware/Current_dataset/D-Link/DIR-878/cpio-root/lib/librcm.so with set keyword 'dhcp_end'.
2025-06-21 05:41:40,381 [WARNING] No cross binary path found for /home/firmware/Current_dataset/D-Link/DIR-878/cpio-root/lib/librcm.so with set keyword 'lan_reserve_config'.
2025-06-21 05:41:40,381 [WARNING] No cross binary path found for /home/firmware/Current_dataset/D-Link/DIR-878/cpio-root/lib/librcm.so with set keyword 'lan_reserve_config'.
2025-06-21 05:41:40,381 [WARNING] /home/firmware/Current_dataset/D-Link/DIR-878/cpio-root/lib/librcm.so has a non-static string set keyword, skipping path join.
2025-06-21 05:41:40,386 [INFO] [MERGE] Processing file: /home/firmware/Current_dataset/D-Link/DIR-878/cpio-root/usr/sbin/timer
2025-06-21 05:41:40,387 [INFO] [MERGE] Processing file: /home/firmware/Current_dataset/D-Link/DIR-878/cpio-root/bin/rc
2025-06-21 05:41:40,392 [WARNING] No cross binary path found for /home/firmware/Current_dataset/D-Link/DIR-878/cpio-root/bin/rc with set keyword 'TZ'.
2025-06-21 05:41:40,392 [WARNING] No cross binary path found for /home/firmware/Current_dataset/D-Link/DIR-878/cpio-root/bin/rc with set keyword 'ipv6_ipaddr'.
2025-06-21 05:41:40,392 [WARNING] No cross binary path found for /home/firmware/Current_dataset/D-Link/DIR-878/cpio-root/bin/rc with set keyword 'ipv6_ipaddr'.
2025-06-21 05:41:40,392 [WARNING] No cross binary path found for /home/firmware/Current_dataset/D-Link/DIR-878/cpio-root/bin/rc with set keyword 'ipv6_dhcppd'.
2025-06-21 05:41:40,393 [INFO] Cross binary path join completed for /home/firmware/Current_dataset/D-Link/DIR-878/cpio-root/bin/rc with set keyword 'lan0_ipv6_prefix'.
2025-06-21 05:41:40,393 [INFO] Cross binary path join completed for /home/firmware/Current_dataset/D-Link/DIR-878/cpio-root/bin/rc with set keyword 'lan0_ipv6_prefix'.
2025-06-21 05:41:40,393 [INFO] Cross binary path join completed for /home/firmware/Current_dataset/D-Link/DIR-878/cpio-root/bin/rc with set keyword 'lan0_ipv6_prefix'.
2025-06-21 05:41:40,393 [INFO] Cross binary path join completed for /home/firmware/Current_dataset/D-Link/DIR-878/cpio-root/bin/rc with set keyword 'lan0_ipv6_prefix'.
2025-06-21 05:41:40,393 [INFO] Cross binary path join completed for /home/firmware/Current_dataset/D-Link/DIR-878/cpio-root/bin/rc with set keyword 'lan0_ipv6_prefix'.
2025-06-21 05:41:40,393 [WARNING] No cross binary path found for /home/firmware/Current_dataset/D-Link/DIR-878/cpio-root/bin/rc with set keyword 'dslite_aftripv6addr'.
2025-06-21 05:41:40,393 [WARNING] No cross binary path found for /home/firmware/Current_dataset/D-Link/DIR-878/cpio-root/bin/rc with set keyword 'dslite_aftripv6addr'.
2025-06-21 05:41:40,393 [WARNING] No cross binary path found for /home/firmware/Current_dataset/D-Link/DIR-878/cpio-root/bin/rc with set keyword 'dslite_aftripv6addr'.
2025-06-21 05:41:40,393 [WARNING] No cross binary path found for /home/firmware/Current_dataset/D-Link/DIR-878/cpio-root/bin/rc with set keyword 'wan_wan0_vpn_ifname'.
2025-06-21 05:41:40,393 [WARNING] No cross binary path found for /home/firmware/Current_dataset/D-Link/DIR-878/cpio-root/bin/rc with set keyword 'mac'.
2025-06-21 05:41:40,393 [INFO] Cross binary path join completed for /home/firmware/Current_dataset/D-Link/DIR-878/cpio-root/bin/rc with set keyword 'lan0_ipv6_prefix'.
2025-06-21 05:41:40,393 [WARNING] No cross binary path found for /home/firmware/Current_dataset/D-Link/DIR-878/cpio-root/bin/rc with set keyword 'lan0_ipv6_prefix_length'.
2025-06-21 05:41:40,394 [INFO] Cross binary path join completed for /home/firmware/Current_dataset/D-Link/DIR-878/cpio-root/bin/rc with set keyword 'lan0_ipv6_prefix'.
2025-06-21 05:41:40,394 [WARNING] No cross binary path found for /home/firmware/Current_dataset/D-Link/DIR-878/cpio-root/bin/rc with set keyword 'lan0_ipv6_ula_prefix'.
2025-06-21 05:41:40,394 [WARNING] No cross binary path found for /home/firmware/Current_dataset/D-Link/DIR-878/cpio-root/bin/rc with set keyword 'wan_wan0_vpn_ifname'.
2025-06-21 05:41:40,394 [INFO] Cross binary path join completed for /home/firmware/Current_dataset/D-Link/DIR-878/cpio-root/bin/rc with set keyword 'pppoe_ifname'.
2025-06-21 05:41:40,394 [INFO] Cross binary path join completed for /home/firmware/Current_dataset/D-Link/DIR-878/cpio-root/bin/rc with set keyword 'usbdisks'.
2025-06-21 05:41:40,394 [INFO] Cross binary path join completed for /home/firmware/Current_dataset/D-Link/DIR-878/cpio-root/bin/rc with set keyword 'usbdisksPath'.
2025-06-21 05:41:40,394 [INFO] Cross binary path join completed for /home/firmware/Current_dataset/D-Link/DIR-878/cpio-root/bin/rc with set keyword 'client'.
2025-06-21 05:41:40,394 [INFO] Cross binary path join completed for /home/firmware/Current_dataset/D-Link/DIR-878/cpio-root/bin/rc with set keyword 'netmask'.
2025-06-21 05:41:40,394 [INFO] Cross binary path join completed for /home/firmware/Current_dataset/D-Link/DIR-878/cpio-root/bin/rc with set keyword 'gateway'.
2025-06-21 05:41:40,394 [INFO] Cross binary path join completed for /home/firmware/Current_dataset/D-Link/DIR-878/cpio-root/bin/rc with set keyword 'dns'.
2025-06-21 05:41:40,394 [WARNING] No cross binary path found for /home/firmware/Current_dataset/D-Link/DIR-878/cpio-root/bin/rc with set keyword 'ipaddr'.
2025-06-21 05:41:40,394 [INFO] Cross binary path join completed for /home/firmware/Current_dataset/D-Link/DIR-878/cpio-root/bin/rc with set keyword 'netmask'.
2025-06-21 05:41:40,394 [INFO] Cross binary path join completed for /home/firmware/Current_dataset/D-Link/DIR-878/cpio-root/bin/rc with set keyword 'gateway'.
2025-06-21 05:41:40,395 [INFO] Cross binary path join completed for /home/firmware/Current_dataset/D-Link/DIR-878/cpio-root/bin/rc with set keyword 'dns'.
2025-06-21 05:41:40,395 [WARNING] No cross binary path found for /home/firmware/Current_dataset/D-Link/DIR-878/cpio-root/bin/rc with set keyword 'wins'.
2025-06-21 05:41:40,395 [WARNING] No cross binary path found for /home/firmware/Current_dataset/D-Link/DIR-878/cpio-root/bin/rc with set keyword 'domain'.
2025-06-21 05:41:40,395 [WARNING] No cross binary path found for /home/firmware/Current_dataset/D-Link/DIR-878/cpio-root/bin/rc with set keyword 'lease'.
2025-06-21 05:41:40,395 [WARNING] No cross binary path found for /home/firmware/Current_dataset/D-Link/DIR-878/cpio-root/bin/rc with set keyword 'ipv6_6rd_ip4masklen'.
2025-06-21 05:41:40,395 [WARNING] No cross binary path found for /home/firmware/Current_dataset/D-Link/DIR-878/cpio-root/bin/rc with set keyword 'ipv6_6rd_ip4masklen'.
2025-06-21 05:41:40,395 [WARNING] No cross binary path found for /home/firmware/Current_dataset/D-Link/DIR-878/cpio-root/bin/rc with set keyword 'lan1_gateway'.
2025-06-21 05:41:40,395 [WARNING] /home/firmware/Current_dataset/D-Link/DIR-878/cpio-root/bin/rc has a non-static string set keyword, skipping path join.
2025-06-21 05:41:40,395 [WARNING] /home/firmware/Current_dataset/D-Link/DIR-878/cpio-root/bin/rc has a non-static string set keyword, skipping path join.
2025-06-21 05:41:40,395 [WARNING] No cross binary path found for /home/firmware/Current_dataset/D-Link/DIR-878/cpio-root/bin/rc with set keyword 'vpn_ifname'.
2025-06-21 05:41:40,395 [INFO] Cross binary path join completed for /home/firmware/Current_dataset/D-Link/DIR-878/cpio-root/bin/rc with set keyword 'pppoe_ifname'.
2025-06-21 05:41:40,395 [WARNING] No cross binary path found for /home/firmware/Current_dataset/D-Link/DIR-878/cpio-root/bin/rc with set keyword 'ipaddr'.
2025-06-21 05:41:40,395 [INFO] Cross binary path join completed for /home/firmware/Current_dataset/D-Link/DIR-878/cpio-root/bin/rc with set keyword 'gateway'.
2025-06-21 05:41:40,395 [INFO] Cross binary path join completed for /home/firmware/Current_dataset/D-Link/DIR-878/cpio-root/bin/rc with set keyword 'dns'.
2025-06-21 05:41:40,395 [INFO] Cross binary path join completed for /home/firmware/Current_dataset/D-Link/DIR-878/cpio-root/bin/rc with set keyword 'dns'.
2025-06-21 05:41:40,396 [INFO] Cross binary path join completed for /home/firmware/Current_dataset/D-Link/DIR-878/cpio-root/bin/rc with set keyword 'lan_ipaddr'.
2025-06-21 05:41:40,396 [WARNING] No cross binary path found for /home/firmware/Current_dataset/D-Link/DIR-878/cpio-root/bin/rc with set keyword 'lan_netmask'.
2025-06-21 05:41:40,396 [WARNING] No cross binary path found for /home/firmware/Current_dataset/D-Link/DIR-878/cpio-root/bin/rc with set keyword 'lan_gateway'.
2025-06-21 05:41:40,396 [WARNING] /home/firmware/Current_dataset/D-Link/DIR-878/cpio-root/bin/rc has a non-static string set keyword, skipping path join.
2025-06-21 05:41:40,396 [INFO] Cross binary path join completed for /home/firmware/Current_dataset/D-Link/DIR-878/cpio-root/bin/rc with set keyword 'pppoe_ifname'.
2025-06-21 05:41:40,401 [INFO] [MERGE] Processing file: /home/firmware/Current_dataset/D-Link/DIR-878/cpio-root/bin/prog.cgi
2025-06-21 05:41:40,403 [WARNING] No cross binary path found for /home/firmware/Current_dataset/D-Link/DIR-878/cpio-root/bin/prog.cgi with set keyword 'UploadBandwidth'.
2025-06-21 05:41:40,403 [WARNING] No cross binary path found for /home/firmware/Current_dataset/D-Link/DIR-878/cpio-root/bin/prog.cgi with set keyword 'DownloadBandwidth'.
2025-06-21 05:41:40,403 [WARNING] No cross binary path found for /home/firmware/Current_dataset/D-Link/DIR-878/cpio-root/bin/prog.cgi with set keyword 'quickVPN_Username'.
2025-06-21 05:41:40,403 [INFO] Cross binary path join completed for /home/firmware/Current_dataset/D-Link/DIR-878/cpio-root/bin/prog.cgi with set keyword 'quickVPN_Password'.
2025-06-21 05:41:40,403 [WARNING] No cross binary path found for /home/firmware/Current_dataset/D-Link/DIR-878/cpio-root/bin/prog.cgi with set keyword 'quickVPN_PSK'.
2025-06-21 05:41:40,403 [WARNING] No cross binary path found for /home/firmware/Current_dataset/D-Link/DIR-878/cpio-root/bin/prog.cgi with set keyword 'quickVPN_AuthProtocol'.
2025-06-21 05:41:40,403 [WARNING] No cross binary path found for /home/firmware/Current_dataset/D-Link/DIR-878/cpio-root/bin/prog.cgi with set keyword 'quickVPN_MPPE'.
2025-06-21 05:41:40,403 [INFO] Cross binary path join completed for /home/firmware/Current_dataset/D-Link/DIR-878/cpio-root/bin/prog.cgi with set keyword 'wan_wan0_ifname'.
2025-06-21 05:41:40,403 [WARNING] No cross binary path found for /home/firmware/Current_dataset/D-Link/DIR-878/cpio-root/bin/prog.cgi with set keyword 'wan_wan1_ifname'.
2025-06-21 05:41:40,403 [WARNING] No cross binary path found for /home/firmware/Current_dataset/D-Link/DIR-878/cpio-root/bin/prog.cgi with set keyword 'wan_wan_ifnames'.
2025-06-21 05:41:40,404 [WARNING] No cross binary path found for /home/firmware/Current_dataset/D-Link/DIR-878/cpio-root/bin/prog.cgi with set keyword 'wan_wan0_vlanidpri'.
2025-06-21 05:41:40,404 [WARNING] No cross binary path found for /home/firmware/Current_dataset/D-Link/DIR-878/cpio-root/bin/prog.cgi with set keyword 'wan_wan1_vlanidpri'.
2025-06-21 05:41:40,404 [WARNING] No cross binary path found for /home/firmware/Current_dataset/D-Link/DIR-878/cpio-root/bin/prog.cgi with set keyword 'wan_iptv_vlanidpri'.
2025-06-21 05:41:40,404 [WARNING] No cross binary path found for /home/firmware/Current_dataset/D-Link/DIR-878/cpio-root/bin/prog.cgi with set keyword 'wan_voip_vlanidpri'.
2025-06-21 05:41:40,404 [WARNING] No cross binary path found for /home/firmware/Current_dataset/D-Link/DIR-878/cpio-root/bin/prog.cgi with set keyword 'wan_wan0_vlanid'.
2025-06-21 05:41:40,404 [WARNING] No cross binary path found for /home/firmware/Current_dataset/D-Link/DIR-878/cpio-root/bin/prog.cgi with set keyword 'wan_wan1_vlanid'.
2025-06-21 05:41:40,404 [WARNING] No cross binary path found for /home/firmware/Current_dataset/D-Link/DIR-878/cpio-root/bin/prog.cgi with set keyword 'wan_iptv_vlanid'.
2025-06-21 05:41:40,404 [WARNING] No cross binary path found for /home/firmware/Current_dataset/D-Link/DIR-878/cpio-root/bin/prog.cgi with set keyword 'wan_voip_vlanid'.
2025-06-21 05:41:40,404 [WARNING] No cross binary path found for /home/firmware/Current_dataset/D-Link/DIR-878/cpio-root/bin/prog.cgi with set keyword 'vlan_lan_dev1_service_mapping'.
2025-06-21 05:41:40,404 [WARNING] No cross binary path found for /home/firmware/Current_dataset/D-Link/DIR-878/cpio-root/bin/prog.cgi with set keyword 'vlan_lan_dev2_service_mapping'.
2025-06-21 05:41:40,404 [WARNING] No cross binary path found for /home/firmware/Current_dataset/D-Link/DIR-878/cpio-root/bin/prog.cgi with set keyword 'vlan_lan_dev3_service_mapping'.
2025-06-21 05:41:40,404 [WARNING] No cross binary path found for /home/firmware/Current_dataset/D-Link/DIR-878/cpio-root/bin/prog.cgi with set keyword 'vlan_lan_dev4_service_mapping'.
2025-06-21 05:41:40,404 [WARNING] No cross binary path found for /home/firmware/Current_dataset/D-Link/DIR-878/cpio-root/bin/prog.cgi with set keyword 'vlan_wlan_service_mapping'.
2025-06-21 05:41:40,404 [WARNING] No cross binary path found for /home/firmware/Current_dataset/D-Link/DIR-878/cpio-root/bin/prog.cgi with set keyword 'vlan_wlan_guest_service_mapping'.
2025-06-21 05:41:40,405 [INFO] Cross binary path join completed for /home/firmware/Current_dataset/D-Link/DIR-878/cpio-root/bin/prog.cgi with set keyword 'wan_wan0_ifname'.
2025-06-21 05:41:40,405 [WARNING] No cross binary path found for /home/firmware/Current_dataset/D-Link/DIR-878/cpio-root/bin/prog.cgi with set keyword 'wan_wan1_ifname'.
2025-06-21 05:41:40,405 [WARNING] No cross binary path found for /home/firmware/Current_dataset/D-Link/DIR-878/cpio-root/bin/prog.cgi with set keyword 'FTP_Port'.
2025-06-21 05:41:40,405 [WARNING] No cross binary path found for /home/firmware/Current_dataset/D-Link/DIR-878/cpio-root/bin/prog.cgi with set keyword 'FTP_Idletime'.
2025-06-21 05:41:40,405 [WARNING] No cross binary path found for /home/firmware/Current_dataset/D-Link/DIR-878/cpio-root/bin/prog.cgi with set keyword 'sys_reboot_schedule'.
2025-06-21 05:41:40,405 [WARNING] No cross binary path found for /home/firmware/Current_dataset/D-Link/DIR-878/cpio-root/bin/prog.cgi with set keyword 'sys_reboot_schedule'.
2025-06-21 05:41:40,405 [WARNING] No cross binary path found for /home/firmware/Current_dataset/D-Link/DIR-878/cpio-root/bin/prog.cgi with set keyword 'sys_reboot_schedule'.
2025-06-21 05:41:40,405 [WARNING] No cross binary path found for /home/firmware/Current_dataset/D-Link/DIR-878/cpio-root/bin/prog.cgi with set keyword 'ipv6_ipaddr'.
2025-06-21 05:41:40,405 [WARNING] No cross binary path found for /home/firmware/Current_dataset/D-Link/DIR-878/cpio-root/bin/prog.cgi with set keyword 'ipv6_prefix_length'.
2025-06-21 05:41:40,405 [WARNING] No cross binary path found for /home/firmware/Current_dataset/D-Link/DIR-878/cpio-root/bin/prog.cgi with set keyword 'ipv6_gateway'.
2025-06-21 05:41:40,405 [WARNING] No cross binary path found for /home/firmware/Current_dataset/D-Link/DIR-878/cpio-root/bin/prog.cgi with set keyword 'ipv6_dns'.
2025-06-21 05:41:40,405 [WARNING] No cross binary path found for /home/firmware/Current_dataset/D-Link/DIR-878/cpio-root/bin/prog.cgi with set keyword 'ipv6_dns'.
2025-06-21 05:41:40,405 [WARNING] No cross binary path found for /home/firmware/Current_dataset/D-Link/DIR-878/cpio-root/bin/prog.cgi with set keyword 'lan0_ipv6_ipaddr'.
2025-06-21 05:41:40,405 [WARNING] No cross binary path found for /home/firmware/Current_dataset/D-Link/DIR-878/cpio-root/bin/prog.cgi with set keyword 'lan0_ipv6_autoconf_type'.
2025-06-21 05:41:40,405 [WARNING] No cross binary path found for /home/firmware/Current_dataset/D-Link/DIR-878/cpio-root/bin/prog.cgi with set keyword 'lan0_ipv6_route_lifetime'.
2025-06-21 05:41:40,406 [WARNING] No cross binary path found for /home/firmware/Current_dataset/D-Link/DIR-878/cpio-root/bin/prog.cgi with set keyword 'lan0_ipv6_dhcp_start'.
2025-06-21 05:41:40,406 [WARNING] No cross binary path found for /home/firmware/Current_dataset/D-Link/DIR-878/cpio-root/bin/prog.cgi with set keyword 'lan0_ipv6_dhcp_end'.
2025-06-21 05:41:40,406 [WARNING] No cross binary path found for /home/firmware/Current_dataset/D-Link/DIR-878/cpio-root/bin/prog.cgi with set keyword 'ipv6_6to4_router'.
2025-06-21 05:41:40,406 [WARNING] No cross binary path found for /home/firmware/Current_dataset/D-Link/DIR-878/cpio-root/bin/prog.cgi with set keyword 'ipv6_6to4_slaid'.
2025-06-21 05:41:40,406 [WARNING] No cross binary path found for /home/firmware/Current_dataset/D-Link/DIR-878/cpio-root/bin/prog.cgi with set keyword 'ipv6_dns'.
2025-06-21 05:41:40,406 [WARNING] No cross binary path found for /home/firmware/Current_dataset/D-Link/DIR-878/cpio-root/bin/prog.cgi with set keyword 'ipv6_dns'.
2025-06-21 05:41:40,406 [WARNING] No cross binary path found for /home/firmware/Current_dataset/D-Link/DIR-878/cpio-root/bin/prog.cgi with set keyword 'lan0_ipv6_autoconf_type'.
2025-06-21 05:41:40,406 [WARNING] No cross binary path found for /home/firmware/Current_dataset/D-Link/DIR-878/cpio-root/bin/prog.cgi with set keyword 'lan0_ipv6_route_lifetime'.
2025-06-21 05:41:40,406 [WARNING] No cross binary path found for /home/firmware/Current_dataset/D-Link/DIR-878/cpio-root/bin/prog.cgi with set keyword 'lan0_ipv6_dhcp_start'.
2025-06-21 05:41:40,406 [WARNING] No cross binary path found for /home/firmware/Current_dataset/D-Link/DIR-878/cpio-root/bin/prog.cgi with set keyword 'lan0_ipv6_dhcp_end'.
2025-06-21 05:41:40,406 [INFO] Cross binary path join completed for /home/firmware/Current_dataset/D-Link/DIR-878/cpio-root/bin/prog.cgi with set keyword 'lan0_dhcps_staticlist'.
2025-06-21 05:41:40,406 [INFO] Cross binary path join completed for /home/firmware/Current_dataset/D-Link/DIR-878/cpio-root/bin/prog.cgi with set keyword 'lan0_dhcps_staticlist'.
2025-06-21 05:41:40,406 [INFO] Cross binary path join completed for /home/firmware/Current_dataset/D-Link/DIR-878/cpio-root/bin/prog.cgi with set keyword 'SysLogRemote_IPAddress'.
2025-06-21 05:41:40,406 [WARNING] No cross binary path found for /home/firmware/Current_dataset/D-Link/DIR-878/cpio-root/bin/prog.cgi with set keyword 'PresentURL'.
2025-06-21 05:41:40,406 [WARNING] /home/firmware/Current_dataset/D-Link/DIR-878/cpio-root/bin/prog.cgi has a non-static string set keyword, skipping path join.
2025-06-21 05:41:40,407 [WARNING] No cross binary path found for /home/firmware/Current_dataset/D-Link/DIR-878/cpio-root/bin/prog.cgi with set keyword 'wan_wan0_ipaddr'.
2025-06-21 05:41:40,407 [WARNING] No cross binary path found for /home/firmware/Current_dataset/D-Link/DIR-878/cpio-root/bin/prog.cgi with set keyword 'wan_wan0_netmask'.
2025-06-21 05:41:40,407 [WARNING] No cross binary path found for /home/firmware/Current_dataset/D-Link/DIR-878/cpio-root/bin/prog.cgi with set keyword 'wan_wan0_gateway'.
2025-06-21 05:41:40,407 [WARNING] No cross binary path found for /home/firmware/Current_dataset/D-Link/DIR-878/cpio-root/bin/prog.cgi with set keyword 'wan_wan0_mtu'.
2025-06-21 05:41:40,407 [WARNING] No cross binary path found for /home/firmware/Current_dataset/D-Link/DIR-878/cpio-root/bin/prog.cgi with set keyword 'wan_wan0_clone_mac'.
2025-06-21 05:41:40,407 [WARNING] No cross binary path found for /home/firmware/Current_dataset/D-Link/DIR-878/cpio-root/bin/prog.cgi with set keyword 'wan_wan0_hostname'.
2025-06-21 05:41:40,407 [WARNING] No cross binary path found for /home/firmware/Current_dataset/D-Link/DIR-878/cpio-root/bin/prog.cgi with set keyword 'wan_wan0_mtu'.
2025-06-21 05:41:40,407 [WARNING] No cross binary path found for /home/firmware/Current_dataset/D-Link/DIR-878/cpio-root/bin/prog.cgi with set keyword 'wan_wan0_clone_mac'.
2025-06-21 05:41:40,407 [WARNING] No cross binary path found for /home/firmware/Current_dataset/D-Link/DIR-878/cpio-root/bin/prog.cgi with set keyword 'dslite_conf'.
2025-06-21 05:41:40,407 [WARNING] No cross binary path found for /home/firmware/Current_dataset/D-Link/DIR-878/cpio-root/bin/prog.cgi with set keyword 'dslite_aftripv6addr'.
2025-06-21 05:41:40,407 [WARNING] No cross binary path found for /home/firmware/Current_dataset/D-Link/DIR-878/cpio-root/bin/prog.cgi with set keyword 'dslite_b4ipv4addr'.
2025-06-21 05:41:40,407 [WARNING] No cross binary path found for /home/firmware/Current_dataset/D-Link/DIR-878/cpio-root/bin/prog.cgi with set keyword 'wan_wan0_clone_mac'.
2025-06-21 05:41:40,407 [WARNING] No cross binary path found for /home/firmware/Current_dataset/D-Link/DIR-878/cpio-root/bin/prog.cgi with set keyword 'wan_wan0_clone_mac'.
2025-06-21 05:41:40,407 [WARNING] No cross binary path found for /home/firmware/Current_dataset/D-Link/DIR-878/cpio-root/bin/prog.cgi with set keyword 'wan_wan0_clone_mac'.
2025-06-21 05:41:40,407 [WARNING] No cross binary path found for /home/firmware/Current_dataset/D-Link/DIR-878/cpio-root/bin/prog.cgi with set keyword 'wan_wan0_ipaddr'.
2025-06-21 05:41:40,408 [WARNING] No cross binary path found for /home/firmware/Current_dataset/D-Link/DIR-878/cpio-root/bin/prog.cgi with set keyword 'wan_wan0_pppoe_mtu'.
2025-06-21 05:41:40,408 [WARNING] No cross binary path found for /home/firmware/Current_dataset/D-Link/DIR-878/cpio-root/bin/prog.cgi with set keyword 'wan_wan0_pppoe_username'.
2025-06-21 05:41:40,408 [WARNING] No cross binary path found for /home/firmware/Current_dataset/D-Link/DIR-878/cpio-root/bin/prog.cgi with set keyword 'wan_wan0_pppoe_service'.
2025-06-21 05:41:40,408 [WARNING] No cross binary path found for /home/firmware/Current_dataset/D-Link/DIR-878/cpio-root/bin/prog.cgi with set keyword 'wan_wan0_pppoe_autoreconn'.
2025-06-21 05:41:40,408 [WARNING] No cross binary path found for /home/firmware/Current_dataset/D-Link/DIR-878/cpio-root/bin/prog.cgi with set keyword 'wan_wan0_pppoe_idletime'.
2025-06-21 05:41:40,408 [WARNING] No cross binary path found for /home/firmware/Current_dataset/D-Link/DIR-878/cpio-root/bin/prog.cgi with set keyword '/SetWanSettings/IPAddress'.
2025-06-21 05:41:40,408 [WARNING] No cross binary path found for /home/firmware/Current_dataset/D-Link/DIR-878/cpio-root/bin/prog.cgi with set keyword 'wan_wan0_vpn_server'.
2025-06-21 05:41:40,408 [WARNING] No cross binary path found for /home/firmware/Current_dataset/D-Link/DIR-878/cpio-root/bin/prog.cgi with set keyword 'wan_wan0_vpn_username'.
2025-06-21 05:41:40,408 [WARNING] No cross binary path found for /home/firmware/Current_dataset/D-Link/DIR-878/cpio-root/bin/prog.cgi with set keyword 'wan_wan0_vpn_autoreconn'.
2025-06-21 05:41:40,408 [WARNING] No cross binary path found for /home/firmware/Current_dataset/D-Link/DIR-878/cpio-root/bin/prog.cgi with set keyword 'wan_wan0_vpn_idletime'.
2025-06-21 05:41:40,408 [WARNING] No cross binary path found for /home/firmware/Current_dataset/D-Link/DIR-878/cpio-root/bin/prog.cgi with set keyword 'wan_wan0_vpn_mtu'.
2025-06-21 05:41:40,408 [WARNING] No cross binary path found for /home/firmware/Current_dataset/D-Link/DIR-878/cpio-root/bin/prog.cgi with set keyword '/SetWanSettings/IPAddress'.
2025-06-21 05:41:40,408 [WARNING] No cross binary path found for /home/firmware/Current_dataset/D-Link/DIR-878/cpio-root/bin/prog.cgi with set keyword '/SetWanSettings/IPAddress'.
2025-06-21 05:41:40,408 [WARNING] No cross binary path found for /home/firmware/Current_dataset/D-Link/DIR-878/cpio-root/bin/prog.cgi with set keyword 'wan_wan0_vpn_server'.
2025-06-21 05:41:40,408 [WARNING] No cross binary path found for /home/firmware/Current_dataset/D-Link/DIR-878/cpio-root/bin/prog.cgi with set keyword 'wan_wan0_vpn_username'.
2025-06-21 05:41:40,409 [WARNING] No cross binary path found for /home/firmware/Current_dataset/D-Link/DIR-878/cpio-root/bin/prog.cgi with set keyword 'wan_wan0_vpn_username'.
2025-06-21 05:41:40,409 [WARNING] No cross binary path found for /home/firmware/Current_dataset/D-Link/DIR-878/cpio-root/bin/prog.cgi with set keyword 'wan_wan0_vpn_autoreconn'.
2025-06-21 05:41:40,409 [WARNING] No cross binary path found for /home/firmware/Current_dataset/D-Link/DIR-878/cpio-root/bin/prog.cgi with set keyword 'wan_wan0_vpn_autoreconn'.
2025-06-21 05:41:40,409 [WARNING] No cross binary path found for /home/firmware/Current_dataset/D-Link/DIR-878/cpio-root/bin/prog.cgi with set keyword 'wan_wan0_vpn_idletime'.
2025-06-21 05:41:40,409 [WARNING] No cross binary path found for /home/firmware/Current_dataset/D-Link/DIR-878/cpio-root/bin/prog.cgi with set keyword 'wan_wan0_vpn_idletime'.
2025-06-21 05:41:40,409 [WARNING] No cross binary path found for /home/firmware/Current_dataset/D-Link/DIR-878/cpio-root/bin/prog.cgi with set keyword 'wan_wan0_vpn_mtu'.
2025-06-21 05:41:40,409 [WARNING] No cross binary path found for /home/firmware/Current_dataset/D-Link/DIR-878/cpio-root/bin/prog.cgi with set keyword 'QosManagementType'.
2025-06-21 05:41:40,409 [INFO] Cross binary path join completed for /home/firmware/Current_dataset/D-Link/DIR-878/cpio-root/bin/prog.cgi with set keyword 'lan0_ipaddr'.
2025-06-21 05:41:40,409 [INFO] Cross binary path join completed for /home/firmware/Current_dataset/D-Link/DIR-878/cpio-root/bin/prog.cgi with set keyword 'lan0_netmask'.
2025-06-21 05:41:40,409 [WARNING] No cross binary path found for /home/firmware/Current_dataset/D-Link/DIR-878/cpio-root/bin/prog.cgi with set keyword 'lan0_management_link'.
2025-06-21 05:41:40,409 [WARNING] No cross binary path found for /home/firmware/Current_dataset/D-Link/DIR-878/cpio-root/bin/prog.cgi with set keyword 'lan0_domain'.
2025-06-21 05:41:40,409 [WARNING] No cross binary path found for /home/firmware/Current_dataset/D-Link/DIR-878/cpio-root/bin/prog.cgi with set keyword 'lan0_dhcps_lease'.
2025-06-21 05:41:40,409 [INFO] Cross binary path join completed for /home/firmware/Current_dataset/D-Link/DIR-878/cpio-root/bin/prog.cgi with set keyword 'lan0_dhcps_start'.
2025-06-21 05:41:40,410 [INFO] Cross binary path join completed for /home/firmware/Current_dataset/D-Link/DIR-878/cpio-root/bin/prog.cgi with set keyword 'lan0_dhcps_start'.
2025-06-21 05:41:40,410 [INFO] Cross binary path join completed for /home/firmware/Current_dataset/D-Link/DIR-878/cpio-root/bin/prog.cgi with set keyword 'lan0_dhcps_end'.
2025-06-21 05:41:40,410 [INFO] Cross binary path join completed for /home/firmware/Current_dataset/D-Link/DIR-878/cpio-root/bin/prog.cgi with set keyword 'lan0_dhcps_end'.
2025-06-21 05:41:40,410 [WARNING] No cross binary path found for /home/firmware/Current_dataset/D-Link/DIR-878/cpio-root/bin/prog.cgi with set keyword 'ipv6_6in4_v4end'.
2025-06-21 05:41:40,410 [WARNING] No cross binary path found for /home/firmware/Current_dataset/D-Link/DIR-878/cpio-root/bin/prog.cgi with set keyword 'ipv6_gateway'.
2025-06-21 05:41:40,410 [WARNING] No cross binary path found for /home/firmware/Current_dataset/D-Link/DIR-878/cpio-root/bin/prog.cgi with set keyword 'ipv6_ipaddr'.
2025-06-21 05:41:40,410 [WARNING] No cross binary path found for /home/firmware/Current_dataset/D-Link/DIR-878/cpio-root/bin/prog.cgi with set keyword 'ipv6_prefix_length'.
2025-06-21 05:41:40,410 [WARNING] No cross binary path found for /home/firmware/Current_dataset/D-Link/DIR-878/cpio-root/bin/prog.cgi with set keyword 'ipv6_dns'.
2025-06-21 05:41:40,410 [WARNING] No cross binary path found for /home/firmware/Current_dataset/D-Link/DIR-878/cpio-root/bin/prog.cgi with set keyword 'ipv6_dns'.
2025-06-21 05:41:40,410 [WARNING] No cross binary path found for /home/firmware/Current_dataset/D-Link/DIR-878/cpio-root/bin/prog.cgi with set keyword 'lan0_ipv6_ipaddr'.
2025-06-21 05:41:40,410 [WARNING] No cross binary path found for /home/firmware/Current_dataset/D-Link/DIR-878/cpio-root/bin/prog.cgi with set keyword 'lan0_ipv6_autoconf_type'.
2025-06-21 05:41:40,410 [WARNING] No cross binary path found for /home/firmware/Current_dataset/D-Link/DIR-878/cpio-root/bin/prog.cgi with set keyword 'lan0_ipv6_route_lifetime'.
2025-06-21 05:41:40,410 [WARNING] No cross binary path found for /home/firmware/Current_dataset/D-Link/DIR-878/cpio-root/bin/prog.cgi with set keyword 'lan0_ipv6_dhcp_start'.
2025-06-21 05:41:40,410 [WARNING] No cross binary path found for /home/firmware/Current_dataset/D-Link/DIR-878/cpio-root/bin/prog.cgi with set keyword 'lan0_ipv6_dhcp_end'.
2025-06-21 05:41:40,410 [WARNING] No cross binary path found for /home/firmware/Current_dataset/D-Link/DIR-878/cpio-root/bin/prog.cgi with set keyword 'ipv6_6rd_prefix'.
2025-06-21 05:41:40,411 [WARNING] No cross binary path found for /home/firmware/Current_dataset/D-Link/DIR-878/cpio-root/bin/prog.cgi with set keyword 'ipv6_6rd_prefixlen'.
2025-06-21 05:41:40,411 [WARNING] No cross binary path found for /home/firmware/Current_dataset/D-Link/DIR-878/cpio-root/bin/prog.cgi with set keyword 'ipv6_6rd_ip4masklen'.
2025-06-21 05:41:40,411 [WARNING] No cross binary path found for /home/firmware/Current_dataset/D-Link/DIR-878/cpio-root/bin/prog.cgi with set keyword 'ipv6_6rd_router'.
2025-06-21 05:41:40,411 [WARNING] No cross binary path found for /home/firmware/Current_dataset/D-Link/DIR-878/cpio-root/bin/prog.cgi with set keyword 'ipv6_dns'.
2025-06-21 05:41:40,411 [WARNING] No cross binary path found for /home/firmware/Current_dataset/D-Link/DIR-878/cpio-root/bin/prog.cgi with set keyword 'ipv6_dns'.
2025-06-21 05:41:40,411 [WARNING] No cross binary path found for /home/firmware/Current_dataset/D-Link/DIR-878/cpio-root/bin/prog.cgi with set keyword 'lan0_ipv6_autoconf_type'.
2025-06-21 05:41:40,411 [WARNING] No cross binary path found for /home/firmware/Current_dataset/D-Link/DIR-878/cpio-root/bin/prog.cgi with set keyword 'lan0_ipv6_route_lifetime'.
2025-06-21 05:41:40,411 [WARNING] No cross binary path found for /home/firmware/Current_dataset/D-Link/DIR-878/cpio-root/bin/prog.cgi with set keyword 'lan0_ipv6_dhcp_start'.
2025-06-21 05:41:40,411 [WARNING] No cross binary path found for /home/firmware/Current_dataset/D-Link/DIR-878/cpio-root/bin/prog.cgi with set keyword 'lan0_ipv6_dhcp_end'.
2025-06-21 05:41:40,411 [INFO] Cross binary path join completed for /home/firmware/Current_dataset/D-Link/DIR-878/cpio-root/bin/prog.cgi with set keyword 'SysLogMail_From'.
2025-06-21 05:41:40,411 [INFO] Cross binary path join completed for /home/firmware/Current_dataset/D-Link/DIR-878/cpio-root/bin/prog.cgi with set keyword 'SysLogMail_To'.
2025-06-21 05:41:40,411 [INFO] Cross binary path join completed for /home/firmware/Current_dataset/D-Link/DIR-878/cpio-root/bin/prog.cgi with set keyword 'SysLogMail_SMTPServerAddress'.
2025-06-21 05:41:40,411 [INFO] Cross binary path join completed for /home/firmware/Current_dataset/D-Link/DIR-878/cpio-root/bin/prog.cgi with set keyword 'SysLogMail_SMTPServerPort'.
2025-06-21 05:41:40,411 [INFO] Cross binary path join completed for /home/firmware/Current_dataset/D-Link/DIR-878/cpio-root/bin/prog.cgi with set keyword 'SysLogMail_Auth_Name'.
2025-06-21 05:41:40,412 [WARNING] No cross binary path found for /home/firmware/Current_dataset/D-Link/DIR-878/cpio-root/bin/prog.cgi with set keyword 'SysLogMail_Schedule_Name'.
2025-06-21 05:41:40,412 [WARNING] No cross binary path found for /home/firmware/Current_dataset/D-Link/DIR-878/cpio-root/bin/prog.cgi with set keyword 'remotemange_port'.
2025-06-21 05:41:40,412 [WARNING] No cross binary path found for /home/firmware/Current_dataset/D-Link/DIR-878/cpio-root/bin/prog.cgi with set keyword 'remotemange_https_port'.
2025-06-21 05:41:40,412 [INFO] Cross binary path join completed for /home/firmware/Current_dataset/D-Link/DIR-878/cpio-root/bin/prog.cgi with set keyword 'DDNSProvider'.
2025-06-21 05:41:40,412 [INFO] Cross binary path join completed for /home/firmware/Current_dataset/D-Link/DIR-878/cpio-root/bin/prog.cgi with set keyword 'DDNS'.
2025-06-21 05:41:40,412 [INFO] Cross binary path join completed for /home/firmware/Current_dataset/D-Link/DIR-878/cpio-root/bin/prog.cgi with set keyword 'DDNSAccount'.
2025-06-21 05:41:40,412 [INFO] Cross binary path join completed for /home/firmware/Current_dataset/D-Link/DIR-878/cpio-root/bin/prog.cgi with set keyword 'DDNSTimeout'.
2025-06-21 05:41:40,412 [WARNING] No cross binary path found for /home/firmware/Current_dataset/D-Link/DIR-878/cpio-root/bin/prog.cgi with set keyword 'lan_unit'.
2025-06-21 05:41:40,412 [WARNING] No cross binary path found for /home/firmware/Current_dataset/D-Link/DIR-878/cpio-root/bin/prog.cgi with set keyword 'lan_unit'.
2025-06-21 05:41:40,412 [WARNING] No cross binary path found for /home/firmware/Current_dataset/D-Link/DIR-878/cpio-root/bin/prog.cgi with set keyword 'lan_unit'.
2025-06-21 05:41:40,412 [WARNING] No cross binary path found for /home/firmware/Current_dataset/D-Link/DIR-878/cpio-root/bin/prog.cgi with set keyword 'DLNA_DeviceName'.
2025-06-21 05:41:40,412 [WARNING] No cross binary path found for /home/firmware/Current_dataset/D-Link/DIR-878/cpio-root/bin/prog.cgi with set keyword 'PresentURL'.
2025-06-21 05:41:40,412 [WARNING] No cross binary path found for /home/firmware/Current_dataset/D-Link/DIR-878/cpio-root/bin/prog.cgi with set keyword 'ipv6_dns'.
2025-06-21 05:41:40,412 [WARNING] No cross binary path found for /home/firmware/Current_dataset/D-Link/DIR-878/cpio-root/bin/prog.cgi with set keyword 'ipv6_dns'.
2025-06-21 05:41:40,413 [WARNING] No cross binary path found for /home/firmware/Current_dataset/D-Link/DIR-878/cpio-root/bin/prog.cgi with set keyword 'lan0_ipv6_ipaddr'.
2025-06-21 05:41:40,413 [WARNING] No cross binary path found for /home/firmware/Current_dataset/D-Link/DIR-878/cpio-root/bin/prog.cgi with set keyword 'lan0_ipv6_autoconf_type'.
2025-06-21 05:41:40,413 [WARNING] No cross binary path found for /home/firmware/Current_dataset/D-Link/DIR-878/cpio-root/bin/prog.cgi with set keyword 'lan0_ipv6_route_lifetime'.
2025-06-21 05:41:40,413 [WARNING] No cross binary path found for /home/firmware/Current_dataset/D-Link/DIR-878/cpio-root/bin/prog.cgi with set keyword 'lan0_ipv6_dhcp_start'.
2025-06-21 05:41:40,413 [WARNING] No cross binary path found for /home/firmware/Current_dataset/D-Link/DIR-878/cpio-root/bin/prog.cgi with set keyword 'lan0_ipv6_dhcp_end'.
2025-06-21 05:41:40,413 [INFO] Cross binary path join completed for /home/firmware/Current_dataset/D-Link/DIR-878/cpio-root/bin/prog.cgi with set keyword 'dmz_ipaddr'.
2025-06-21 05:41:40,413 [INFO] Cross binary path join completed for /home/firmware/Current_dataset/D-Link/DIR-878/cpio-root/bin/prog.cgi with set keyword 'ntp_localtime'.
2025-06-21 05:41:40,413 [WARNING] No cross binary path found for /home/firmware/Current_dataset/D-Link/DIR-878/cpio-root/bin/prog.cgi with set keyword 'ntp_server'.
2025-06-21 05:41:40,413 [WARNING] No cross binary path found for /home/firmware/Current_dataset/D-Link/DIR-878/cpio-root/bin/prog.cgi with set keyword 'ntp_timezone_num'.
2025-06-21 05:41:40,413 [INFO] Cross binary path join completed for /home/firmware/Current_dataset/D-Link/DIR-878/cpio-root/bin/prog.cgi with set keyword 'ntp_timezone'.
2025-06-21 05:41:40,413 [INFO] Cross binary path join completed for /home/firmware/Current_dataset/D-Link/DIR-878/cpio-root/bin/prog.cgi with set keyword 'lan1_ipaddr'.
2025-06-21 05:41:40,413 [WARNING] No cross binary path found for /home/firmware/Current_dataset/D-Link/DIR-878/cpio-root/bin/prog.cgi with set keyword 'lan1_netmask'.
2025-06-21 05:41:40,414 [WARNING] No cross binary path found for /home/firmware/Current_dataset/D-Link/DIR-878/cpio-root/bin/prog.cgi with set keyword 'lan1_dhcps_lease'.
2025-06-21 05:41:40,414 [INFO] Cross binary path join completed for /home/firmware/Current_dataset/D-Link/DIR-878/cpio-root/bin/prog.cgi with set keyword 'lan1_dhcps_start'.
2025-06-21 05:41:40,414 [INFO] Cross binary path join completed for /home/firmware/Current_dataset/D-Link/DIR-878/cpio-root/bin/prog.cgi with set keyword 'lan1_dhcps_start'.
2025-06-21 05:41:40,414 [INFO] Cross binary path join completed for /home/firmware/Current_dataset/D-Link/DIR-878/cpio-root/bin/prog.cgi with set keyword 'lan1_dhcps_end'.
2025-06-21 05:41:40,414 [INFO] Cross binary path join completed for /home/firmware/Current_dataset/D-Link/DIR-878/cpio-root/bin/prog.cgi with set keyword 'lan1_dhcps_end'.
2025-06-21 05:41:40,414 [WARNING] No cross binary path found for /home/firmware/Current_dataset/D-Link/DIR-878/cpio-root/bin/prog.cgi with set keyword 'ipv6_dns'.
2025-06-21 05:41:40,414 [WARNING] No cross binary path found for /home/firmware/Current_dataset/D-Link/DIR-878/cpio-root/bin/prog.cgi with set keyword 'ipv6_dns'.
2025-06-21 05:41:40,414 [WARNING] No cross binary path found for /home/firmware/Current_dataset/D-Link/DIR-878/cpio-root/bin/prog.cgi with set keyword 'lan0_ipv6_ipaddr'.
2025-06-21 05:41:40,414 [WARNING] No cross binary path found for /home/firmware/Current_dataset/D-Link/DIR-878/cpio-root/bin/prog.cgi with set keyword 'lan0_ipv6_autoconf_type'.
2025-06-21 05:41:40,414 [WARNING] No cross binary path found for /home/firmware/Current_dataset/D-Link/DIR-878/cpio-root/bin/prog.cgi with set keyword 'lan0_ipv6_route_lifetime'.
2025-06-21 05:41:40,414 [WARNING] No cross binary path found for /home/firmware/Current_dataset/D-Link/DIR-878/cpio-root/bin/prog.cgi with set keyword 'lan0_ipv6_dhcp_start'.
2025-06-21 05:41:40,414 [WARNING] No cross binary path found for /home/firmware/Current_dataset/D-Link/DIR-878/cpio-root/bin/prog.cgi with set keyword 'lan0_ipv6_dhcp_end'.
2025-06-21 05:41:40,414 [WARNING] No cross binary path found for /home/firmware/Current_dataset/D-Link/DIR-878/cpio-root/bin/prog.cgi with set keyword 'ipv6_pppoe_type'.
2025-06-21 05:41:40,414 [WARNING] No cross binary path found for /home/firmware/Current_dataset/D-Link/DIR-878/cpio-root/bin/prog.cgi with set keyword 'ipv6_pppoe_type'.
2025-06-21 05:41:40,414 [WARNING] No cross binary path found for /home/firmware/Current_dataset/D-Link/DIR-878/cpio-root/bin/prog.cgi with set keyword 'ipv6_pppoe_staticip'.
2025-06-21 05:41:40,415 [WARNING] No cross binary path found for /home/firmware/Current_dataset/D-Link/DIR-878/cpio-root/bin/prog.cgi with set keyword 'ipv6_pppoe_staticip'.
2025-06-21 05:41:40,415 [WARNING] No cross binary path found for /home/firmware/Current_dataset/D-Link/DIR-878/cpio-root/bin/prog.cgi with set keyword 'pppoe_username'.
2025-06-21 05:41:40,415 [WARNING] No cross binary path found for /home/firmware/Current_dataset/D-Link/DIR-878/cpio-root/bin/prog.cgi with set keyword 'pppoe_idletime'.
2025-06-21 05:41:40,415 [WARNING] No cross binary path found for /home/firmware/Current_dataset/D-Link/DIR-878/cpio-root/bin/prog.cgi with set keyword 'ipv6_dns'.
2025-06-21 05:41:40,415 [WARNING] No cross binary path found for /home/firmware/Current_dataset/D-Link/DIR-878/cpio-root/bin/prog.cgi with set keyword 'ipv6_dns'.
2025-06-21 05:41:40,415 [WARNING] No cross binary path found for /home/firmware/Current_dataset/D-Link/DIR-878/cpio-root/bin/prog.cgi with set keyword 'pppoe_mtu'.
2025-06-21 05:41:40,415 [WARNING] No cross binary path found for /home/firmware/Current_dataset/D-Link/DIR-878/cpio-root/bin/prog.cgi with set keyword 'pppoe_mru'.
2025-06-21 05:41:40,415 [WARNING] No cross binary path found for /home/firmware/Current_dataset/D-Link/DIR-878/cpio-root/bin/prog.cgi with set keyword 'pppoe_service'.
2025-06-21 05:41:40,415 [WARNING] No cross binary path found for /home/firmware/Current_dataset/D-Link/DIR-878/cpio-root/bin/prog.cgi with set keyword 'lan0_ipv6_ipaddr'.
2025-06-21 05:41:40,415 [WARNING] No cross binary path found for /home/firmware/Current_dataset/D-Link/DIR-878/cpio-root/bin/prog.cgi with set keyword 'lan0_ipv6_autoconf_type'.
2025-06-21 05:41:40,415 [WARNING] No cross binary path found for /home/firmware/Current_dataset/D-Link/DIR-878/cpio-root/bin/prog.cgi with set keyword 'ipv6_dns'.
2025-06-21 05:41:40,415 [WARNING] No cross binary path found for /home/firmware/Current_dataset/D-Link/DIR-878/cpio-root/bin/prog.cgi with set keyword 'ipv6_dns'.
2025-06-21 05:41:40,415 [WARNING] No cross binary path found for /home/firmware/Current_dataset/D-Link/DIR-878/cpio-root/bin/prog.cgi with set keyword 'lan0_ipv6_route_lifetime'.
2025-06-21 05:41:40,415 [WARNING] No cross binary path found for /home/firmware/Current_dataset/D-Link/DIR-878/cpio-root/bin/prog.cgi with set keyword 'lan0_ipv6_dhcp_start'.
2025-06-21 05:41:40,415 [WARNING] No cross binary path found for /home/firmware/Current_dataset/D-Link/DIR-878/cpio-root/bin/prog.cgi with set keyword 'lan0_ipv6_dhcp_end'.
2025-06-21 05:41:40,416 [WARNING] No cross binary path found for /home/firmware/Current_dataset/D-Link/DIR-878/cpio-root/bin/prog.cgi with set keyword 'lan0_ipv6_ipaddr'.
2025-06-21 05:41:40,416 [WARNING] No cross binary path found for /home/firmware/Current_dataset/D-Link/DIR-878/cpio-root/bin/prog.cgi with set keyword 'lan0_ipv6_autoconf_type'.
2025-06-21 05:41:40,416 [WARNING] No cross binary path found for /home/firmware/Current_dataset/D-Link/DIR-878/cpio-root/bin/prog.cgi with set keyword 'lan0_ipv6_route_lifetime'.
2025-06-21 05:41:40,416 [WARNING] No cross binary path found for /home/firmware/Current_dataset/D-Link/DIR-878/cpio-root/bin/prog.cgi with set keyword 'lan0_ipv6_dhcp_start'.
2025-06-21 05:41:40,416 [WARNING] No cross binary path found for /home/firmware/Current_dataset/D-Link/DIR-878/cpio-root/bin/prog.cgi with set keyword 'lan0_ipv6_dhcp_end'.
2025-06-21 05:41:40,416 [INFO] Cross binary path join completed for /home/firmware/Current_dataset/D-Link/DIR-878/cpio-root/bin/prog.cgi with set keyword 'SysLogRemote_IPAddress'.
2025-06-21 05:41:40,416 [INFO] Cross binary path join completed for /home/firmware/Current_dataset/D-Link/DIR-878/cpio-root/bin/prog.cgi with set keyword 'dmz_ipaddr'.
2025-06-21 05:41:40,416 [WARNING] /home/firmware/Current_dataset/D-Link/DIR-878/cpio-root/bin/prog.cgi has a non-static string set keyword, skipping path join.
2025-06-21 05:41:40,416 [WARNING] No cross binary path found for /home/firmware/Current_dataset/D-Link/DIR-878/cpio-root/bin/prog.cgi with set keyword 'wan_wan0_dns'.
2025-06-21 05:41:40,416 [WARNING] No cross binary path found for /home/firmware/Current_dataset/D-Link/DIR-878/cpio-root/bin/prog.cgi with set keyword 'wan_wan0_dns'.
2025-06-21 05:41:40,421 [INFO] [MERGE] Cross-binary data flow merge finished in 0.05 seconds

2025-06-21 05:41:40,437 [INFO] [COLLECT] Path aggregation and dedupe finished in 0.02 seconds

2025-06-21 05:41:40,468 [INFO] [SAVE] Results written to files in 0.03 seconds
2025-06-21 05:41:40,468 [INFO] [MERGE] length of get2sink_path: 671
2025-06-21 05:41:40,468 [INFO] [MERGE] length of potential_path: 210
2025-06-21 05:41:40,468 [INFO] SGTaint parallel pipeline completed in 3134.31 seconds.
2025-06-21 05:41:40,504 [INFO] Final merged results saved to /home/SGTaint/output/log/DIR-878_potential_path_final.json
2025-06-21 05:41:40,504 [INFO] Created output dir: /home/output/DIR-878
2025-06-21 05:41:40,508 [DEBUG] Copied /home/SGTaint/output/log to /home/output/DIR-878/log
2025-06-21 05:41:40,511 [DEBUG] Copied /home/SGTaint/output/vulnerable to /home/output/DIR-878/vulnerable
